url,titol,descripcio,preu_eur,ubicacio,superficie_construida_m2,superficie_util_m2,habitacions,banys,planta,antiguitat_anys,referencia,moblat,armaris_empotrats,calefaccio,cuina_equipada,ascensor,terrassa,data_extraccio
https://www.pisos.com/alquilar/duplex-sarria_sant_gervasi_sarria-62541741020_100500/,"Dúplex en alquiler en Carretera de Sarrià a Vallvidrera, cerca de Camí del Carlet en Sarrià por 2.000 €/mes","Se alquila este bonito duplex con dos grandes terrazas, como una casa, en plena naturaleza. Con vistas al parque de collserola. Se accede desde la carratera de vallvidrera, un camino de unos pocos metros y se llega a un gran espacio frente al piso y desde el que se accede directamente. En ese...",2000,sarria sant gervasi sarria 0 0/,183 m²,140 m²,4,2,Bajo,Más de 50 años,SPA1240/8414,,,,,,,2026-05-26
https://www.pisos.com/alquilar/atico-sant_gervasi_galvany08006-54210506325_100500/,"Ático en alquiler en Carrer de Balmes, 357, cerca de Carrer d' Atenes en Sant Gervasi-Galvany por 3.100 €/mes","Alquiler temporada (uso exclusivo vacaciones/ocio) **ático en alquiler en la calle balmes, barcelona** ¡descubre este espectacular ático en alquiler en una de las mejores zonas de barcelona! con 110 m² de espacio, este apartamento ha sido recientemente reformado y cuenta con un diseño nórdico fu...",3100,sant gervasi galvany 5 0/,110 m²,108 m²,2,1,5ª,Más de 50 años,balmes atico,,1,Central,,,,2026-05-26
https://www.pisos.com/alquilar/piso-sant_gervasi_galvany08006-54260804640_100500/,"Piso en alquiler en Carrer de Balmes, 357, cerca de Carrer d' Atenes en Sant Gervasi-Galvany por 2.600 €/mes","**piso de alto standing en alquiler en la zona alta de barcelona** disponible 1 de julio descubre este espectacular piso de alto standing, ubicado en una finca regia que combina elegancia y modernidad. Con 110 m² de superficie, este amplio y luminoso apartamento ha sido recientemente reformado,...",2600,sant gervasi galvany 0 0/,110 m²,108 m²,2,1,4ª,Más de 50 años,balmes 366 4º1º,,1,Central,,,,2026-05-26
https://www.pisos.com/alquilar/piso-el_barri_gotic08002-62531865769_101800/,Piso en alquiler en Carrer de la Palla en El Barri Gòtic por 1.790 €/mes,"Te gustará saber: · piso en alquiler en el gòtic, barcelona, con 3 habitaciones y balcón, sin amueblar. · situado en la 3ª planta de un edificio con ascensor. Tiene orientación este. · salón comedor con vistas a la calle y acceso a balcones. · cocina americana totalmente equipada con placa de vit...",1790,el barri gotic 9 0/,119 m²,No indicada,3,2,3ª,Más de 50 años,JA0020-6154,,1,Central,Cocina equipada,,,2026-05-26
https://www.pisos.com/alquilar/estudio-el_guinardo-59200447172_515865/,"Estudio en alquiler en Carrer d'Olesa, cerca de Passatge d' Artemis en El Guinardó por 1.050 €/mes","Ref. Rs7003 alquiler de loft temporal justificado; traslado laboral, master, visita vacacional, tratamientos médicos. Disponible 15 de diciembre en alquiler este bonito loft situado en la tercera planta, con una superficie total de 40m² construidos, 32m² distribuidos en una habitación d...",1050,estudio el guinardo 2 5/,40 m²,32 m²,1,1,3ª,,RG6760,,,,Americana,,,2026-05-26
https://www.pisos.com/alquilar/piso-les_tres_torres08017-63382297214_100500/,Piso en alquiler en Carrer del Hort de la Vila en Les Tres Torres por 4.600 €/mes,"Piso en sarriá de alto standing de 200m2, exterior a tres vientos con mucha luz natural, recién reformado con muebles a estrenar ideal para altos directivos que busquen tranquilidad y buena ubicación. Con un gran recibidor de entrada, un amplio salón-comedor con salida a una agradable terraza con...",4600,les tres torres 4 0/,200 m²,195 m²,5,3,2ª,Más de 50 años,hortdelavila22,,1,,,,,2026-05-26
https://www.pisos.com/alquilar/duplex-sarria_sant_gervasi_sarria-62541741020_100500/,"Dúplex en alquiler en Carretera de Sarrià a Vallvidrera, cerca de Camí del Carlet en Sarrià por 2.000 €/mes","Se alquila este bonito duplex con dos grandes terrazas, como una casa, en plena naturaleza. Con vistas al parque de collserola. Se accede desde la carratera de vallvidrera, un camino de unos pocos metros y se llega a un gran espacio frente al piso y desde el que se accede directamente. En ese...",2000,sarria sant gervasi sarria 0 0/,183 m²,140 m²,4,2,Bajo,Más de 50 años,SPA1240/8414,,,,,,,2026-05-26
https://www.pisos.com/alquilar/atico-sant_pere_santa_caterina_la_ribera08010-64240018051_108900/,Ático en alquiler en Sant Pere-Santa Caterina-La Ribera en Sant Pere-Santa Caterina-La Ribera por 7.500 €/mes,Sofisticación industrial en el corazón de barcelona residir en el passatge sert es habitar un secreto a voces entre la élite de barcelona. Este penthouse estilo loft ny de 300 m² no es solo una vivienda; es un manifiesto de diseño en una antigua fábrica textil de 1867. Representa el equilibrio p...,7500,sant pere santa caterina la ribera 1 0/,308 m²,No indicada,2,2,4ª,,1138,,,,,,1t,2026-05-26
https://www.pisos.com/alquilar/piso-el_barri_gotic-62544148312_101800/,Piso en alquiler en Calle N-A en El Barri Gòtic por 12.800 €/mes,Esta propiedad se encuentra situada en icónico edificio de arquitectura modernista casa bures. Este apartamento es una pieza viva de la historia combinado con una decoración y estilo cuidadosamente elegido pieza a pieza que lo convierten en un hogar exquisito. Con su diseño y acabados contempor...,12800,el barri gotic 2 0/,145 m²,No indicada,3,2,,Más de 50 años,BCNR3063,,1,Central,Cocina equipada,,,2026-05-26
https://www.pisos.com/alquilar/piso-el_putxet_el_farro08023-64261157891_101800/,Piso en alquiler en Carrer de Roca i Batlle en El Putxet-El Farró por 2.450 €/mes,"Piso en finca muy cuidada, zona putxet, con ascensor, cuenta con cuatro habitaciones más una pequeña, un baño reformado con plato de ducha, un aseo, gran salón comedor con salida a balcón amplio y cocina independiente. Parte de las ventanas de doble acristalamiento, calefacción de gas natural, ai...",2450,el putxet el farro 1 0/,156 m²,No indicada,4,2,,Entre 10 y 20 años,3d8bb4c3-ca31-4361-abe2-6540e2bbf8e7,,,Central,,,,2026-05-26
https://www.pisos.com/alquilar/piso-la_marina_del_prat_vermell_zona_franca_port08038-62534322675_108900/,Piso en alquiler en Sarria-Sant Gervasi en La Marina del Prat Vermell-Zona Franca-Port por 1.695 €/mes,"Magnifica vivienda de 66 m2 construidos a estrenar. El inmueble se encuentra situada en la parte alta del barrio de sarria, rodeado por el parque de collserola, dando toda la tranquilidad de la naturaleza. El inmueble consta de una habitación doble con vestidor, amplio salón comedor, cocina amue...",1695,la marina del prat vermell zona franca port 5 0/,60 m²,No indicada,1,1,1ª,,0802-005376,,,,,,,2026-05-26
https://www.pisos.com/alquilar/atico-sant_marti_el_poblenou-64177880979_108900/,Ático en alquiler en El Poblenou en El Poblenou por 7.500 €/mes,"Grandiora presenta esta exclusiva propiedad: un ático dúplex de 200 m² en primera línea de mar, situado en el prestigioso complejo illa del mar, una de las direcciones más cotizadas de barcelona. La vivienda, completamente exterior, disfruta de abundante luz natural y ofrece impresionantes vistas...",7500,sant marti el poblenou 9 0/,200 m²,170 m²,4,3,Bajo,,1171,,,,,,1t+1b,2026-05-26
https://www.pisos.com/alquilar/piso-sarria_sant_gervasi_sarria08034-63432031785_106400/,Piso en alquiler en Calle de Josep Vicenc Foix No Number en Sarrià por 11.600 €/mes,"ático de lujo recientemente renovado con terraza de 170 m², piscina privada y vistas panorámicas al mar y la ciudad - amueblado o sin amueblar, a 10 min de turó park y escuelas internacionales disponible amueblado o sin amueblar. Ático recientemente renovado, ubicado en una zona residencial exclu...",11600,sarria sant gervasi sarria 5 0/,178 m²,178 m²,3,2,6ª,,105588214-105588214,,,,,,,2026-05-26
https://www.pisos.com/alquilar/atico-el_poble_sec08004-64216251904_103800/,Ático en alquiler en Carrer de Magalhäes en El Poble-sec por 1.975 €/mes,"2 hab dobles y 2 baños + terraza privada piso vacacional alquiler vacacional de más de 32 días, únicamente por motivos de ocio, vacacional, recreativo o cultural o temporal. Imprescindible presentar un documento acreditativo del motivo para poder alquilar. Ubicado en el barrio de poble sec, en...",1975,el poble sec 4 0/,59 m²,54 m²,2,2,3ª,Más de 50 años,AG1263,,2,Eléctrica,,,,2026-05-26
https://www.pisos.com/alquilar/piso-sarria_sant_gervasi_sarria08034-44195324838_108900/,Piso en alquiler en Carrer de Ràfols en Sarrià por 4.950 €/mes,"Magnífico piso a estrenar en sarriá, perteneciente a uno de los proyectos urbanísticos más relevantes de la zona en los últimos tiempos. Pertenece a un gran conjunto residencial con zona comunitaria con piscina, jardín y gimnasio privado. La vivienda tiene una superficie de 123m2 construidos y ...",4950,sarria sant gervasi sarria 8 0/,124 m²,106 m²,3,2,1ª,,A-SARRIA-07,,,,,,,2026-05-26
https://www.pisos.com/alquilar/piso-sant_gervasi_galvany-64246715274_103800/,Piso en alquiler en Carrer d'Atenes en Sant Gervasi-Galvany por 1.538 €/mes,"Piso ideal parejas amueblado en alquiler. Esta vivienda consta de un agradable salón comedor con salida a una galería/terraza cerrada muy soleada y con luz natural. La cocina está equipada con horno, extractor de humos, horno, nevera y en la zona de aguas se encuentra la lavadora. Tiene una habi...",1538,sant gervasi galvany 4 0/,73 m²,No indicada,3,1,3ª,Más de 50 años,60-AM,,,,,,,2026-05-26
https://www.pisos.com/alquilar/piso-la_font_en_fargues-64201285011_106400/,Piso en alquiler en Carrer Alt de Pedrell en La Font d'en Fargues por 3.900 €/mes,"Alt de pedrell, 84 en barcelona. Posibilidad de alquiler con opción de compra ( solicitar condiciones) inmueble loft/local de 200m2 + 120m2 de terraza con vistas a la ciudad de barcelona. En el anuncio se muestran renders para visualizar como puede quedar. Se muestra plano y dibujo con la forma ...",3900,la font en fargues 1 0/,320 m²,320 m²,2,2,Bajo,Entre 30 y 50 años,111017462-ALQUILER ALT PEDRELL,,,,,,,2026-05-26
https://www.pisos.com/alquilar/duplex-el_coll-24232587392_100500/,"Dúplex en alquiler en Carrer del Beat Almató, cerca de Carrer de Móra d'Ebre en El Coll por 1.492 €/mes",Fantástico piso dúplex de reciente construcción. Se encuentra en una finca moderna con ascensor. Cuenta con 100m² construidos y se distribuye de la siguiente forma. Planta baja: recibidor que comunica con la cocina abierta tipo americana y al amplio salón comedor. En este encontramos las...,1492,el coll 2 0/,100 m²,82 m²,3,2,Bajo,,380120220433,,1,,Cocina americana,,,2026-05-26
https://www.pisos.com/alquilar/loft-sant_pere_santa_caterina_la_ribera08003-62592048501_100500/,Loft en alquiler en Passatge de Sert en Sant Pere-Santa Caterina-La Ribera por 7.500 €/mes,"dcano real estate agency presenta este singular ático / loft de inspiración neoyorquina, disponible en alquiler temporal o de larga estancia, completamente amueblado y listo para entrar a vivir. Pensado para los amantes de los espacios abiertos, los techos altos y las propiedades con carácte...",7500,sant pere santa caterina la ribera 1 0/,300 m²,270 m²,2,2,4ª,,DC272/9085,,1,,,,,2026-05-26
https://www.pisos.com/alquilar/piso-sant_gervasi_galvany-63422408901_106400/,"Piso en alquiler en Carrer de Marià Cubí, cerca de Carrer de Santaló en Sant Gervasi-Galvany por 2.000 €/mes","Alquiler de temporada — estancia mínima de 32 días y máxima de 11 meses disponibilidad del 22/06/2026 al 30/09/2026. Destinado a fines de ocio, vacaciones, uso recreativo o cultural. ¡bienvenido a este apartamento con una gran terraza privada en sant gervasi! situado en un edificio moderno con as...",2000,sant gervasi galvany 1 0/,85 m²,85 m²,2,1,2ª,Entre 10 y 20 años,108283645-Jul28 - MC..2.1-LD..,,,,,,,2026-05-26
https://www.pisos.com/alquilar/piso-sant_andreu_la_sagrera08027-38406391636_501025/,Piso en alquiler en Carrer del Camp del Ferro en La Sagrera por 1.634 €/mes,Vivienda en alquiler en la sagrera. Informacion importante: para visitar esta vivienda envie su documentacion a traves de nuestra web: fincas-sanandres-documentacion clicando en el menu en la pestaña de envio de documentacion. Piso de 125 metros construidos 108 metros utiles con 3 habitacio...,1634,sant andreu la sagrera 6 5/,108 m²,83 m²,3,2,7ª,,1280,,,Gas natural,Independiente,,,2026-05-26
https://www.pisos.com/alquilar/piso-eixample_sant_antoni-63389817804_106400/,Piso en alquiler en Plaça de la Universitat en Sant Antoni por 2.900 €/mes,Contactar por whatsap al + 3 4 6 2 5 5 3 0 1 1 0 contacte con nosotros para ver más inmuebles similares que no están publicados pero tenemos en cartera por whatsap al + 3 4 6 2 5 5 3 0 1 1 0 y te ayudaremos a buscar el inmueble que necesitas. **piso en alquiler temporal en el corazón de barcelona...,2900,eixample sant antoni 4 0/,90 m²,90 m²,2,2,Bajo,,111240897-gravina2hentreplanta3 27 julio 2026,,,,,,,2026-05-26
https://www.pisos.com/alquilar/piso-el_raval-62527842268_106400/,"Piso en alquiler en Calle Rambla La, 33 en El Raval por 1.600 €/mes","Piso en alquiler en las ramblas, barcelona - recién reformado y a estrenar vive en el corazón de barcelona, en las ramblas, en este espectacular piso recién reformado. Ubicado en una quinta planta con ascensor, este luminoso y moderno hogar combina el encanto del centro histórico con el confort d...",1600,el raval 8 0/,70 m²,70 m²,2,2,3ª,,110687033-lasramblas2h,,,,,,,2026-05-26
https://www.pisos.com/alquilar/piso-sant_gervasi_galvany-63356589089_106400/,"Piso en alquiler en Carrer de Marià Cubí, cerca de Carrer de l' Avenir en Sant Gervasi-Galvany por 2.000 €/mes","Disponible desde enero 2026 este apartamento sólo está disponible para estancias temporales y no es adecuado para uso turístico o residencial permanente. Al hacer la reserva, los huéspedes deben proporcionar un motivo de viaje válido aceptado por la legislación local para confirmar la reserva. ¡b...",2000,sant gervasi galvany 9 0/,65 m²,65 m²,2,1,,Menos de 5 años,106771230-Abr6-MC.B.B-LD,,,,,,,2026-05-26
https://www.pisos.com/alquilar/piso-el_barri_gotic08002-61695993503_100500/,Piso en alquiler en Carrer de La Boqueria en El Barri Gòtic por 2.085 €/mes,"Espectacular piso de temporada reformado en el corazón del barrio gótico – listo para entrar a vivir vive en una de las zonas más emblemáticas y vibrantes de barcelona. Este precioso apartamento recién reformado se encuentra en pleno barrio gótico, estratégicamente ubicado entre las estacione...",2085,el barri gotic 3 0/,100 m²,No indicada,2,1,2ª,Más de 50 años,BR015,,1,,Cocina amueblada,,,2026-05-26
https://www.pisos.com/alquilar/piso-sant_pere_santa_caterina_la_ribera08003-63357881493_103800/,Piso en alquiler en El Born en Sant Pere-Santa Caterina-La Ribera por 1.800 €/mes,"Piso vacacional 2 hab y 2 baños + terraza comunitaria alquiler vacacional de más de 32 días, únicamente por motivos de ocio, vacacional, recreativo o cultural o temporal imprescindible presentar un documento acreditativo del motivo para poder alquilar. En una finca clásica completamente rehab...",1800,sant pere santa caterina la ribera 3 0/,62 m²,No indicada,2,2,4ª,,50-AG,,1,Eléctrica,,,,2026-05-26
https://www.pisos.com/alquilar/duplex-sarria_sant_gervasi_sarria-64258300566_100500/,Dúplex en alquiler en Passatge de Jorba en Sarrià por 5.000 €/mes,"Espectacular vivienda tipo dúplex de 190 m2 con terraza, jardín y piscina privada, ubicada en el prestigioso barrio de sarrià-sant gervasi, cerca de hospitales de referencia, colegios y universidades internacionales. La propiedad ofrece una distribución excelente. En la planta superior se encu...",5000,sarria sant gervasi sarria 6 0/,190 m²,180 m²,3,3,Bajo,,C047/12242,,1,,,,,2026-05-26
https://www.pisos.com/alquilar/piso-sant_pere_santa_caterina_la_ribera08003-64172595905_103800/,Piso en alquiler en El Born en Sant Pere-Santa Caterina-La Ribera por 2.000 €/mes,"Alquiler vacacional alquiler vacacional de más de 32 días, únicamente por motivos de ocio, vacacional, recreativo o cultural o temporal imprescindible presentar un documento acreditativo del motivo para poder alquilar. En una finca clásica completamente rehabilitada, se presenta esta viviend...",2000,sant pere santa caterina la ribera 5 0/,61 m²,No indicada,2,2,2ª,,AG1273,,,Eléctrica,,,,2026-05-26
https://www.pisos.com/alquilar/piso-ciutat_vella_la_barceloneta-63386754306_103800/,Piso en alquiler en Ciutat Vellala Barceloneta en La Barceloneta por 1.350 €/mes,"Alquiler vacacional alquiler vacacional de más de 32 días, únicamente por motivos de ocio, vacacional, recreativo o cultural o temporal imprescindible presentar un documento acreditativo del motivo para poder alquilar. La barceloneta es uno de los barrios más carismáticos y dinámicos de barce...",1350,ciutat vella la barceloneta 6 0/,34 m²,No indicada,1,1,4ª,,AG1219,,,,,,,2026-05-26
https://www.pisos.com/alquilar/piso-sant_pere_santa_caterina_la_ribera08003-63430059133_103800/,Piso en alquiler en El Born en Sant Pere-Santa Caterina-La Ribera por 2.500 €/mes,"Piso en el born, con 91 m² construidos, 2 dormitorios, 2 baños, buen estado, exterior, planta 4, 1 terraza(s), cocina equipada, ascensor, amueblado, orientación sur, calefacción individual, energía calefacción eléctrica, agua caliente individual, suelo de parquet, balcón. Piso vacacional 2 hab d...",2500,sant pere santa caterina la ribera 3 0/,91 m²,No indicada,2,2,4ª,,AG1272,,,Eléctrica,,,,2026-05-26
https://www.pisos.com/alquilar/piso-barcelona_capital-64191197954_106400/,Piso en alquiler en Carrer de Lorda en Barcelona Capital por 1.210 €/mes,"Estudio en alquiler en barcelona - ideal para autónomos, empresarios,.. . descubre este encantador estudio/local en alquiler, perfecto para quienes buscan un espacio que combine trabajo y vivienda. Con una superficie de 37 m² construidos y 36 m² útiles, este estudio/local cuenta con un salón/coc...",1210,4 0/,37 m²,37 m²,,1,,Más de 50 años,98319529-LORDA 2,,,,,,,2026-05-26
https://www.pisos.com/alquilar/piso-ciutat_vella_la_barceloneta08003-64237187750_106400/,Piso en alquiler en La Barceloneta en La Barceloneta por 1.180 €/mes,"**piso en alquiler en barceloneta - ¡tu nuevo hogar a pasos de la playa! ** ¡descubre este encantador apartamento amueblado disponible a partir del 1º de julio de 2026 en la vibrante zona de barceloneta! situado a solo 150 metros de la playa, este piso es ideal para disfrutar del sol y el mar. C...",1180,ciutat vella la barceloneta 0 0/,45 m²,45 m²,2,1,Bajo,Más de 50 años,107074043-R402326,,,,,,,2026-05-26
https://www.pisos.com/alquilar/piso-barcelona_capital_eixample-62557546699_106700/,Piso en alquiler en Fort Pienc en Eixample por 4.200 €/mes,"Nuestras tarifas inician desde 2000€, variando según la temporada y la residencia seleccionada. Para brindarte la mejor atención, por favor contáctanos y consulta disponibilidad y precio exacto para tus fechas. Piso turistico está situado en el centro de uno de nuestros apartamentos en barcelon...",4200,eixample 9 0/,75 m²,75 m²,3,2,,,Tucson Suites III,,,,,,,2026-05-26
https://www.pisos.com/alquilar/piso-el_raval-64188975637_106400/,Piso en alquiler en El Raval en El Raval por 3.350 €/mes,Oportunidad de alquiler en el corazón de barcelona! ***alquiler de temporada *** fotos de referencia. Consumos a parte. 200€/mes. Este exclusivo piso renovado te espera a solo cinco minutos de paseo de gracia. Disfruta de un espacio sofisticado y amplio en un edificio rehabilitado con materiales...,3350,el raval 7 0/,111 m²,111 m²,3,3,4ª,Entre 10 y 20 años,97473188-Gravina8,,,,,,,2026-05-26
https://www.pisos.com/alquilar/piso-sant_gervasi_galvany-64175065053_106400/,Piso en alquiler en Sant Gervasi-Galvany en Sant Gervasi-Galvany por 1.600 €/mes,"Disponible desde el 16 de junio - alquiler temporal para uso vacacional ¡bienvenido a este acogedor apartamento situado en el tranquilo y exclusivo barrio de sant gervasi, una de las mejores zonas residenciales de barcelona! ubicado en un edificio moderno con ascensor, este apartamento destaca po...",1600,sant gervasi galvany 3 0/,45 m²,45 m²,1,1,1ª,Menos de 5 años,106769880-MC.1.1-2JUN,,,,,,,2026-05-26
https://www.pisos.com/alquilar/piso-el_raval-64191985641_106400/,Piso en alquiler en El Raval en El Raval por 3.300 €/mes,"**piso en alquiler temporal en el corazón de barcelona - eixample** ¡descubre este espectacular piso amueblado y equipado, situado en un edificio clásico del eixample, completamente renovado, este hogar ofrece un equilibrio perfecto entre modernidad y encanto histórico. Con 100 m² construidos y ...",3300,el raval 1 0/,150 m²,150 m²,3,3,2ª,Entre 10 y 20 años,98628073-Gravina 2H,,,,,,,2026-05-26
https://www.pisos.com/alquilar/piso-el_fort_pienc-63407815690_106400/,Piso en alquiler en El Fort Pienc en El Fort Pienc por 1.550 €/mes,"Disponible desde 29 de enero de 2026 alquiler de temporada para uso vacacional, recreativo o de ocio. Este apartamento sólo está disponible para estancias temporales y no es adecuado para uso turístico o residencial permanente. Al hacer la reserva, los huéspedes deben proporcionar un motivo de vi...",1550,el fort pienc 0 0/,60 m²,60 m²,1,1,1ª,Entre 5 y 10 años,106696676-JUN - RF.LOCAL,,,,,,,2026-05-26
https://www.pisos.com/alquilar/piso-sant_gervasi_galvany-63418529648_106400/,Piso en alquiler en Sant Gervasi-Galvany en Sant Gervasi-Galvany por 2.200 €/mes,"Vivienda que solo admite estancias de temporada para finalidad de uso recreativo, turístico o de temporada de vacaciones, mínimo 32 noches, de acuerdo con el articulo 66 bis de la ley 18/2007, del derecho a la vivienda, disponible 7 de junio de 2.026 ¡bienvenido a este apartamento con una gran te...",2200,sant gervasi galvany 8 0/,80 m²,80 m²,2,1,2ª,Menos de 5 años,107744881-Jun7 - MC.2.2-L.D,,,,,,,2026-05-26
https://www.pisos.com/alquilar/piso-sant_gervasi_galvany-63340047826_106400/,Piso en alquiler en Sant Gervasi-Galvany en Sant Gervasi-Galvany por 2.200 €/mes,"Vivienda que solo admite estancias de temporada para finalidad de uso recreativo, turístico o de temporada de vacaciones, mínimo 32 noches, de acuerdo con el articulo 66 bis de la ley 18/2007, del derecho a la vivienda, disponible 30 de abril de 2.026 bienvenido a este espacioso apartamento de 85...",2200,sant gervasi galvany 6 0/,85 m²,85 m²,2,1,3ª,Entre 10 y 20 años,106773269-Sep1-P18.3.1-LD,,,,,,,2026-05-26
https://www.pisos.com/alquilar/atico-sant_gervasi_galvany-63429390331_106400/,Ático en alquiler en Sant Gervasi-Galvany en Sant Gervasi-Galvany por 2.000 €/mes,"Vivienda que solo admite estancias de temporada para finalidad de uso recreativo, turístico o de temporada de vacaciones, mínimo 32 noches, de acuerdo con el articulo 66 bis de la ley 18/2007, del derecho a la vivienda, disponible desde el 13 de febrero 2.026 ¡bienvenidos al ático en barcelona pa...",2000,sant gervasi galvany 1 0/,75 m²,75 m²,2,1,3ª,Entre 10 y 20 años,106750317-Dic31-P18.3.3-LD,,,,,,,2026-05-26
https://www.pisos.com/alquilar/atico-sant_gervasi_galvany-63426345704_106400/,Ático en alquiler en Sant Gervasi-Galvany en Sant Gervasi-Galvany por 3.000 €/mes,"Alquiler mínimo de 32 días para uso recreativo o vacacional nota: todos los alquileres deben tener una duración temporal de 32 noches a 6 meses y solo pueden ser destinados al uso vacacional, de ocio recreativo, según lo establecido en el último decreto del 26/2024. Este apartamento para ejecutiv...",3000,sant gervasi galvany 4 0/,80 m²,80 m²,2,1,2ª,Entre 20 y 30 años,100058509-Abr25-P14.2.3 1704,,,,,,,2026-05-26
https://www.pisos.com/alquilar/piso-sant_gervasi_galvany-63338980760_106400/,Piso en alquiler en Sant Gervasi-Galvany en Sant Gervasi-Galvany por 3.000 €/mes,"Alquiler de temporada para uso vacacional, recreativo o de ocio. Bienvenido a este apartamento ejecutivo ubicado en el centro de barcelona, ideal para 6 personas. Este espacioso apartamento de 90 m² se encuentra en un edificio moderno con ascensor. Cuenta con tres habitaciones: una con cama doble...",3000,sant gervasi galvany 0 0/,85 m²,85 m²,3,1,7ª,,108272109-P18 2.2,,,,,,,2026-05-26
https://www.pisos.com/alquilar/piso-sant_gervasi_galvany-63409416923_106400/,Piso en alquiler en Sant Gervasi-Galvany en Sant Gervasi-Galvany por 1.800 €/mes,"Vivienda que solo admite estancias de temporada para finalidad de uso recreativo, turístico o de temporada de vacaciones, mínimo 32 noches, de acuerdo con el articulo 66 bis de la ley 18/2007, del derecho a la vivienda, disponible 30 noviembre 2.026 ¡bienvenido a este encantador apartamento con u...",1800,sant gervasi galvany 3 0/,53 m²,53 m²,1,1,2ª,,103672914-Jun2-.MC.1.1,,,,,,,2026-05-26
https://www.pisos.com/alquilar/piso-sant_gervasi_galvany-63336787966_106400/,Piso en alquiler en Sant Gervasi-Galvany en Sant Gervasi-Galvany por 1.800 €/mes,"Disponible desde el 8 de febrero de 2026 alquiler temporal - disponibilidad inmediata disponible solo para alquileres de más de 32 días con fines de ocio, vacaciones, recreativos o culturales, y siempre que se acompañen de la documentación correspondiente que acredite dicha finalidad. Piso de tem...",1800,sant gervasi galvany 6 0/,55 m²,55 m²,1,1,Bajo,,108201251-Abr21 - .MC.E.D-LD,,,,,,,2026-05-26
https://www.pisos.com/alquilar/apartamento-ciutat_vella-64239431774_106700/,Apartamento en alquiler en Ciutat Vella en Ciutat Vella por 3.700 €/mes,"Disfruta de un diseño contemporáneo y funcional en este increíble apartamento. Desde el primer paso, te recibirá un salón inundado de luz natural, complementado con un mobiliario minimalista en tonos blancos y toques de color que crean un ambiente acogedor. Cocina de vanguardia: totalmente equip...",3700,ciutat vella 4 0/,45 m²,45 m²,2,1,,,piso plaza cataluña,,,,,,,2026-05-26
https://www.pisos.com/alquilar/piso-barcelona_capital_eixample-62574750170_106700/,Piso en alquiler en Dreta de L'Eixample en Eixample por 3.500 €/mes,"Nuestras tarifas inician desde 2000€, variando según la temporada y la residencia seleccionada. Para brindarte la mejor atención, por favor contáctanos y consulta disponibilidad y precio exacto para tus fechas. Piso turistico vas a viajar a barcelona por negocios? vacaciones en familia o con am...",3500,eixample 0 0/,58 m²,58 m²,1,1,,,Central Place Terrace,,,,,,,2026-05-26
https://www.pisos.com/alquilar/piso-ciutat_vella-62521132458_106700/,"Piso en alquiler en Sant Pere, Sta. Caterina I La Ribera en Ciutat Vella por 4.200 €/mes","Nuestras tarifas inician desde 2000€, variando según la temporada y la residencia seleccionada. Para brindarte la mejor atención, por favor contáctanos y consulta disponibilidad y precio exacto para tus fechas. Piso temporal ven a barcelona y disfruta de un encantador apartamento de 140m2 ideal ...",4200,ciutat vella 8 0/,220 m²,220 m²,3,2,,,Amazing Borne Penthouse with Terrace,,,,,,,2026-05-26
https://www.pisos.com/alquilar/piso-sant_marti-62558698191_106700/,Piso en alquiler en El Camp de L'Arpa del Clot en Sant Martí por 3.700 €/mes,"Nuestras tarifas inician desde 2000€, variando según la temporada y la residencia seleccionada. Para brindarte la mejor atención, por favor contáctanos y consulta disponibilidad y precio exacto para tus fechas. Piso turistico el market suites es un moderno apartamento en barcelona con aire acon...",3700,sant marti 1 0/,70 m²,70 m²,2,1,,,Market Suites,,,,,,,2026-05-26
https://www.pisos.com/alquilar/piso-la_dreta_de_eixample-64239439207_106400/,Piso en alquiler en La Dreta de L'Eixample en La Dreta de l'Eixample por 1.515 €/mes,"A 1 minuto de plaza cataluña y la rambla, un poco más arriba del liceo y la boquería como puntos de referencia, encontramos este fantástico piso, en una zona inmejorable y muy bien comunicada, en el centro histórico. Se trata de un inmueble reformado con todo lujo de detalle, restaurado de forma ...",1515,la dreta de eixample 7 0/,75 m²,75 m²,1,1,1ª,,106029867-000643,,,,,,,2026-05-26
https://www.pisos.com/alquilar/piso-ciutat_vella-64244434712_106400/,Piso en alquiler en Ciutat Vella en Ciutat Vella por 2.800 €/mes,"Descubra este elegante apartamento, estratégicamente situado en la prestigiosa gran via de les corts catalanes, esquina con la calle balmes, a solo un paso de plaza universitat y del vibrante centro de la ciudad. Una propiedad ideal para quienes buscan calidad de vida, confort y una excelente com...",2800,ciutat vella 2 0/,158 m²,158 m²,2,2,4ª,Más de 50 años,110083336-110083336,,,,,,,2026-05-26
https://www.pisos.com/alquilar/piso-sant_gervasi_galvany-64181408753_106400/,Piso en alquiler en Sant Gervasi-Galvany en Sant Gervasi-Galvany por 1.600 €/mes,"Alquiler temporal (más de 32 días, máximo 11 meses) - disponible ahora ¡bienvenido a este moderno apartamento en sant gervasi con terraza y jardín privado! con una superficie de 65 m², este loft de estilo industrial se encuentra en un edificio con ascensor. Sus grandes ventanales permiten la entr...",1600,sant gervasi galvany 3 0/,65 m²,65 m²,2,1,1ª,Menos de 5 años,107744814-M.C.B..16May,,,,,,,2026-05-26
https://www.pisos.com/alquilar/piso-sant_gervasi_galvany-64195415157_106400/,Piso en alquiler en Sant Gervasi-Galvany en Sant Gervasi-Galvany por 1.850 €/mes,"Estudio disponible desde hoy - solo uso vacacional - no se permite empadronamiento ¡disponible desde hoy! alquiler temporal bienvenido a este encantador estudio con una amplia terraza privada en sant gervasi. Con aproximadamente 65 m² y un diseño moderno y acogedor, este apartamento es ideal para...",1850,sant gervasi galvany 7 0/,55 m²,55 m²,1,1,2ª,Menos de 5 años,104075977-May-MC.1.2,,,,,,,2026-05-26
https://www.pisos.com/alquilar/piso-sant_gervasi_galvany-63431185688_106400/,Piso en alquiler en Sant Gervasi-Galvany en Sant Gervasi-Galvany por 3.000 €/mes,"Alquiler de temporada para uso vacacional, recreativo o de ocio. Descubra este moderno apartamento de 90 m², ideal para una estancia cómoda en el corazón de barcelona. Ubicado en un edificio con ascensor, está perfectamente situado a pocos pasos de la estación de metro muntaner, lo que facilita s...",3000,sant gervasi galvany 8 0/,85 m²,85 m²,3,1,1ª,Entre 10 y 20 años,106748419-P18.1.3,,,,,,,2026-05-26
https://www.pisos.com/alquilar/piso-la_dreta_de_eixample-63358227822_106400/,Piso en alquiler en La Dreta de L'Eixample en La Dreta de l'Eixample por 15.200 €/mes,"La calidez catalana se une al encanto escandinavo en este apartamento totalmente amueblado en el eixample derecho. Este elegante apartamento se encuentra en la segunda planta (tercera real) y cuenta con dos acogedores dormitorios, dos modernos baños y balcones privados. Desde el pasillo se accede...",15200,la dreta de eixample 2 0/,170 m²,170 m²,2,2,2ª,Más de 50 años,111093239-111093239,,,,,,,2026-05-26
https://www.pisos.com/alquilar/piso-sant_gervasi_galvany-64222530335_106400/,Piso en alquiler en Sant Gervasi-Galvany en Sant Gervasi-Galvany por 2.200 €/mes,"Disponible desde enero 2026 alquiler temporal - disponibilidad inmediata disponible solo para alquileres de más de 32 días con fines de ocio, vacaciones, recreativos o culturales, y siempre que se acompañen de la documentación correspondiente que acredite dicha finalidad. ¡bienvenido a este encan...",2200,sant gervasi galvany 5 0/,55 m²,55 m²,1,1,2ª,,110057792-May - MC .1 2,,,,,,,2026-05-26
https://www.pisos.com/alquilar/piso-sant_pere_santa_caterina_la_ribera08003-63364935525_106400/,Piso en alquiler en Sant Pere-Santa Caterina-La Ribera en Sant Pere-Santa Caterina-La Ribera por 2.960 €/mes,"Disponible a partir de noviembre de 2026 encanto moderno en el corazón de el born la historia: 'si no fuera porque nuestra hijas vive tan lejos de la familia, nunca pensaríamos en aquilar o vender este apartamento. Pasará mucho tiempo antes de que podamos llamar a otro lugar hogar, porque amamos ...",2960,sant pere santa caterina la ribera 5 0/,140 m²,140 m²,3,3,1ª,,109405502-109405502,,,,,,,2026-05-26
https://www.pisos.com/alquilar/piso-sarria_sant_gervasi_sarria08034-63402772290_106400/,Piso en alquiler en Sarrià en Sarrià por 5.800 €/mes,"Fantástico piso reformado con materiales de primera calidad, totalmente amueblado en zona exclusiva de pedralbes. Dispone de 182mts mas una sala diáfana de 80mts la en la planta baja de uso privativo con baño que puede ser usada como estudio, despacho. El piso se distribuye en un amplio salón com...",5800,sarria sant gervasi sarria 0 0/,262 m²,262 m²,4,3,5ª,,111273853-111273853,,,,,,,2026-05-26
https://www.pisos.com/alquilar/piso-sant_gervasi_galvany08021-63387018500_106400/,Piso en alquiler en Sant Gervasi-Galvany en Sant Gervasi-Galvany por 4.000 €/mes,"**piso en alquiler en la milla de oro - avenida diagonal** ¡descubre este espectacular piso reformado en la codiciada milla de oro! ubicado en plena avenida diagonal, este luminoso hogar de 220 m² te ofrece un estilo de vida inigualable. Situado en una sexta planta, disfrutarás de vistas despejad...",4000,sant gervasi galvany 0 0/,220 m²,220 m²,5,3,6ª,,111274272-111274272,,,,,,,2026-05-26
https://www.pisos.com/alquilar/piso-sant_gervasi_galvany08021-63406646798_106400/,Piso en alquiler en Sant Gervasi-Galvany en Sant Gervasi-Galvany por 3.700 €/mes,"Piso espectacular en alquiler en pleno turo park, luminoso piso de 210 m² que se encuentra en una planta alta, ofreciendo una luminosidad excepcional y vistas panorámicas de toda barcelona. Situado en el exclusivo barrio de turo park, este inmueble cuenta con 4 habitaciones amplias, incluyendo un...",3700,sant gervasi galvany 8 0/,210 m²,210 m²,5,3,4ª,,111226234-111226234,,,,,,,2026-05-26
https://www.pisos.com/alquilar/piso-la_vila_de_gracia08012-63344299581_106400/,Piso en alquiler en La Vila de Gràcia en La Vila de Gràcia por 4.000 €/mes,"Vivienda que solo admite estancias de temporada para finalidad de uso recreativo, turístico o de temporada de vacaciones, mínimo 32 noches, de acuerdo con el articulo 66 bis de la ley 18/2007, del derecho a la vivienda, ¡os damos la bienvenida al apartamento triplex en gràcia con piscina y terraz...",4000,la vila de gracia 1 0/,85 m²,85 m²,2,1,1ª,,105895409-2024.RYC.1.3,,,,,,,2026-05-26
https://www.pisos.com/alquilar/piso-sant_gervasi_galvany-63426742623_106400/,Piso en alquiler en Sant Gervasi-Galvany en Sant Gervasi-Galvany por 3.500 €/mes,"El apartamento tiene aproximadamente 80 m² y se encuentra en un edificio con ascensor y cuenta con parking privado (150€ adicionales por mes). Transporte cercano al apartamento: metro: metro muntaner. Este apartamento en barcelona dispone de un salón comedor con salida a una bonita terraza, muy...",3500,sant gervasi galvany 3 0/,80 m²,80 m²,3,1,1ª,,30009804-PDM 18. 2.1.,,,,,,,2026-05-26
https://www.pisos.com/alquilar/piso-sant_gervasi_galvany-63421152175_106400/,Piso en alquiler en Sant Gervasi-Galvany en Sant Gervasi-Galvany por 1.600 €/mes,"Para estancias temporales por motivo vacacional u ocio alquiler temporal (más de 32 días) ¡bienvenido a este encantador apartamento con zona de terraza y jardín compartidos, ubicado muy cerca de la clínica barraquer y de la avenida diagonal! con aproximadamente 55 m², este acogedor apartamento d...",1600,sant gervasi galvany 5 0/,55 m²,55 m²,1,1,Bajo,,105727604-May7 -MC.E.C,,,,,,,2026-05-26
https://www.pisos.com/alquilar/piso-sarria_sant_gervasi_sarria08034-63396098882_106400/,Piso en alquiler en Sarrià en Sarrià por 5.800 €/mes,"Fantástico piso reformado con materiales de primera calidad, totalmente amueblado en zona exclusiva de pedralbes. Dispone de 182mts mas una sala diáfana de 80mts la en la planta baja de uso privativo con baño que puede ser usada como estudio, despacho. El piso se distribuye en un amplio salón com...",5800,sarria sant gervasi sarria 2 0/,262 m²,262 m²,4,3,5ª,,110808699-110808699,,,,,,,2026-05-26
https://www.pisos.com/alquilar/piso-sant_gervasi_la_bonanova08022-63356613751_106400/,Piso en alquiler en Sant Gervasi-La Bonanova en Sant Gervasi-La Bonanova por 4.490 €/mes,"¡descubre el hogar de tus sueños en este espectacular piso en alquiler! situado en una excelente ubicación a solo unos pasos de la plaza kennedy, este amplio y luminoso apartamento de 172 m² ha sido totalmente reformado para ofrecerte el máximo confort. Con un recibidor acogedor que te da la bien...",4490,sant gervasi la bonanova 1 0/,172 m²,172 m²,3,4,6ª,,110810841-110810841,,,,,,,2026-05-26
https://www.pisos.com/alquilar/chalet-sarria_sant_gervasi_sarria-63393507913_106400/,Chalet en alquiler en Sarrià en Sarrià por 14.000 €/mes,Increíbles viviendas en el exclusivo barrio de sarrià que se alzan en la ladera hasta casi tocar el cielo. A solo unos minutos del centro de la ciudad. Un estilo impecable en la más absoluta intimidad. Las casas se integran perfectamente en su paisaje mediterráneo. La circunvalación b-20 (la rond...,14000,sarria sant gervasi sarria 3 0/,550 m²,550 m²,6,4,,Entre 5 y 10 años,96437704-Sauc,,,,,,,2026-05-26
https://www.pisos.com/alquilar/piso-sant_pere_santa_caterina_la_ribera08010-63433102844_106400/,Piso en alquiler en Sant Pere-Santa Caterina-La Ribera en Sant Pere-Santa Caterina-La Ribera por 7.500 €/mes,"Loft único en la frontera de el born y eixample escondido en un encantador callejón donde el carácter de el born se encuentra con la elegancia del eixample, este espectacular loft de 300 m² es una oportunidad única para vivir en una de las zonas más vibrantes de barcelona. Desde la entrada, se ac...",7500,sant pere santa caterina la ribera 4 0/,300 m²,300 m²,2,2,4ª,,111100975-111100975,,,,,,,2026-05-26
https://www.pisos.com/alquilar/piso-sant_gervasi_galvany-63390048315_106400/,Piso en alquiler en Sant Gervasi-Galvany en Sant Gervasi-Galvany por 3.000 €/mes,"Disponible solo para alquileres de más de 32 días con fines de ocio, vacaciones, recreativos o culturales, y siempre que se acompañen de la documentación correspondiente que acredite dicha finalidad. El apartamento está ubicado en un edificio con ascensor, lo que ofrece un acceso fácil y cómodo. ...",3000,sant gervasi galvany 5 0/,85 m²,85 m²,3,1,1ª,,106743920-P18.1.2,,,,,,,2026-05-26
https://www.pisos.com/alquilar/piso-sant_gervasi_galvany-63392794926_106400/,Piso en alquiler en Sant Gervasi-Galvany en Sant Gervasi-Galvany por 3.000 €/mes,"Alquiler de temporada para uso vacacional, recreativo o de ocio. Este moderno apartamento de 85 m², ubicado en un edificio con ascensor, se encuentra a pocos pasos de la estación de metro muntaner, lo que permite un acceso rápido al transporte público y a las principales atracciones de la ciudad....",3000,sant gervasi galvany 6 0/,85 m²,85 m²,3,1,2ª,,106748575-P18.2.1,,,,,,,2026-05-26
https://www.pisos.com/alquilar/piso-la_nova_esquerra_de_eixample-63339012013_106400/,Piso en alquiler en La Nova Esquerra de L'Eixample en La Nova Esquerra de l'Eixample por 2.600 €/mes,"Vivienda que solo admite estancias de temporada para finalidad de uso recreativo, turístico o de temporada de vacaciones, mínimo 32 noches, de acuerdo con el articulo 66 bis de la ley 18/2007, del derecho a la vivienda, disponible 8 marzo 2.026 ¡descubre tu nuevo hogar en el corazón de barcelona!...",2600,la nova esquerra de eixample 3 0/,120 m²,120 m²,3,2,3ª,,106946423-Jul23 - MALLORCA,,,,,,,2026-05-26
https://www.pisos.com/alquilar/piso-sant_gervasi_galvany-63391879936_106400/,Piso en alquiler en Sant Gervasi-Galvany en Sant Gervasi-Galvany por 2.000 €/mes,"Vivienda que solo admite estancias de temporada para finalidad de uso recreativo, turístico o de temporada de vacaciones, mínimo 32 noches, de acuerdo con el articulo 66 bis de la ley 18/2007, del derecho a la vivienda, disponible desde el 16 de junio de 2.026 ¡bienvenidos a nuestro apartamento c...",2000,sant gervasi galvany 6 0/,65 m²,65 m²,1,1,1ª,,106769634-Jun16MC.1.2-LD,,,,,,,2026-05-26
https://www.pisos.com/alquilar/atico-el_barri_gotic-63414908203_106400/,Ático en alquiler en El Barri Gòtic en El Barri Gòtic por 4.400 €/mes,"Disponible hasta octubre de 2026. Ubicado en la sexta planta de un edificio histórico con ascensor, este ático con una terraza privada de 80 m² es una oportunidad única en pleno centro de la ciudad. A pocos pasos de via laietana y junto a un hotel de cinco estrellas, disfruta de una ubicación pri...",4400,el barri gotic 3 0/,132 m²,132 m²,1,1,6ª,,111086826-111086826,,,,,,,2026-05-26
https://www.pisos.com/alquilar/piso-sant_gervasi_galvany-64178929531_106400/,Piso en alquiler en Sant Gervasi-Galvany en Sant Gervasi-Galvany por 2.000 €/mes,"¡bienvenido a este apartamento con terraza/jardín común en sant gervasi, un barrio tranquilo y bien situado en barcelona! con una superficie de aproximadamente 55 m², el apartamento se encuentra en un edificio con ascensor, lo que ofrece fácil acceso y comodidad. Gracias a sus grandes ventanales,...",2000,sant gervasi galvany 1 0/,55 m²,55 m²,1,1,,,106770938-MC.A-23MAY,,,,,,,2026-05-26
https://www.pisos.com/alquilar/apartamento-gracia_distrito-62567124057_106700/,Apartamento en alquiler en Vila de Gràcia en Gràcia por 3.700 €/mes,"Nuestras tarifas inician desde 2000€, variando según la temporada y la residencia seleccionada. Para brindarte la mejor atención, por favor contáctanos y consulta disponibilidad y precio exacto para tus fechas. Gracia terrace está ubicado en la vila de gracia, junto al barrio del eixample y sagr...",3700,gracia distrito 7 0/,60 m²,60 m²,2,1,,,The Gracia Terrace,,,,,,,2026-05-26
https://www.pisos.com/alquilar/apartamento-sant_marti-62561549362_106700/,Apartamento en alquiler en La Vila Olímpica del Poblenou en Sant Martí por 4.200 €/mes,"Nuestras tarifas inician desde 2000€, variando según la temporada y la residencia seleccionada. Para brindarte la mejor atención, por favor contáctanos y consulta disponibilidad y precio exacto para tus fechas. Piso turistico luisa vila olimpica beach es un apartamento situado en la emblemática...",4200,sant marti 2 0/,140 m²,140 m²,3,2,,,Luisa Vila,,,,,,,2026-05-26
https://www.pisos.com/alquilar/apartamento-la_font_de_la_guatlla08004-62554756191_106700/,Apartamento en alquiler en La Font de La Guatlla en La Font de la Guatlla por 3.800 €/mes,"Nuestras tarifas inician desde 2000€, variando según la temporada y la residencia seleccionada. Para brindarte la mejor atención, por favor contáctanos y consulta disponibilidad y precio exacto para tus fechas. Piso temporal el apartamento está situado cerca de plaza españa, el centro de transpo...",3800,la font de la guatlla 1 0/,110 m²,110 m²,2,3,,,Phoenix Dúplex,,,,,,,2026-05-26
https://www.pisos.com/alquilar/apartamento-ciutat_vella-62567487690_106700/,Apartamento en alquiler en Barri Gòtic en Ciutat Vella por 3.500 €/mes,"Nuestras tarifas inician desde 2000€, variando según la temporada y la residencia seleccionada. Para brindarte la mejor atención, por favor contáctanos y consulta disponibilidad y precio exacto para tus fechas. Piso temporal **estancia minima es de 32 noches** ven a barcelona y disfruta de un e...",3500,ciutat vella 0 0/,40 m²,40 m²,1,1,,,Margarita,,,,,,,2026-05-26
https://www.pisos.com/alquilar/apartamento-barcelona_capital_eixample-62569651713_106700/,Apartamento en alquiler en Dreta de L'Eixample en Eixample por 3.700 €/mes,"Nuestras tarifas inician desde 2000€, variando según la temporada y la residencia seleccionada. Para brindarte la mejor atención, por favor contáctanos y consulta disponibilidad y precio exacto para tus fechas. Piso temporal ven a barcelona y disfruta en new central place passeig de gracia, un a...",3700,eixample 3 0/,60 m²,60 m²,2,1,,,New Central,,,,,,,2026-05-26
https://www.pisos.com/alquilar/apartamento-barcelona_capital_eixample-62537577124_106700/,Apartamento en alquiler en Dreta de L'Eixample en Eixample por 4.200 €/mes,"Nuestras tarifas inician desde 2000€, variando según la temporada y la residencia seleccionada. Para brindarte la mejor atención, por favor contáctanos y consulta disponibilidad y precio exacto para tus fechas. Piso turistico ¡este es el apartamento con ubicación inmejorable de barcelona que es...",4200,eixample 4 0/,110 m²,110 m²,3,2,,,Central Place VI,,,,,,,2026-05-26
https://www.pisos.com/alquilar/apartamento-barcelona_capital_eixample-62565916930_106700/,Apartamento en alquiler en Sagrada Família en Eixample por 3.700 €/mes,"Nuestras tarifas inician desde 2000€, variando según la temporada y la residencia seleccionada. Para brindarte la mejor atención, por favor contáctanos y consulta disponibilidad y precio exacto para tus fechas. Piso temporal paula terrace apartment, relájate y desconecta en este alojamiento tran...",3700,eixample 0 0/,66 m²,66 m²,2,1,,,Paula Terrace,,,,,,,2026-05-26
https://www.pisos.com/alquilar/piso-barcelona_capital_eixample-64222971201_106400/,Piso en alquiler en Eixample en Eixample por 1.605 €/mes,Para más información y/o concertar visita contactar con miquel 645813648 (whatsapp y telf). Mc consulting alquila piso de 4 habitaciones con espectaculares vistas de la sagrada família en primer plano en modalidad de alquiler de temporada. Vistas y orientación: séptima planta real con orientación...,1605,eixample 1 0/,91 m²,91 m²,3,1,6ª,Más de 50 años,111211038-L104-25,,,,,,,2026-05-26
https://www.pisos.com/alquilar/piso-sant_gervasi_la_bonanova08022-64197940124_106400/,Piso en alquiler en Sant Gervasi-La Bonanova en Sant Gervasi-La Bonanova por 4.026 €/mes,"Fantástico piso con mucha luz y bien comunicado con el transporte publico. Finca con conserje. 5 habitaciones (4 dobles + 1 servicio) 3 baños + 1 servicio armarios empotrados en todas las habitaciones, parket en todo el piso. 2 plazas de parking. 1 trastero. Contrato 7 años propietari gran t...",4026,sant gervasi la bonanova 4 0/,228 m²,228 m²,5,3,3ª,Más de 50 años,30048781-bonanova,,,,,,,2026-05-26
https://www.pisos.com/alquilar/piso-sant_gervasi_galvany-63411551287_106400/,Piso en alquiler en Sant Gervasi-Galvany en Sant Gervasi-Galvany por 2.200 €/mes,"Vivienda que solo admite estancias de temporada para finalidad de uso recreativo, turístico o de temporada de vacaciones, mínimo 32 noches, de acuerdo con el articulo 66 bis de la ley 18/2007, del derecho a la vivienda, bienvenido a nuestro apartamento en sarrià - pedralbes, ideal para 4 personas...",2200,sant gervasi galvany 7 0/,65 m²,65 m²,2,1,1ª,Entre 10 y 20 años,106742127-P14.1.4,,,,,,,2026-05-26
https://www.pisos.com/alquilar/piso-la_dreta_de_eixample-64174486367_106400/,Piso en alquiler en La Dreta de L'Eixample en La Dreta de l'Eixample por 1.790 €/mes,"Piso en alquiler larga duración al lado de urquinaona. Puntos a tener en cuenta: - piso disponible para entrar en mayo de 2026 - piso sin muebles ni electrodomésticos. (solo placa para cocinar, campana y horno)— no aacc ni calefacción - precio: 1993€ mensual - 1 mes de fianza + 2 de garantía adic...",1790,la dreta de eixample 7 0/,125 m²,125 m²,2,2,1ª,,111390230-ID-7676,,,,,,,2026-05-26
https://www.pisos.com/alquilar/atico-sant_gervasi_galvany-64173165161_106400/,Ático en alquiler en Sant Gervasi-Galvany en Sant Gervasi-Galvany por 2.999 €/mes,"***piso de temporada*** estancia ocio/vacacional exclusivo ático con mucha luz y sin ruidos en una de las zonas más prestigiosas de la ciudad. Honorarios a cargo de inquilino. Vm3 fincas, les presenta esta céntrica, silenciosa y cómoda vivienda en el famoso barrio de san gervasio. Acabados de pri...",2999,sant gervasi galvany 1 0/,71 m²,71 m²,1,1,6ª,,101884755-B362,,,,,,,2026-05-26
https://www.pisos.com/alquilar/piso-sarria_sant_gervasi_sarria-63369722399_106400/,Piso en alquiler en Sarrià en Sarrià por 7.100 €/mes,"Alquiler amueblado - dúplex con jardín privado de 45 m² en pedralbes este dúplex amueblado se encuentra en una de las zonas residenciales más consolidadas de pedralbes, muy cerca de los principales colegios internacionales de barcelona. Con 273 m² construidos (213 m² útiles) y un jardín privado d...",7100,sarria sant gervasi sarria 9 0/,273 m²,273 m²,3,3,,Entre 10 y 20 años,111118971-111118971,,,,,,,2026-05-26
https://www.pisos.com/alquilar/piso-el_fort_pienc-63393525289_106400/,Piso en alquiler en El Fort Pienc en El Fort Pienc por 1.500 €/mes,"Disponible desde enero 2.026 disponible solo para alquileres de más de 32 días con fines de ocio, vacaciones, recreativos o culturales, y siempre que se acompañen de la documentación correspondiente que acredite dicha finalidad. Este apartamento sólo está disponible para estancias temporales y no...",1500,el fort pienc 9 0/,40 m²,40 m²,1,1,,Entre 10 y 20 años,109332651-3Jul - RF 1-2,,,,,,,2026-05-26
https://www.pisos.com/alquilar/piso-sant_gervasi_galvany-64202446789_106400/,Piso en alquiler en Sant Gervasi-Galvany en Sant Gervasi-Galvany por 1.900 €/mes,"Dv - zr90500 alquiler temporal vacacional elegante apartamento temporal ubicado en una de las zonas más exclusivas y demandadas de barcelona, a tan solo unos pasos de turó park y rodeado de restaurantes de prestigio, comercios selectos y todos los servicios de la zona alta. La vivienda, situada e...",1900,sant gervasi galvany 9 0/,60 m²,60 m²,1,1,3ª,Más de 50 años,111527399-102323,,,,,,,2026-05-26
https://www.pisos.com/alquilar/piso-sant_gervasi_galvany-63364821442_106400/,Piso en alquiler en Sant Gervasi-Galvany en Sant Gervasi-Galvany por 2.500 €/mes,"Vivienda que solo admite estancias de temporada para finalidad de uso recreativo, turístico o de temporada de vacaciones, mínimo 32 noches, de acuerdo con el articulo 66 bis de la ley 18/2007, del derecho a la vivienda, el apartamento tiene aproximadamente 70 m² y se encuentra en un edificio con ...",2500,sant gervasi galvany 2 0/,70 m²,70 m²,2,1,1ª,Entre 20 y 30 años,30009704-ENE-PDM14 1º1º,,,,,,,2026-05-26
https://www.pisos.com/alquilar/chalet-la_clota-63341024020_106400/,Chalet en alquiler en La Clota en La Clota por 7.140 €/mes,"¡descubre esta exclusiva villa en uno de los barrios más encantadores de barcelona! con orígenes que se remontan al siglo xiii, esta magnífica propiedad de 348 m² ha sido completamente reformada, conservando su fachada clásica de 1923. Imagina disfrutar de un jardín de rosas en la terraza mientra...",7140,la clota 0 0/,400 m²,400 m²,8,4,,,109491805-P34,,,,,,,2026-05-26
https://www.pisos.com/alquilar/chalet-pedralbes-63419366027_106400/,Chalet en alquiler en Pedralbes en Pedralbes por 16.000 €/mes,"Magnifico chalet en una de las zonas más exclusivas barcelona, situado en pedralbes encontramos esta joya de 985m2 de parcela y 511m2 construidos con una fantástica zona ajardinada muy cuidad con piscina, zona de barbacoa y diferentes espacios chill out para disfrutar con la familia. Al entrar po...",16000,pedralbes 7 0/,511 m²,511 m²,5,4,,Más de 50 años,104531023-00393,,,,,,,2026-05-26
https://www.pisos.com/alquilar/piso-el_raval-64197213544_106400/,Piso en alquiler en El Raval en El Raval por 1.600 €/mes,"Sg09025 - st alquiler vacacional temporal moderno piso recién reformado con vistas despejadas a la rambla. Vive en el corazón de barcelona, en una de sus calles más icónicas, la rambla. Piso completamente reformado que combina el encanto del casco histórico con el confort y estilo de un hogar mod...",1600,el raval 4 0/,55 m²,55 m²,2,1,1ª,Más de 50 años,110084854-89645,,,,,,,2026-05-26
https://www.pisos.com/alquilar/piso-la_vila_de_gracia08024-64175327255_106400/,Piso en alquiler en La Vila de Gràcia en La Vila de Gràcia por 1.790 €/mes,"Carolina balista- serveis immobiliaris presenta un local reformado ideal para autónomos en el distrito de gràcia se alquila inmueble de 170 m² con posibilidad de uso como local más vivienda. Totalmente reformado, listo para entrar, destaca por su diseño moderno y funcional. Dispone de doble ingre...",1790,la vila de gracia 5 0/,188 m²,188 m²,1,2,,,111171581-BCNA023,,,,,,,2026-05-26
https://www.pisos.com/alquilar/apartamento-sant_marti-62572038597_106700/,Apartamento en alquiler en Sant Martí en Sant Martí por 3.700 €/mes,"Nuestras tarifas inician desde 2000€, variando según la temporada y la residencia seleccionada. Para brindarte la mejor atención, por favor contáctanos y consulta disponibilidad y precio exacto para tus fechas. Piso temporal ven a barcelona y disfruta en sagrada familia new space, un apartamento...",3700,sant marti 7 0/,80 m²,80 m²,2,1,,,Sagrada Familia,,,,,,,2026-05-26
https://www.pisos.com/alquilar/piso-barcelona_capital_eixample-62528007535_106700/,Piso en alquiler en Dreta de L'Eixample en Eixample por 3.500 €/mes,"Nuestras tarifas inician desde 2000€, variando según la temporada y la residencia seleccionada. Para brindarte la mejor atención, por favor contáctanos y consulta disponibilidad y precio exacto para tus fechas. Piso turistico te presentamos este acogedor piso en alquiler temporal ubicado en la ...",3500,eixample 5 0/,61 m²,61 m²,1,1,,,THE CENTRAL PLACE II.S.y,,,,,,,2026-05-26
https://www.pisos.com/alquilar/piso-barcelona_capital_eixample-62537366840_106700/,Piso en alquiler en Dreta de L'Eixample en Eixample por 3.500 €/mes,"Nuestras tarifas inician desde 2000€, variando según la temporada y la residencia seleccionada. Para brindarte la mejor atención, por favor contáctanos y consulta disponibilidad y precio exacto para tus fechas. Piso turistico ( the gaudi suites ii) piso temporal de 1 a 11 meses. Este encantador...",3500,eixample 0 0/,85 m²,85 m²,1,1,,,Gaudi Suits II,,,,,,,2026-05-26
https://www.pisos.com/alquilar/piso-barcelona_capital_eixample-62536315758_106700/,Piso en alquiler en Dreta de L'Eixample en Eixample por 4.500 €/mes,"Nuestras tarifas inician desde 2000€, variando según la temporada y la residencia seleccionada. Para brindarte la mejor atención, por favor contáctanos y consulta disponibilidad y precio exacto para tus fechas. Piso turistico ( the central place premium ) ( de uno a once meses) te presento este...",4500,eixample 8 0/,210 m²,210 m²,4,2,,,CENTRAL PREMIUM,,,,,,,2026-05-26
https://www.pisos.com/alquilar/piso-barcelona_capital_eixample-62560598480_106700/,Piso en alquiler en Dreta de L'Eixample en Eixample por 3.800 €/mes,"Nuestras tarifas inician desde 2000€, variando según la temporada y la residencia seleccionada. Para brindarte la mejor atención, por favor contáctanos y consulta disponibilidad y precio exacto para tus fechas. Piso turistico ( the central place i) ( de uno a once meses) te presento este elegan...",3800,eixample 0 0/,120 m²,120 m²,2,2,,,THE CENTRAL PLACE I,,,,,,,2026-05-26
https://www.pisos.com/alquilar/apartamento-sarria_sant_gervasi_sarria-62555956154_106700/,Apartamento en alquiler en Sarrià en Sarrià por 4.200 €/mes,"Nuestras tarifas inician desde 2000€, variando según la temporada y la residencia seleccionada. Para brindarte la mejor atención, por favor contáctanos y consulta disponibilidad y precio exacto para tus fechas. Piso temporal este apartamento se encuentra en el prestigioso barrio de sant gervasi....",4200,sarria sant gervasi sarria 4 0/,76 m²,76 m²,3,2,,,Sarria Spacious,,,,,,,2026-05-26
https://www.pisos.com/alquilar/piso-barcelona_capital_eixample-62557495878_106700/,Piso en alquiler en Dreta de L'Eixample en Eixample por 3.500 €/mes,"Nuestras tarifas inician desde 2000€, variando según la temporada y la residencia seleccionada. Para brindarte la mejor atención, por favor contáctanos y consulta disponibilidad y precio exacto para tus fechas. Piso temporal bienvenido a este encantador apartamento en alquiler en barcelona! est...",3500,eixample 8 0/,63 m²,63 m²,1,1,,,JAMES PENTHOUSE.b,,,,,,,2026-05-26
https://www.pisos.com/alquilar/apartamento-barcelona_capital_eixample-62552112678_106700/,Apartamento en alquiler en Dreta de L'Eixample en Eixample por 3.700 €/mes,"Nuestras tarifas inician desde 2000€, variando según la temporada y la residencia seleccionada. Para brindarte la mejor atención, por favor contáctanos y consulta disponibilidad y precio exacto para tus fechas. Piso turistico central passeig de gràcia es un apartamento que combina tendencias ch...",3700,eixample 8 0/,65 m²,65 m²,2,1,,,Central Passeig,,,,,,,2026-05-26
https://www.pisos.com/alquilar/piso-la_vila_de_gracia08012-63423894736_106400/,Piso en alquiler en La Vila de Gràcia en La Vila de Gràcia por 2.400 €/mes,"Vivienda que solo admite estancias de temporada para finalidad de uso recreativo, turístico o de temporada de vacaciones, mínimo 32 noches, de acuerdo con el articulo 66 bis de la ley 18/2007, del derecho a la vivienda, estupendo loft en gracia muy amplio con gran terraza privada de 30m2. Consta ...",2400,la vila de gracia 6 0/,80 m²,80 m²,,1,,Entre 10 y 20 años,29939341-Jun9-RYC.b1,,,,,,,2026-05-26
https://www.pisos.com/alquilar/piso-el_fort_pienc-63400314717_106400/,Piso en alquiler en El Fort Pienc en El Fort Pienc por 1.600 €/mes,"Disponible desde enero 2.026 estudio que solo admite estancias de temporada para finalidad de uso recreativo, turístico o de temporada de vacaciones, mínimo 32 noches, de acuerdo con el articulo 66 bis de la ley 18/2007, del derecho a la vivienda, este apartamento sólo está disponible para estanc...",1600,el fort pienc 7 0/,60 m²,60 m²,,1,,Entre 10 y 20 años,109332323-May31 (2 meses) - RF 1 -1,,,,,,,2026-05-26
https://www.pisos.com/alquilar/piso-el_parc_la_llacuna_del_poblenou08018-64210937484_106400/,Piso en alquiler en El Parc-La Llacuna del Poblenou en El Parc-La Llacuna del Poblenou por 1.700 €/mes,"Disponibilidad - entrada 7 de junio acogedor estudio en el corazón de poblenou. Descubre este elegante apartamento de 1 habitacion y 1 baño situado en el vibrante barrio de el poblenou. Con 55 m² de superficie, esta vivienda combina comodidad moderna con un ambiente cálido y acogedor. El apartame...",1700,el parc la llacuna del poblenou 4 0/,60 m²,60 m²,,1,4ª,Entre 20 y 30 años,110244203-110244203,,,,,,,2026-05-26
https://www.pisos.com/alquilar/piso-sant_gervasi_galvany-64220570627_106400/,Piso en alquiler en Sant Gervasi-Galvany en Sant Gervasi-Galvany por 2.200 €/mes,,2200,sant gervasi galvany 7 0/,85 m²,85 m²,2,1,4ª,Menos de 5 años,107743850-MAY 15 - MC.2.1-LD.,,,,,,,2026-05-26
https://www.pisos.com/alquilar/atico-sants_montjuic_hostafrancs08014-64209978807_518209/,"Ático en alquiler en Carrer d'Hostafrancs, 20 en Hostafrancs por 1.000 €/mes","Ref: 003309b alquiler maximo 11 meses (uso exclusivo ocio/vacacional) disponible 10/06/2026 índice de referencia de precios: 925,43€ zona tensionada del idrp: si nra: en trámite estado: segunda mano situación últimos 5 años: alquiler temporal precio de la última renta: no aplica cer...",1000,sants montjuic hostafrancs 7 9/,29 m²,24 m²,1,1,5ª,Más de 50 años,003309B,,,Eléctrica,Independiente,,"Terraza privada, vistas a la ciudad",2026-05-26
https://www.pisos.com/alquilar/estudio-sarria_sant_gervasi_sarria08017-63418778520_532306/,Estudio en alquiler en Carrer de la Santíssima Trinitat del Mont en Sarrià por 1.695 €/mes,"A la part alta de l’encantador barri de sarrià, en una de les zones més tranquil·les i privilegiades de barcelona, s’amaga aquesta llar que sembla suspesa entre la ciutat i la natura. Aquí, la vida canvia de ritme. El soroll urbà es dilueix a poc a poc mentre l’aire es torna més pur i lleuger. ...",1695,estudio sarria sant gervasi sarria 0 6/,45 m²,45 m²,1,1,Bajo,Más de 50 años,001013,,,Aire acondicionado,Abierta,,,2026-05-26
https://www.pisos.com/alquilar/piso-el_raval08001-16716952421_518209/,"Piso en alquiler en Carrer Nou de la Rambla, cerca de Carrer de la Guàrdia en El Raval por 1.830 €/mes",Ref: 002134 alquiler maximo 11 meses (uso exclusivo vacaciones/ ocio) disponible ya en cumplimiento de la normativa vigente informamos que: índice de referencia de precios: 1.568 zona tensionada: del idrp: si nra: en tramite estado: segunda mano situación últimos 5 años: alquiler te...,1830,el raval 1 9/,130 m²,118 m²,4,2,3ª,Más de 50 años,002134,,2,Eléctrica,Equipada independiente,,,2026-05-26
https://www.pisos.com/alquilar/piso-el_raval08001-80055829933_515865/,"Piso en alquiler en Carrer de les Carretes, cerca de Carrer de l' Aurora en El Raval por 1.150 €/mes","Ref rs0001 disponible junio piso de alquiler temporal demostrable en ciutat vella. Contrato temporal por uso de ocio, vacacional o recreativo - se alquila maravilloso piso a estrenar de alto standing , de 65m² útiles, muy soleado, en finca totalmente reformada en el año 2017. Tiene do...",1150,el raval 3 5/,65 m²,60 m²,2,2,3ª,Más de 50 años,RS0001,,2,Central,Tipo  americana,,,2026-05-26
https://www.pisos.com/alquilar/piso-sant_pere_santa_caterina_la_ribera08003-63432537754_518209/,Piso en alquiler en Carrer de l'Hostal de Sant Antoni en Sant Pere-Santa Caterina-La Ribera por 1.800 €/mes,Ref: 003649 alquiler (ocio / vacacional) hogar acogedor con balcón en el centro histórico disponible: junio a agosto en cumplimiento de la normativa vigente informamos que: índice de referencia de precios: ocio/vacacional (no aplica) zona tensionada del idrp: si nra: no estado: buen...,1800,sant pere santa caterina la ribera 4 9/,48 m²,48 m²,1,1,2ª,Más de 50 años,003649,,1,,Americana,,,2026-05-26
https://www.pisos.com/alquilar/piso-el_putxet_el_farro08023-55906253888_148700/,"Piso en alquiler en Carrer de Ferran Puig, cerca de Carrer de la Costa en El Putxet-El Farró por 3.500 €/mes","Amplio recibidor, gran salón-comedor con acceso a una fantástica terraza, muy soleada y tranquila, que incluye una agradable zona de porche. Cocina office, espaciosa y luminosa, totalmente equipada, con salida a un patio interior y zona de lavandería. La vivienda dispone de cuatro habitaciones ex...",3500,el putxet el farro 8 0/,151 m²,151 m²,4,2,1ª,Más de 50 años,003129,,Más de 2,,,,,2026-05-26
https://www.pisos.com/alquilar/piso-el_barri_gotic08002-64177039198_518209/,Piso en alquiler en Carrer dels Boters en El Barri Gòtic por 1.102 €/mes,"Ref: 003656 alquiler maximo 11 meses (uso exclusivo ocio/vacacional) disponible ya en cumplimiento de la normativa vigente informamos que: índice de referencia de precios: 1.035,10€ zona tensionada del idrp: si nra: en trámite estado:segunda mano situación últimos 5 años: alquiler te...",1102,el barri gotic 8 9/,50 m²,50 m²,1,1,2ª,Entre 20 y 30 años,003656,Totalmente,1,,Abierta,,,2026-05-26
https://www.pisos.com/alquilar/piso-el_barri_gotic08002-64231774537_518209/,Piso en alquiler en Carrer dels Boters en El Barri Gòtic por 1.102 €/mes,"Ref: 003655 alquiler maximo 11 meses (uso exclusivo ocio/vacacional) disponible ya índice de referencia de precios: 1.035,10€ zona tensionada del idrp: si nra: en trámite estado:segunda mano situación últimos 5 años: alquiler temporal precio de la última renta: no aplica certificado...",1102,el barri gotic 7 9/,50 m²,50 m²,1,1,1ª,Entre 20 y 30 años,003655,Totalmente,1,,Abierta,,,2026-05-26
https://www.pisos.com/alquilar/piso-el_raval08001-64193060717_518209/,Piso en alquiler en Carrer d'En Robador en El Raval por 1.130 €/mes,"Ref: 001827g alquiler maximo 11 meses (uso exclusivo ocio / vacacional) disponible ya en cumplimiento de la normativa vigente informamos que: índice de referencia de precios: 1046,06 € zona tensionada: sí estado: segunda mano situación últimos 5 años: alquiler temporal precio de la úl...",1130,el raval 7 9/,86 m²,79 m²,1,1,3ª,Más de 50 años,001827G,,2,Eléctrica,,,,2026-05-26
https://www.pisos.com/alquilar/piso-la_dreta_de_eixample08007-58373524015_109300/,"Piso en alquiler en Carrer de Balmes, cerca de Carrer de València en La Dreta de l'Eixample por 3.300 €/mes","Piso de alquiler temporal junto a paseo de gracia. En finca rehabilitada de 1890 con ascensor. En una tecera planta con 126m2 distribuidos en salon independiente, cocina americana con codedor, dos habitaciones dobles y un gran baño completo con plato de ducha. Piso completamente amueblado de dise...",3300,la dreta de eixample 5 0/,126 m²,120 m²,2,1,2ª,Más de 50 años,FE0817,,,Bomba de calor,Americana,,,2026-05-26
https://www.pisos.com/alquilar/piso-antiga_esquerra_de_eixample08036-64172614052_532727/,"Piso en alquiler en Carrer de Muntaner, cerca de Carrer de Mallorca en L'Antiga Esquerra de l'Eixample por 3.200 €/mes","La vivienda dispone de 103 m² útiles y se encuentra completamente amueblada y equipada, lista para entrar a vivir. Ubicada en una primera planta exterior con ascensor, destaca por su amplitud, luminosidad y excelente distribución. Se distribuye en: 1 habitación principal tipo suite con baño...",3200,antiga esquerra de eixample 2 7/,110 m²,103 m²,3,2,Principal,Entre 5 y 10 años,000047,,Más de 2,,Independiente,,,2026-05-26
https://www.pisos.com/alquilar/piso-el_raval08001-61728685383_515865/,"Piso en alquiler en Carrer de les Carretes, cerca de Carrer de l' Aurora en El Raval por 1.150 €/mes","Ref. Rs0008 disponible junio piso de alquiler temporal demostrable en ciutat vella. Contrato temporal por uso de ocio, vacacional o recreativo el piso está en una cuarta planta, con ascensor, interior, sin edificios en frente, por lo que tiene mucha luz natural. Tiene sol todo el día....",1150,el raval 3 5/,65 m²,60 m²,2,2,5ª,Más de 50 años,RS0008,,2,Central,Tipo  americana,,,2026-05-26
https://www.pisos.com/alquilar/piso-la_dreta_de_eixample-60053857852_100500/,"Piso en alquiler en Carrer del Consell de Cent, cerca de Rambla de Catalunya en La Dreta de l'Eixample por 4.900 €/mes","Luminoso apartamento en alquiler en el corazón del eixample. Es una propiedad de alto standing, que cuenta con un dormitorio doble, un dormitorio individual, un baño, un salón-comedor, una cocina completamente equipada, y terraza. Se trata de un 'serviced apartment' que cuenta con servicios...",4900,la dreta de eixample 2 0/,60 m²,57 m²,2,1,3ª,Menos de 5 años,80005LP/6680,,1,,,,,2026-05-26
https://www.pisos.com/alquilar/atico-ciutat_vella_la_barceloneta08003-64217254890_108900/,Ático en alquiler en Carrer de Pontevedra en La Barceloneta por 1.300 €/mes,"Piso disponible a partir de 16.06.2026 alquiler temporal, con una duración mínima de 6 meses y máxima de 18 meses. ¡disfruta de la vida costera en este acogedor piso ubicado en la última planta de un edificio con ascensor, a solo 100 metros de la playa! características principales: superfici...",1300,ciutat vella la barceloneta 0 0/,37 m²,36 m²,2,1,5ª,Más de 50 años,TWB391,,,,,,,2026-05-26
https://www.pisos.com/alquilar/piso-la_dreta_de_eixample08010-62562385593_108900/,Piso en alquiler en Calle Rd Sant Pere en La Dreta de l'Eixample por 8.000 €/mes,"Disponible en alquiler temporal, este elegante y amplio piso es una opción ideal para quienes buscan confort, privacidad y diseño durante su estancia en barcelona. La vivienda destaca por su excelente distribución y espacios generosos, ofreciendo un ambiente sofisticado y acogedor. Dispone de tr...",8000,la dreta de eixample 3 0/,209 m²,195 m²,3,3,2ª,Más de 50 años,TWB519,,,,,,15,2026-05-26
https://www.pisos.com/alquilar/piso-sarria_sant_gervasi_sarria08034-44238754094_108900/,Piso en alquiler en Carrer de Ràfols en Sarrià por 4.950 €/mes,"Espectacular piso en alquiler en sarriá, perteneciente a un excelente conjunto residencial de viviendas con zona comunitaria con piscina, jardín y gimnasio privado. El piso está a estrenar y tiene una superficie de 123m2 construidos y 106m2 útiles, dispone de 3 habitaciones y 2 baños. Terraza de...",4950,sarria sant gervasi sarria 4 0/,124 m²,106 m²,3,2,3ª,,A-SARRIA-03,,,,,,,2026-05-26
https://www.pisos.com/alquilar/piso-sarria_sant_gervasi_sarria08034-44265904297_108900/,Piso en alquiler en Carrer de Ràfols en Sarrià por 4.950 €/mes,"Espectacular piso en alquiler en sarriá, perteneciente a un excelente conjunto residencial de viviendas con zona comunitaria con piscina, jardín y gimnasio privado. El piso está a estrenar y tiene una superficie de 123m2 construidos y 106m2 útiles, dispone de 3 habitaciones y 2 baños. Terraza de...",4950,sarria sant gervasi sarria 7 0/,124 m²,106 m²,3,2,4ª,,A-SARRIA-02,,,,,,,2026-05-26
https://www.pisos.com/alquilar/piso-sarria_sant_gervasi_sarria08034-44215182659_108900/,Piso en alquiler en Carrer de Ràfols en Sarrià por 4.950 €/mes,"Espectacular piso en alquiler en sarriá, perteneciente a un excelente conjunto residencial de viviendas con zona comunitaria con piscina, jardín y gimnasio privado. El piso está a estrenar y tiene una superficie de 123m2 construidos y 106m2 útiles, dispone de 3 habitaciones y 2 baños. Terraza de...",4950,sarria sant gervasi sarria 9 0/,124 m²,106 m²,3,2,3ª,,A-SARRIA-04,,,,,,,2026-05-26
https://www.pisos.com/alquilar/piso-sarria_sant_gervasi_sarria08034-44224168985_108900/,Piso en alquiler en Carrer de Ràfols en Sarrià por 4.950 €/mes,"Espectacular piso en alquiler en sarriá, perteneciente a un excelente conjunto residencial de viviendas con zona comunitaria con piscina, jardín y gimnasio privado. El piso está a estrenar y tiene una superficie de 123m2 construidos y 106m2 útiles, dispone de 3 habitaciones y 2 baños. Terraza de...",4950,sarria sant gervasi sarria 5 0/,124 m²,106 m²,3,2,2ª,,A-SARRIA-05,,,,,,,2026-05-26
https://www.pisos.com/alquilar/piso-sarria_sant_gervasi_sarria08034-44215997064_108900/,Piso en alquiler en Carrer de Ràfols en Sarrià por 4.950 €/mes,"En la zona alta de sarriá encontramos este sensacional piso de alquiler. La vivienda está a estrenar y pertenece a uno de los proyectos urbanísticos más importantes de la zona en los últimos tiempos. Excelente conjunto residencial con zona comunitaria con piscina, jardín y gimnasio privado. El ...",4950,sarria sant gervasi sarria 4 0/,124 m²,106 m²,3,2,2ª,,A-SARRIA-06,,,,,,,2026-05-26
https://www.pisos.com/alquilar/piso-la_vila_de_gracia-58365698341_522145/,"Piso en alquiler en Travessera de Dalt, cerca de Carrer del Cardener en La Vila de Gràcia por 5.040 €/mes","¡vive en el corazón de barcelona con todas las comodidades que necesitas! ofrecemos apartamentos completamente equipados en nuestro edificio de gracia, con servicios diseñados a medida para nuestros residentes. Incluido en el alquiler: • suministros (agua, luz, etc.) • wifi de alta velocida...",5040,la vila de gracia 1 5/,100 m²,100 m²,2,2,3ª,Menos de 5 años,Danielas,,Más de 2,Central,,,,2026-05-26
https://www.pisos.com/alquilar/piso-el_poble_sec08004-64168396755_180200/,"Piso en alquiler en Avinguda del Paral·lel, 167, cerca de Carrer de Tamarit en El Poble-sec por 1.218 €/mes","Este luminoso piso en alquiler se encuentra en la primera planta de un edificio con ascensor en la zona de el poble-sec, barcelona capital. Con una superficie total de 64 m² (55m2 útiles) y 2 habitaciones individuales más 1 habitación doble, este piso reformado ofrece un baño completo, balcón, ca...",1218,el poble sec 5 0/,68 m²,55 m²,3,1,3ª,,071311,,2,,Reformada,,5m²,2026-05-26
https://www.pisos.com/alquilar/apartamento-les_tres_torres08017-58344984705_522145/,Apartamento en alquiler en Carrer de Can Ràbia en Les Tres Torres por 5.000 €/mes,Amplio piso de 4 dormitorios sin amueblar en alquiler tenemos este apartamento disponible para alquilar en una ubicación privilegiada en barcelona. El apartamento cuenta con un amplio salón comedor con acceso a terraza. La zona de día también incluye un dormitorio en suite con armarios empot...,5000,les tres torres 5 5/,234 m²,234 m²,4,3,1ª,Entre 10 y 20 años,000708,,Más de 2,Eléctrica,,,,2026-05-26
https://www.pisos.com/alquilar/casa-pedralbes-64208084779_100600/,Casa en alquiler en Avinguda de Pearson en Pedralbes por 11.200 €/mes,"Situada en una de las zonas más exclusivas de pedralbes, esta distinguida residencia se levanta en un entorno plenamente privado, rodeada de vegetación y con una panorámica incomparable sobre barcelona. Su diseño prioriza la luz natural, la privacidad y una circulación cómoda entre los distintos ...",11200,pedralbes 9 0/,504 m²,440 m²,6,5,,,1663,,,Gas natural,,,,2026-05-26
https://www.pisos.com/alquilar/atico-pedralbes-59231254656_100500/,Ático en alquiler en Carrer de Tòquio en Pedralbes por 12.000 €/mes,"Ubicada en una de las calles más distinguidas de pedralbes, esta propiedad ofrece unas vistas espectaculares y un nivel de privacidad excepcional. Al acceder a la vivienda, un amplio recibidor da la bienvenida y conduce a la zona de día, donde destaca un salón a dos ambientes con vistas directas ...",12000,pedralbes 6 0/,300 m²,No indicada,5,4,5ª,Entre 30 y 50 años,SP210NE/2237,,1,,,,,2026-05-26
https://www.pisos.com/alquilar/piso-la_dreta_de_eixample08008-64170333967_518209/,"Piso en alquiler en Carrer de Còrsega, cerca de Avinguda Diagonal en La Dreta de l'Eixample por 1.342 €/mes","Ref: 003450d alquiler maximo 11 meses (uso exlcusivo ocio / vacacional) disponible 01/06/2026 en cumplimiento de la normativa vigente informamos que: índice de referencia de precios: 1121,2€ zona tensionada: sí estado: segunda mano situación últimos 5 años: alquilado temporal precio d...",1342,la dreta de eixample 7 9/,45 m²,42 m²,1,1,Bajo,Más de 50 años,003450D,,,,,,,2026-05-26
https://www.pisos.com/alquilar/estudio-sant_pere_santa_caterina_la_ribera08003-64266012675_518209/,Estudio en alquiler en Carrer del Sabateret en Sant Pere-Santa Caterina-La Ribera por 1.300 €/mes,Ref: 003551a estudio en alquiler disponible 03/06/2026 aicat 9349 características: este acogedor piso de 50 m² está ubicado en la primera planta de un edificio con ascensor y se encuentra en perfecto estado de conservación. Se sitúa en el vibrante y céntrico barrio de sant pere – santa c...,1300,estudio sant pere santa caterina la ribera 5 9/,50 m²,44 m²,1,1,Principal,Entre 20 y 30 años,003551A,Totalmente amueblado,Más de 2,,Totalmente equipada,,,2026-05-26
https://www.pisos.com/alquilar/piso-la_maternitat_sant_ramon-63343839529_530867/,"Piso en alquiler en Travessera de les Corts, cerca de Gran Via de Carles III en La Maternitat-Sant Ramon por 925 €/mes","Piso en alquiler de 47 m² con balcón en les corts ubicado en la zona de les corts, junto a travessera de les corts y numància, en un **2º sin ascensor**, piso exterior a patio de manzana muy tranquilo, con salón comedor con salida a balcón, cocina independiente equipada, dormitorio doble con a...",925,la maternitat sant ramon 9 7/,47 m²,43 m²,1,1,2ª,Más de 50 años,ES55007847,,1,Eléctrica,Independiente,,,2026-05-26
https://www.pisos.com/alquilar/atico-la_vila_de_gracia08012-63359823418_518209/,"Ático en alquiler en Travessera de Gràcia, cerca de Carrer de Bailèn en La Vila de Gràcia por 2.700 €/mes","Ref: 002276a alquiler larga estancia disponible 04/05/2026 en cumplimiento de la normativa vigente informamos que: índice de referencia de precios: 1.698,89 € zona tensionada del idrp: si nra: en trámite estado: segunda mano situación últimos 5 años: alquiler larga estancia ha est...",2700,la vila de gracia 8 9/,135 m²,125 m²,3,2,5ª,Entre 30 y 50 años,002276A,,Más de 2,Eléctrica,,,,2026-05-26
https://www.pisos.com/alquilar/piso-el_raval08001-64264176879_518209/,Piso en alquiler en Carrer de la Guàrdia en El Raval por 1.158 €/mes,"Ref: 003063d alquiler máximo 11 meses (uso exclsuivo ocio / vacacional) disponible 29/05/2026 en cumplimiento de la normativa vigente informamos que: índice de referencia de precios: 1.087,13€ zona tensionada del idrp: si nra: en trámite estado: segunda mano situación últimos 5 años: ...",1158,el raval 9 9/,63 m²,59 m²,2,1,4ª,Más de 50 años,003063D,,2,,Equipado,,,2026-05-26
https://www.pisos.com/alquilar/piso-la_dreta_de_eixample08010-62547843861_109300/,"Piso en alquiler en Ronda de Sant Pere, cerca de Carrer de Girona en La Dreta de l'Eixample por 9.900 €/mes","Exclusiva propiedad señorial con terrazas en finca regia – cuadrat d’or, barcelona en pleno corazón de barcelona, se encuentra esta extraordinaria propiedad señorial de alto standing, situada en una elegante finca regia esquinera de 1930 con ascensor. Ubicada a escasos metros de plaça urquina...",9900,la dreta de eixample 1 0/,357 m²,No indicada,6,3,2ª,,2765,,,Gas natural,,,,2026-05-26
https://www.pisos.com/alquilar/casa-la_clota08035-63378349227_522145/,Casa en alquiler en Carrer de la Puríssima en La Clota por 7.140 €/mes,"En oak properties tenemos el placer de presentar esta exclusiva villa situada en un encantador barrio de barcelona que conserva su esencia rural, con orígenes que se remontan al siglo xiii, en contraste con el vibrante crecimiento de barcelona que lo rodea. Esta magnífica propiedad de 348 m², ...",7140,la clota 7 5/,348 m²,348 m²,8,5,,,000923,,,Eléctrica,,,,2026-05-26
https://www.pisos.com/alquilar/casa-la_clota08035-61682908661_522145/,Casa en alquiler en Carrer de la Puríssima en La Clota por 7.140 €/mes,"En oak properties tenemos el placer de presentar esta exclusiva villa situada en un encantador barrio de barcelona que conserva su esencia rural, con orígenes que se remontan al siglo xiii, en contraste con el vibrante crecimiento de barcelona que lo rodea. Esta magnífica propiedad de 348 m², ...",7140,la clota 1 5/,348 m²,348 m²,8,5,,,000864,,,Eléctrica,,,,2026-05-26
https://www.pisos.com/alquilar/piso-antiga_esquerra_de_eixample-64247974600_100500/,"Piso en alquiler en Avinguda de Josep Tarradellas, cerca de Plaça de Francesc Macià en L'Antiga Esquerra de l'Eixample por 2.055 €/mes","Dcano real estate agency presenta en exclusiva este elegante piso totalmente reformado y amueblado, ubicado en una de las zonas más demandadas y cotizadas de barcelona, a escasos pasos de plaça francesc macià. La vivienda, lista para entrar a vivir, destaca por su diseño contemporáneo, su cuid...",2055,antiga esquerra de eixample 0 0/,87 m²,85 m²,3,2,1ª,Más de 50 años,DC729/9085,,1,Gas natural,,,,2026-05-26
https://www.pisos.com/alquilar/piso-el_barri_gotic08002-64219200663_518209/,Piso en alquiler en Carrer dels Escudellers Blancs en El Barri Gòtic por 960 €/mes,"Ref: 003475b alquiler maximo 11 meses (uso exclsuivo ocio / vacacional) disponible ya en cumplimiento de la normativa vigente informamos que: índice de referencia de precios: 934,84 € zona tensionada del idrp: si nra: en trámite estado: segunda mano situación últimos 5 años: alquiler ...",960,el barri gotic 3 9/,60 m²,60 m²,1,2,3ª,Más de 50 años,003475B,Totalmente amueblado,,Central,Totalmente equipada,,,2026-05-26
https://www.pisos.com/alquilar/apartamento-sant_pere_santa_caterina_la_ribera08003-64206819507_530867/,Apartamento en alquiler en Carrer del Rec en Sant Pere-Santa Caterina-La Ribera por 1.000 €/mes,"Ubicado en el corazón de el born, en una de las zonas más demandadas del centro de barcelona, en una finca con carácter, en una segunda planta, este piso luminoso destaca por sus elementos originales como las vigas de madera vistas y su ambiente acogedor. Se distribuye en un salón comedor con zon...",1000,sant pere santa caterina la ribera 7 7/,45 m²,42 m²,1,1,2ª,Más de 50 años,ES55008345,,1,Eléctrica,Abierta,,,2026-05-26
https://www.pisos.com/alquilar/piso-la_dreta_de_eixample08008-63384384973_522145/,"Piso en alquiler en Passeig de Gràcia, cerca de Carrer de Provença en La Dreta de l'Eixample por 10.500 €/mes","Este espectacular apartamento de lujo, situado en el centro de barcelona, brinda una experiencia de vida inigualable en una de las áreas más exclusivas de la ciudad. Con tres amplias habitaciones dobles y tres baños, este lugar es un verdadero refugio de confort y sofisticación. Al ingresar, n...",10500,la dreta de eixample 3 5/,220 m²,220 m²,4,4,4ª,,000932,,Más de 2,Eléctrica,,,,2026-05-26
https://www.pisos.com/alquilar/piso-antiga_esquerra_de_eixample-62524194378_522145/,Piso en alquiler en Calle Gran Via en L'Antiga Esquerra de l'Eixample por 3.300 €/mes,"Disponibilidad: directo tipo de alquiler: temporal hasta 11 meses moderno apartamento de 95 m2 totalmente amueblado en la primeraª planta.esta elegante propiedad incluye 2 dormitorios dobles, una luminosa sala de estar, una cocina totalmente equipada y un baño contemporáneo. Situado en un ba...",3300,antiga esquerra de eixample 8 5/,94 m²,87 m²,2,2,2ª,Menos de 5 años,000905,,Más de 2,Central,,,,2026-05-26
https://www.pisos.com/alquilar/duplex-antiga_esquerra_de_eixample08006-52507404280_522145/,"Dúplex en alquiler en Gran Via de les Corts Catalanes, cerca de Carrer de Balmes en L'Antiga Esquerra de l'Eixample por 8.000 €/mes","Este maravilloso dúplex registrado como local en el eixample de barcelona es una joya oculta en el corazón de la ciudad. El amplio jardín con riego automático de mas de 300 metros cuadrados está lleno de árboles y plantas, creando un oasis de tranquilidad en medio del ajetreo urbano. El espacio e...",8000,antiga esquerra de eixample 0 5/,640 m²,350 m²,2,3,Bajo,,000557,,Más de 2,Eléctrica,,,,2026-05-26
https://www.pisos.com/alquilar/piso-la_dreta_de_eixample08010-63377001045_530867/,"Piso en alquiler en Carrer d'Alí Bei, cerca de Carrer de Girona en La Dreta de l'Eixample por 1.490 €/mes","Ubicado en una excelente zona del eixample y situado en la 4ª planta con ascensor, la vivienda dispone de amplio salón-comedor muy luminoso con salida a gran balcón exterior, cocina independiente equipada con zona de lavadero, dormitorio principal doble, segundo dormitorio individual y tercera es...",1490,la dreta de eixample 5 7/,70 m²,65 m²,3,1,4ª,Entre 30 y 50 años,ES55007470,,2,Eléctrica,Independiente,,,2026-05-26
https://www.pisos.com/alquilar/piso-sants_montjuic_hostafrancs08015-64204596462_530867/,Piso en alquiler en Carrer de Tarragona en Hostafrancs por 900 €/mes,"Ubicado en finca catalogada cerca de sants estació, en un 4º sin ascensor, este piso destaca por su buena entrada de luz natural y su distribución funcional. Cuenta con un salón comedor exterior con zona de estar y mesa, una cocina independiente equipada con horno, placa, nevera y lavadora, un do...",900,sants montjuic hostafrancs 2 7/,45 m²,42 m²,1,1,4ª,Más de 50 años,ES55008045,,,Eléctrica,Independiente,,,2026-05-26
https://www.pisos.com/alquilar/piso-diagonal_mar_el_front_maritim_del_poblenou-63418485089_522145/,"Piso en alquiler en Rambla de Prim, cerca de Avinguda Diagonal en Diagonal Mar-El Front Marítim del Poblenou por 5.145 €/mes",Exclusiva residencia de 1 dormitorio con vistas al mar en diagonal mar alquiler de temporada (vacacional / estancias de ocio) propiedad de pequeño tenedor último contrato: 6.100 € no aplica índice de precios por tratarse de uso no residencial habitual. Ubicada en una de las zonas más conte...,5145,diagonal mar el front maritim del poblenou 9 5/,80 m²,80 m²,1,1,5ª,Menos de 5 años,Amy,,Más de 2,Central,Americana,,,2026-05-26
https://www.pisos.com/alquilar/piso-la_dreta_de_eixample-60092711593_100500/,"Piso en alquiler en Carrer del Consell de Cent, cerca de Rambla de Catalunya en La Dreta de l'Eixample por 8.300 €/mes","Luminoso apartamento en alquiler en el corazón del eixample. Es una propiedad de alto standing, que cuenta con un dormitorio doble, un dormitorio individual, dos baños, un salón-comedor, una cocina completamente equipada, y terraza privada de 48m2. El salón tiene un sofá-cama doble. Se trat...",8300,la dreta de eixample 3 0/,128 m²,125 m²,2,2,1ª,Menos de 5 años,80006LP/6680,,1,,,,,2026-05-26
https://www.pisos.com/alquilar/estudio-el_raval08001-64204418527_518209/,Estudio en alquiler en Carrer de Picalquers en El Raval por 775 €/mes,Ref: 003421b alquiler de máximo 11 meses (uso exclusivo vacaciones/ocio) disponible 10/06/2026 en cumplimiento de la normativa vigente informamos que: índice de referencia de precios: no aplica zona tensionada: sí estado: segunda mano situación últimos 5 años: alquiler temporal precio...,775,estudio el raval 7 9/,27 m²,25 m²,1,1,1ª,Más de 50 años,003421B,,,,,,,2026-05-26
https://www.pisos.com/alquilar/estudio-el_putxet_el_farro08023-64206736845_518209/,Estudio en alquiler en Carrer d'Elisa en El Putxet-El Farró por 900 €/mes,Ref: 000653n alquiler de temporada máximo 11 meses disponible 01/06/2026 aicat: 9349 caracteristicas - estudio de 30m2 en sarrià-sant gervasi - 1 habitación doble - 1 baño completo - cocina totalmente equipada - piso totalmente amueblado listo para entrar a vivir - cerca de todas l...,900,estudio el putxet el farro 5 9/,30 m²,30 m²,1,1,Bajo,Más de 50 años,000653N,Totalmente amueblado,,Gas natural,Totalmente equipada,,,2026-05-26
https://www.pisos.com/alquilar/piso-la_dreta_de_eixample-64249576397_106500/,"Piso en alquiler en Carrer d'Aragó, cerca de Passatge del Mercat en La Dreta de l'Eixample por 2.700 €/mes","Apartamento en eixample, completamente decorado, a 10 minutos del passeig de gracia. Este encantador apartamento está ubicado en la tercera planta de un edificio con ascensor y te ofrece una experiencia de vida inigualable. Situado junto al histórico mercat de la concepció y la encantadora calle ...",2700,la dreta de eixample 7 0/,70 m²,70 m²,3,2,3ª,Más de 50 años,105472046-105472046,,,,,,,2026-05-26
https://www.pisos.com/alquilar/piso-la_dreta_de_eixample-63391605783_106500/,"Piso en alquiler en Carrer d'Aragó, cerca de Passatge del Mercat en La Dreta de l'Eixample por 2.400 €/mes","Disponible 4 de mayo! este encantador apartamento de se encuentra junto al emblemático mercat de la concepció, ofreciendo una ubicación inmejorable en pleno centro de la ciudad. Con vistas despejadas y orientación sur, disfrutarás de un hogar muy soleado durante todo el día. La vivienda ha sido r...",2400,la dreta de eixample 3 0/,65 m²,65 m²,2,1,2ª,Más de 50 años,105544811-105544811,,,,,,,2026-05-26
https://www.pisos.com/alquilar/apartamento-sant_pere_santa_caterina_la_ribera08003-60035368266_522145/,"Apartamento en alquiler en Via Laietana, cerca de Carrer de Manresa en Sant Pere-Santa Caterina-La Ribera por 3.224 €/mes","Un apartamento renovado de dos dormitorios en via laietana está disponible para la venta. Al entrar en la propiedad, quedará impresionado por el hermoso dormitorio doble con baño en suite. El baño en suite tiene armarios empotrados, una ventana con vistas al patio interior y mucha luz natural...",3224,sant pere santa caterina la ribera 6 5/,100 m²,95 m²,2,4,4ª,Menos de 5 años,Laia,,Más de 2,Eléctrica,,,,2026-05-26
https://www.pisos.com/alquilar/piso-la_nova_esquerra_de_eixample08029-24210790747_518209/,"Piso en alquiler en Carrer de Viladomat, cerca de Carrer de Mallorca en La Nova Esquerra de l'Eixample por 1.428 €/mes","Ref: 000765p alquiler maximo 11 meses (uso exclusivo ocio / vacacional) disponible: 29 de mayo 2026 en cumplimiento de la normativa vigente informamos que: índice de referencia de precios: 972,53 euros zona tensionada del idrp: si nra: en trámite estado: segunda mano situación últi...",1428,la nova esquerra de eixample 7 9/,72 m²,70 m²,2,1,1ª,Más de 50 años,000765P,Totalmente amueblado,,,Totalmente equipada,,,2026-05-26
https://www.pisos.com/alquilar/piso-la_dreta_de_eixample08009-60864360467_141200/,"Piso en alquiler en Carrer de la Diputació, cerca de Carrer de Pau Claris en La Dreta de l'Eixample por 5.100 €/mes","Ofrecemos este espectacular piso situado en una ubicación privilegiada, en la calle diputació con paseo de gracia, una de las zonas más cotizadas y mejor comunicadas de barcelona. La vivienda cuenta con 223 m² muy bien distribuidos. Dispone de un amplio recibidor, 4 habitaciones dobles de gran...",5100,la dreta de eixample 7 0/,223 m²,220 m²,7,3,3ª,Más de 50 años,002705,,Más de 2,,Americana,,,2026-05-26
https://www.pisos.com/alquilar/casa-la_clota08035-63418848669_532727/,Casa en alquiler en Carrer de la Puríssima en La Clota por 7.114 €/mes,"Se alquila villa única en la clota, una zona muy especial de barcelona que mantiene un ambiente tranquilo y casi rural, algo difícil de encontrar hoy en día dentro de la ciudad. La vivienda tiene 348 m² y fue reformada completamente en 2023, manteniendo la fachada original de 1923 pero con tod...",7114,la clota 9 7/,348 m²,340 m²,8,7,,Entre 5 y 10 años,000027,,,,Independiente,,,2026-05-26
https://www.pisos.com/alquilar/duplex-el_putxet_el_farro08006-56710319972_522145/,"Dúplex en alquiler en Carrer d'Aribau, cerca de Carrer de Marià Cubí en El Putxet-El Farró por 8.000 €/mes","Este increíble triplex con piscina y múltiples terrazas ya está disponible. En la primera planta, la entrada principal, el dormitorio principal con vestidor y baño en-suite, y una terraza privada de 30m2. También hay otro dormitorio doble con armarios empotrados y baño en-suite. La segunda...",8000,el putxet el farro 2 5/,320 m²,320 m²,5,6,8ª,Más de 50 años,Trayas,,Más de 2,Central,,,,2026-05-26
https://www.pisos.com/alquilar/piso-la_dreta_de_eixample08007-64252261875_522145/,"Piso en alquiler en Gran Via de les Corts Catalanes, cerca de Carrer de Balmes en La Dreta de l'Eixample por 2.150 €/mes","Arrendamiento autorizado exclusivamente para estancias de más 32 días destinadas a fines de ocio, vacacionales, recreativos o culturales. Este precioso piso en alquiler temporal se encuentra en la zona de la dreta de l'eixample, en barcelona capital. Ubicado en una segunda planta, cuenta con u...",2150,la dreta de eixample 5 5/,70 m²,70 m²,2,2,1ª,,000947,,Más de 2,Eléctrica,,,,2026-05-26
https://www.pisos.com/alquilar/atico-la_dreta_de_eixample08010-63385704652_522145/,"Ático en alquiler en Ronda de Sant Pere, cerca de Carrer d' Ausiàs Marc en La Dreta de l'Eixample por 7.500 €/mes",Presentamos este espectacular ático que se encuentra en la última planta de una histórica fábrica textil. Desde el momento en que entras en el pasaje donde esta ubicado con las plantas en cada rincón puedes sentir la energía especial del edificio. Al entrar al ático te impresiona la altura de los...,7500,la dreta de eixample 2 5/,300 m²,300 m²,2,2,4ª,,000937,,Más de 2,Gas natural,,,,2026-05-26
https://www.pisos.com/alquilar/atico-sant_pere_santa_caterina_la_ribera08003-63342127867_522145/,Ático en alquiler en Passatge de Sert en Sant Pere-Santa Caterina-La Ribera por 7.500 €/mes,Presentamos este espectacular ático que se encuentra en la última planta de una histórica fábrica textil. Desde el momento en que entras en el pasaje donde esta ubicado con las plantas en cada rincón puedes sentir la energía especial del edificio. Al entrar al ático te impresiona la altura de los...,7500,sant pere santa caterina la ribera 7 5/,300 m²,300 m²,2,2,4ª,,000942,,Más de 2,Gas natural,,,,2026-05-26
https://www.pisos.com/alquilar/estudio-ciutat_vella_la_barceloneta08003-55842513592_515865/,Estudio en alquiler en Carrer de l'Atlàntida en La Barceloneta por 1.250 €/mes,"Ref. Rs 7008 alquiler temporal, únicamente para fines vacacionales, recreativos o de ocio. Disponible ya. Este encantador estudio en alquiler se encuentra en la zona de la barceloneta, en barcelona capital. Con una superficie total de 35 m² y una superficie útil de 30 m², consta de una...",1250,estudio ciutat vella la barceloneta 2 5/,35 m²,30 m²,1,1,Bajo,,RS7008,,,,Equipada,,,2026-05-26
https://www.pisos.com/alquilar/piso-el_congres_els_indians08027-63378468377_530867/,Piso en alquiler en Carrer de Puerto Príncipe en El Congrés-Els Indians por 850 €/mes,"Ubicado en la zona de campo florido – puerto príncipe, en una finca tranquila, este piso se encuentra en una 2ª planta sin ascensor y destaca por su buena distribución y la luminosidad en la zona de día. Dispone de un salón amplio con cocina americana totalmente equipada (horno, microondas, never...",850,el congres els indians 7 7/,42 m²,38 m²,1,1,2ª,Entre 30 y 50 años,ES55007742,,1,Eléctrica,Americana,,,2026-05-26
https://www.pisos.com/alquilar/apartamento-la_dreta_de_eixample08007-60086347690_522145/,"Apartamento en alquiler en Passeig de Gràcia, cerca de Carrer d' Aragó en La Dreta de l'Eixample por 5.939 €/mes","Disponibilidad: directo se alquila elegante apartamento. Ingrese a un mundo de vida de lujo en su máxima expresión con este exclusivo y bellamente renovado apartamento de 3 dormitorios, el apartamento está convenientemente ubicado en el emblemático paseo de gracia en el corazón de barc...",5939,la dreta de eixample 0 5/,170 m²,170 m²,3,3,4ª,,000819,,1,Eléctrica,,,,2026-05-26
https://www.pisos.com/alquilar/piso-sant_pere_santa_caterina_la_ribera08010-64203945585_100600/,"Piso en alquiler en Carrer de Trafalgar, cerca de Ronda de Sant Pere en Sant Pere-Santa Caterina-La Ribera por 2.900 €/mes","Apartamento de 2 dormitorios en el eixample - disponoble ahora para alquileres de 32 a 11 meses este bonito apartamento de 2 dormitorios en el eixample tiene una superficie total de 104,4 m2. Y está situado en la primera planta de un edificio histórico. Forma parte de un proyecto de renovac...",2900,sant pere santa caterina la ribera 5 0/,110 m²,No indicada,2,2,1ª,,3304,,,Eléctrica,,,,2026-05-26
https://www.pisos.com/alquilar/atico-la_maternitat_sant_ramon08028-64221026765_106500/,Ático en alquiler en Avinguda de Sant Ramon Nonat en La Maternitat-Sant Ramon por 1.000 €/mes,"**estudio con terraza**¡descubre tu nuevo hogar en el corazón de collblanc! este bonito estudio/ ático reformado te ofrece un espacio diáfano con una moderna cocina americana, perfecto para disfrutar de la vida urbana. Con 50 m² construidos, este acogedor refugio cuenta con armarios empotrados, a...",1000,la maternitat sant ramon 5 0/,50 m²,50 m²,1,1,6ª,,185547857-151334,,,,,,,2026-05-26
https://www.pisos.com/alquilar/piso-la_nova_esquerra_de_eixample-64188504382_106400/,"Piso en alquiler en Carrer del Consell de Cent, cerca de Carrer del Comte d'Urgell en La Nova Esquerra de l'Eixample por 4.000 €/mes","Disponible del 18 de julio de 2026 al 31 de agosto de 2026 ¡descubre este espectacular piso de alquiler de temporada en una ubicación inmejorable! con una superficie de 116 m², este inmueble se encuentra en el corazón de la ciudad, en la calle consejo de ciento con urgell, a pocos pasos del metro...",4000,la nova esquerra de eixample 2 0/,130 m²,130 m²,4,2,2ª,Más de 50 años,111328810-consejociento4h18junio a 31 agosto,,,,,,,2026-05-26
https://www.pisos.com/alquilar/piso-la_dreta_de_eixample-63337177876_106500/,"Piso en alquiler en Gran Via de les Corts Catalanes, cerca de Carrer de Roger de Llúria en La Dreta de l'Eixample por 2.700 €/mes","**piso en alquiler en el corazón del eixample - disponible a partir del 1 de mayo** descubre este espectacular piso en pleno eixample, a solo unos pasos del emblemático passeig de gracia. Con 120 m² construidos, este apartamento en un edificio típico de la zona ofrece un ambiente acogedor y elega...",2700,la dreta de eixample 6 0/,96 m²,96 m²,2,2,3ª,Más de 50 años,111149936-111149936,,,,,,,2026-05-26
https://www.pisos.com/alquilar/piso-el_raval-62592538430_106400/,Piso en alquiler en Carrer de Gravina en El Raval por 3.300 €/mes,Contactar por whatsap al + 3 4 6 2 5 5 3 0 1 1 0 contacte con nosotros para ver más inmuebles similares que no están publicados pero tenemos en cartera por whatsap al + 3 4 6 2 5 5 3 0 1 1 0 y te ayudaremos a buscar el inmueble que necesitas. **piso en alquiler temporal en el corazón de barcelona...,3300,el raval 0 0/,120 m²,120 m²,3,3,2ª,Entre 10 y 20 años,110971277-gravina3h,,,,,,,2026-05-26
https://www.pisos.com/alquilar/piso-la_dreta_de_eixample-61686133067_106500/,"Piso en alquiler en Carrer d'Aragó, cerca de Passatge del Mercat en La Dreta de l'Eixample por 3.000 €/mes","Apartamento en alquiler ubicado en pleno centro de barcelona, muy cerca de paseo de gracia. Disponible 20 de mayo 2026 dispone de 3 habitaciones dobles, todas exteriores, baño y aseo, salón comedor y cocina, completamente decorado. Este inmueble se encuentra en la tercera planta y cuenta con asc...",3000,la dreta de eixample 7 0/,75 m²,75 m²,3,2,3ª,Más de 50 años,104917573-104917573,,,,,,,2026-05-26
https://www.pisos.com/alquilar/loft-sant_pere_santa_caterina_la_ribera08003-51690353170_101800/,Loft en alquiler en Passatge de Sert en Sant Pere-Santa Caterina-La Ribera por 7.500 €/mes,"Lejos de las miradas indiscretas y de las calles ruidosas, en pleno corazón de la ciudad, hay un apartamento de lujo único para compradores de mente abierta, que buscan techos altos, un diseño impecable y acabados de alta gama. Enormes ventanales dejan entrar abundante luz natural en cada rincón ...",7500,sant pere santa caterina la ribera 0 0/,293 m²,No indicada,2,2,4ª,Más de 50 años,I-00L780-W-02YNNN,,1,Central,Cocina equipada,,,2026-05-26
https://www.pisos.com/alquilar/piso-la_dreta_de_eixample08009-47533927779_101800/,"Piso en alquiler en Carrer de València, cerca de Avinguda Diagonal en La Dreta de l'Eixample por 4.200 €/mes","Alquiler temporal con finalidad vacacional, recreativa o de ocio. Disponible a partir del 3 de mayo 2024 hasta el 26 de junio, y a partir del 1 de noviembre. El propietario es un tenedor, sí. Índice: no aplicable: parcela sin división horizontal + 150m2 alquiler último arrendamiento: 4.700€ est...",4200,la dreta de eixample 9 0/,110 m²,No indicada,3,2,3ª,Más de 50 años,I-00L38Z-W-02X7GF,,1,Central,Cocina equipada,,,2026-05-26
https://www.pisos.com/alquilar/estudio-la_vila_de_gracia08012-63424964407_530867/,"Estudio en alquiler en Carrer de Tordera, cerca de Carrer del Torrent de l'Olla en La Vila de Gràcia por 975 €/mes","Ubicado en gràcia, a pocos minutos de passeig de gràcia, y situado en la 2ª planta sin ascensor, la vivienda dispone de un espacio diáfano bien aprovechado con zona de descanso con cama doble, salón con sofá, comedor junto a la ventana, pequeña cocina independiente equipada, armario amplio y baño...",975,estudio la vila de gracia 7 7/,40 m²,38 m²,,1,2ª,Entre 30 y 50 años,ES55007340,,,Eléctrica,Independiente,,,2026-05-26
https://www.pisos.com/alquilar/piso-el_barri_gotic08002-56668630731_520471/,Piso en alquiler en Carrer de Rauric en El Barri Gòtic por 1.350 €/mes,"En pleno centro histórico de barcelona, este encantador piso en carrer de rauric, ofrece una ubicación inmejorable para quienes buscan vivir en un entorno vibrante, con historia, cultura y excelente conexión con toda la ciudad. ✅ características del piso: 2 habitaciones luminosas, ideales par...",1350,el barri gotic 1 1/,57 m²,57 m²,2,1,3ª,Entre 5 y 10 años,101778,,2,,,,,2026-05-26
https://www.pisos.com/alquilar/piso-la_nova_esquerra_de_eixample08029-63334445619_532727/,"Piso en alquiler en Carrer de Rocafort, cerca de Carrer de Còrsega en La Nova Esquerra de l'Eixample por 1.342 €/mes","Se ofrece en alquiler este luminoso piso situado en la nova esquerra de l’eixample, en una sexta planta que garantiza abundante luz natural durante todo el día. La vivienda cuenta con una superficie de 69 m² y una distribución cómoda y funcional, ideal tanto para familias como para compartir. ...",1342,la nova esquerra de eixample 9 7/,69 m²,61 m²,3,1,6ª,Entre 10 y 20 años,000022,,1,Gas natural,Independiente,,,2026-05-26
https://www.pisos.com/alquilar/piso-la_vila_de_gracia08012-64171297594_530867/,"Piso en alquiler en Carrer de Verdi, cerca de Carrer de Terol en La Vila de Gràcia por 1.200 €/mes","Ubicado en carrer de verdi, en pleno corazón de vila de gràcia, en una finca típica del barrio, en un 2º sin ascensor, este piso destaca por su buena distribución y la luminosidad natural que entra desde el balcón. Dispone de un amplio salón comedor con zona de estar y acceso al exterior, una coc...",1200,la vila de gracia 4 7/,55 m²,50 m²,1,1,2ª,Más de 50 años,ES55008255,,1,Eléctrica,Independiente,,,2026-05-26
https://www.pisos.com/alquilar/piso-barcelona_capital-64210220105_106400/,"Piso en alquiler en Rambla de Catalunya, cerca de Gran Via de les Corts Catalanes en Barcelona Capital por 4.000 €/mes","Disponibilidad y precios **alquiler temporal exclusivamente para estancias superiores a 32 días** con fines de ocio, vacaciones, recreativos o culturales: - **julio 2026: ** 4.000 € - **agosto 2026: ** 4.500 € ¡descubre tu refugio perfecto en el corazón de barcelona! te presentamos un espectacul...",4000,5 0/,150 m²,150 m²,4,2,3ª,,111504906-ramblacatajulioyagosto,,,,,,,2026-05-26
https://www.pisos.com/alquilar/piso-barcelona_capital-64181136250_106400/,"Piso en alquiler en Rambla de Catalunya, cerca de Ronda de la Universitat en Barcelona Capital por 2.650 €/mes","Magnífico piso amueblado de 150m2, consta de cuatro dormitorios dobles, 2 baños completos, salón comedor con cocina americana equipada interior formando zona común, aire acondicionado en cada dormitorio, finca regia con ascensor y conserje. Ideal para estudiantes de masters, erasmus, esade; iese....",2650,0 0/,150 m²,150 m²,4,2,4ª,,111496852-ramblacatalunya4h,,,,,,,2026-05-26
https://www.pisos.com/alquilar/piso-eixample_sant_antoni-63383157063_106400/,Piso en alquiler en Plaça de la Universitat en Sant Antoni por 3.350 €/mes,Contactar por whatsap al + 3 4 6 2 5 5 3 0 1 1 0 contacte con nosotros para ver más inmuebles similares que no están publicados pero tenemos en cartera por whatsap al + 3 4 6 2 5 5 3 0 1 1 0 y te ayudaremos a buscar el inmueble que necesitas. **piso en alquiler temporal en el corazón de barcelona...,3350,eixample sant antoni 3 0/,110 m²,110 m²,3,3,3ª,,111240926-gravina3h3º1ª 23 julio 2026,,,,,,,2026-05-26
https://www.pisos.com/alquilar/piso-eixample_sant_antoni-63427485597_106400/,Piso en alquiler en Plaça de la Universitat en Sant Antoni por 2.990 €/mes,Contactar por whatsap al + 3 4 6 2 5 5 3 0 1 1 0 contacte con nosotros para ver más inmuebles similares que no están publicados pero tenemos en cartera por whatsap al + 3 4 6 2 5 5 3 0 1 1 0 y te ayudaremos a buscar el inmueble que necesitas. **piso en alquiler temporal en el corazón de barcelona...,2990,eixample sant antoni 7 0/,82 m²,82 m²,2,2,2ª,,111240747-111240747,,,,,,,2026-05-26
https://www.pisos.com/alquilar/piso-eixample_sant_antoni-63411169363_106400/,Piso en alquiler en Plaça de la Universitat en Sant Antoni por 2.950 €/mes,Contactar por whatsap al + 3 4 6 2 5 5 3 0 1 1 0 contacte con nosotros para ver más inmuebles similares que no están publicados pero tenemos en cartera por whatsap al + 3 4 6 2 5 5 3 0 1 1 0 y te ayudaremos a buscar el inmueble que necesitas. **piso en alquiler temporal en el corazón de barcelona...,2950,eixample sant antoni 3 0/,85 m²,85 m²,2,2,1ª,,111240665-gravina2hpral33julio2026,,,,,,,2026-05-26
https://www.pisos.com/alquilar/piso-la_marina_del_port_parc_de_montjuic08038-63410012887_106700/,"Piso en alquiler en Carrer del Foc, 106, cerca de Carrer de la Mare de Déu de Port en La Marina del Port-Parc de Montjuïc por 1.075 €/mes","***alquiler de temporada entre 8 y 11 meses. Disponible desde ya *** presentamos un encantador inmueble de 72 m² en la calle del foc, situado en el barrio de la marina de port, dentro del distrito de sants-montjuïc en barcelona. Cuenta con un dormitorio, un baño y se encuentra en excelente estad...",1075,la marina del port parc de montjuic 7 0/,71 m²,No indicada,1,1,,Más de 50 años,ALQ-portbajo (2),,,,,,,2026-05-26
https://www.pisos.com/alquilar/piso-la_dreta_de_eixample-60074239083_106500/,"Piso en alquiler en Gran Via de les Corts Catalanes, cerca de Carrer de Roger de Llúria en La Dreta de l'Eixample por 2.750 €/mes","Apartamento en eixample, frente al emblemático hotel palace, en la prestigiosa gran vía de les corts catalanes, a dos pasos de paseo de gracia. Este maravilloso piso de sexta planta, ofrece todas las comodidades que necesitas para vivir en pleno corazón de la ciudad. Con una distribución perfecta...",2750,la dreta de eixample 3 0/,96 m²,96 m²,2,2,6ª,,103960634-GV-233 6,,,,,,,2026-05-26
https://www.pisos.com/alquilar/piso-la_vila_de_gracia08012-58433211096_106500/,"Piso en alquiler en Carrer Gran de Gràcia, cerca de Carrer de Betlem en La Vila de Gràcia por 2.780 €/mes","Esta propiedad sólo se alquila por un mínimo de 32 días y un máximo de 3 meses *exclusivamente para fines recreativos, vacacionales y turísticos* ***disponibilidad a partir del agosto 2026*** amueblado y equipado ¡bienvenidos a nuestro hogar único y exquisito en el corazón de gràcia! este céntri...",2780,la vila de gracia 6 0/,100 m²,100 m²,3,2,3ª,,103342774-Bossa,,,,,,,2026-05-26
https://www.pisos.com/alquilar/loft-el_barri_gotic08002-59257376077_515865/,Loft en alquiler en Carrer d'Ataülf en El Barri Gòtic por 950 €/mes,"Ref. Rs7043 disponible julio loft alquiler temporal demostrable en barri gotic contrato temporal por uso de ocio, vacacional o recreativo se ofrece en alquiler este acogedor loft en el corazón de el barri gòtic, barcelona capital. Con una superficie total de 83 m², esta propiedad en el pr...",950,el barri gotic 7 5/,83 m²,81 m²,1,1,Bajo,,RS7043,,,,,,,2026-05-26
https://www.pisos.com/alquilar/atico-el_raval08001-64249106130_530867/,"Ático en alquiler en Carrer de l'Hospital, cerca de Carrer de les Cabres en El Raval por 1.100 €/mes","Ubicado en una finca con carácter en pleno corazón de ciutat vella, este ático reformado destaca por sus vigas de madera vistas y su ambiente acogedor. Se distribuye en un salón con zona de estar, una cocina abierta equipada con horno, frigorífico, microondas y placas, un dormitorio independiente...",1100,el raval 0 7/,50 m²,46 m²,1,1,4ª,Más de 50 años,ES55008150,,1,,Abierta,,,2026-05-26
https://www.pisos.com/alquilar/loft-pedralbes-60066950041_100500/,Loft en alquiler en Carrer d'Aiguallonga en Pedralbes por 2.200 €/mes,"Ya disponible solo para uso vacacional lasose es una agencia inmobiliaria especializada en el mercado de barcelona, que ofrece servicios de compra, venta y alquiler de pisos mediante un equipo de expertos profesionales y su servicio personalizado, gracias a que dispone de una amplia carte...",2200,pedralbes 1 0/,112 m²,90 m²,1,1,Bajo,Más de 50 años,90052LP/6680,,,,,,,2026-05-26
https://www.pisos.com/alquilar/piso-antiga_esquerra_de_eixample08036-64199817289_518209/,"Piso en alquiler en Carrer de Mallorca, cerca de Carrer del Comte d'Urgell en L'Antiga Esquerra de l'Eixample por 950 €/mes",Ref: 001301l alquiler maximo 11 meses (uso exclusivo ocio vacacional) disponible 15/06/2026 en cumplimiento de la normativa vigente informamos que: índice de referencia de precios: no aplica (piso inferior a 30 mts) zona tensionada del idrp: si nra: en trámite estado: segunda mano sit...,950,antiga esquerra de eixample 9 9/,29 m²,27 m²,1,1,5ª,Más de 50 años,001301L,Totalmente amueblado,1,,Totalmente equipada,,Comunitaria,2026-05-26
https://www.pisos.com/alquilar/piso-ciutat_vella_la_barceloneta-63369020772_106500/,Piso en alquiler en Carrer de Grau i Torras en La Barceloneta por 950 €/mes,"Contrato de once meses máximo .queda libre el 01 de mayo en la calle grau i torrás 38 , es un quinto real de altura sin ascensor , piso de dos habitaciones , una doble y otra individual , las dos exteriores a la calle , comedro también exterior con salida a un balcón , cocina , cuarto de baño de...",950,ciutat vella la barceloneta 2 0/,35 m²,35 m²,2,1,5ª,,189326505-GRAU I TORRAS,,,,,,,2026-05-26
https://www.pisos.com/alquilar/piso-la_marina_del_port_parc_de_montjuic08038-57587786247_100500/,Piso en alquiler en Carrer de Gernika en La Marina del Port-Parc de Montjuïc por 1.290 €/mes,"Encantador piso en urbanización con piscina. Completamente exterior, ofrece una distribución funcional con dos habitaciones amuebladas y un baño. El salón, luminoso y acogedor, tiene acceso directo a una tranquila terraza privada, ideal para disfrutar del aire libre. La cocina está equipada c...",1290,la marina del port parc de montjuic 7 0/,59 m²,No indicada,2,1,2ª,Entre 10 y 20 años,340803827143,,1,,,,,2026-05-26
https://www.pisos.com/alquilar/piso-el_barri_gotic08002-63431472689_530867/,Piso en alquiler en Carrer del Pi en El Barri Gòtic por 800 €/mes,"Ubicado en la última planta de finca característica del barrio gótico, la vivienda ha sido reformada conservando elementos originales como vigas de madera y paredes de ladrillo visto, y dispone de salón con cocina abierta totalmente equipada con horno, nevera y lavadora, dormitorio independiente ...",800,el barri gotic 9 7/,32 m²,30 m²,1,1,4ª,Más de 50 años,ES55007632,,,Eléctrica,Abierta,,,2026-05-26
https://www.pisos.com/alquilar/piso-la_dreta_de_eixample08007-64168959249_522145/,"Piso en alquiler en Gran Via de les Corts Catalanes, cerca de Carrer de Balmes en La Dreta de l'Eixample por 4.500 €/mes","Arrendamiento autorizado exclusivamente para estancias de más 32 días destinadas a fines de ocio, vacacionales, recreativos o culturales. Fecha que se desocupa: 26 de junio dormitorios dobles: 4 baños completos con ducha/bañera: 2 balcon: si ascensor: si conserje: si ¿te gustaría viv...",4500,la dreta de eixample 9 5/,185 m²,185 m²,4,2,4ª,,000954,,,Eléctrica,,,,2026-05-26
https://www.pisos.com/alquilar/atico-diagonal_mar_el_front_maritim_del_poblenou08019-64252927054_100600/,Ático en alquiler en Passeig de García Fària en Diagonal Mar-El Front Marítim del Poblenou por 6.000 €/mes,"Alquiler de temporada para uso vacacional, recreativo o ocio luminoso piso de 3 dormitorios con vistas panorámicas al mar y amplia terraza en sant martí, barcelona bienvenido a un hogar donde el mediterráneo forma parte del ritmo diario. Este espacioso piso de tres dormitorios y dos baños se en...",6000,diagonal mar el front maritim del poblenou 4 0/,158 m²,No indicada,3,2,10ª,,4470,,,Gas natural,,,,2026-05-26
https://www.pisos.com/alquilar/piso-la_dreta_de_eixample08007-64177197594_522145/,Piso en alquiler en Calle Gran Via Les Corts Catalanes en La Dreta de l'Eixample por 1.850 €/mes,"Arrendamiento autorizado exclusivamente para estancias de más 32 días destinadas a fines de ocio, vacacionales, recreativos o culturales. Cocina: completamente equipada dormitorios dobles: 1 baños completos con ducha/bañera: 1 zonas comunitarias: piscina ascensor: si conserje: si ¿te g...",1850,la dreta de eixample 4 5/,65 m²,60 m²,1,1,6ª,Menos de 5 años,000953,,Más de 2,Central,,,,2026-05-26
https://www.pisos.com/alquilar/piso-la_dreta_de_eixample08007-54250529253_522145/,Piso en alquiler en Vía Gran Via en La Dreta de l'Eixample por 4.500 €/mes,Fecha disponible: 1 de de mayo 2025 tipo de contrato: temporal cocina: completamente equipada dormitorios dobles: 3 dormitorios individuales: 1 baños completos con ducha/bañera: 2 aseos: 1 balcon: si ascensor: si ¿te gustaría vivir en eixample? la barcelona moderna nació en l’eixam...,4500,la dreta de eixample 3 5/,160 m²,155 m²,4,3,1ª,Menos de 5 años,000592,,Más de 2,Eléctrica,,,,2026-05-26
https://www.pisos.com/alquilar/piso-la_dreta_de_eixample08007-62543634187_522145/,Piso en alquiler en Vía Gran Via en La Dreta de l'Eixample por 4.500 €/mes,"Contrato de alquiler temporal ocio disponibilidad: 5 de mayo 2026 dormitorios dobles: 4 dormitorios individuales: baños completos con ducha/bañera: 2 aseos: 1 balcon: si ascensor: si conserje: no ¿te gustaría vivir en eixample? la barcelona moderna nació en l’eixample, ideada p...",4500,la dreta de eixample 7 5/,160 m²,155 m²,4,3,Principal,Entre 5 y 10 años,000906,,Más de 2,Eléctrica,,,,2026-05-26
https://www.pisos.com/alquilar/piso-la_dreta_de_eixample08007-58368921687_522145/,"Piso en alquiler en Carrer del Consell de Cent, cerca de Rambla de Catalunya en La Dreta de l'Eixample por 3.950 €/mes","El apartamento cuenta con una cómoda habitación doble y un moderno baño, lo que lo hace perfecto para una pareja o un viajero soltero. El salón-comedor es amplio y ofrece un espacio acogedor para relajarse y descansar. La cocina totalmente equipada permite a los huéspedes preparar sus propias com...",3950,la dreta de eixample 7 5/,47 m²,47 m²,1,1,4ª,Menos de 5 años,Rosie,,Más de 2,Gas natural,,,,2026-05-26
https://www.pisos.com/alquilar/apartamento-la_dreta_de_eixample08007-62537154596_522145/,"Apartamento en alquiler en Carrer del Consell de Cent, cerca de Rambla de Catalunya en La Dreta de l'Eixample por 8.100 €/mes","Piso de alquiler temporal piscina comunitaria y solarium a un paso de paseo de gracia, en una ubicación privilegiada, nos encontramos con un lujoso y moderno apartamento nuevo a estrenar, decorado por el reconocido interiorista jaime beriestain. La zona de día, consta de un elegante saló...",8100,la dreta de eixample 6 5/,130 m²,82 m²,2,2,4ª,Menos de 5 años,000897,,Más de 2,Central,,,,2026-05-26
https://www.pisos.com/alquilar/apartamento-la_dreta_de_eixample08007-60925106125_522145/,"Apartamento en alquiler en Carrer del Consell de Cent, cerca de Rambla de Catalunya en La Dreta de l'Eixample por 4.650 €/mes",El apartamento dispone de un cómodo dormitorio doble y un dormitorio individual con balcón. El salón-comedor es amplio y ofrece un espacio acogedor para relajarse y descansar. La cocina totalmente equipada permite a los huéspedes preparar sus propias comidas con facilidad. Uno de los aspectos ...,4650,la dreta de eixample 5 5/,59 m²,59 m²,2,1,3ª,Menos de 5 años,000831,,Más de 2,Central,,,,2026-05-26
https://www.pisos.com/alquilar/piso-el_barri_gotic08003-63368058819_523274/,Piso en alquiler en El Barri Gòtic en El Barri Gòtic por 2.200 €/mes,"Ref: 000823 ✨ piso en alquiler en vía laietana – luminoso, reformado y listo para entrar ✨ se alquila precioso piso de 87 m² en una de las zonas más céntricas y bien conectadas de barcelona. 🌞 muy luminoso, completamente reformado en 2021 con mucho gusto y pensado para vivir con comodidad...",2200,el barri gotic 9 4/,90 m²,87 m²,2,1,Entresuelo,,000826,,2,Eléctrica,Americana,,,2026-05-26
https://www.pisos.com/alquilar/casa-pedralbes08034-33396296012_101800/,Casa en alquiler en Carrer de l'Abadessa Olzet en Pedralbes por 16.000 €/mes,La casa está ubicada en el prestigioso barrio de pedralbes y cuenta con cinco habitaciones y cuatro baños. La propiedad está distribuida en dos plantas y tiene una superficie total construida mas de quinientos metros cuadrados. En la planta baja de la casa se encuentra un amplio salón-comedor c...,16000,pedralbes 2 0/,511 m²,No indicada,5,4,,Más de 50 años,I-00KKS5-W-02S3OG,,1,Central,Cocina equipada,,,2026-05-26
https://www.pisos.com/alquilar/piso-la_dreta_de_eixample-63429915162_106500/,"Piso en alquiler en Carrer de València, cerca de Carrer de Roger de Llúria en La Dreta de l'Eixample por 990 €/mes","Primero real de altura con ascensor , piso de cuarena y cinco metros cuadrados , una habitación doble interior a patio de manzana , al igual que el salón comedor , cocina , cuarto de baño de tres piezas con plato de ducha , en buen estado , pero sin muebles ni electrodomésticos , cuadrado , sin p...",990,la dreta de eixample 2 0/,45 m²,45 m²,1,1,Bajo,,189326678-valencia,,,,,,,2026-05-26
https://www.pisos.com/alquilar/piso-el_raval08001-63384109363_530867/,Piso en alquiler en Carrer de Pelai en El Raval por 750 €/mes,"Ubicado en finca con ascensor y situado en la 7ª planta, la vivienda cuenta con salón-comedor amueblado, cocina independiente equipada con vitrocerámica, horno, frigorífico, lavavajillas y lavadora, dormitorio doble y baño completo. Piso exterior, luminoso y bien distribuido. Aire acondicionad...",750,el raval 3 7/,42 m²,39 m²,1,1,7ª,Más de 50 años,ES55007242,,,,Independiente,,,2026-05-26
https://www.pisos.com/alquilar/piso-la_nova_esquerra_de_eixample08029-64253803320_518209/,"Piso en alquiler en Carrer de Provença, cerca de Avinguda de Roma en La Nova Esquerra de l'Eixample por 851 €/mes","Ref: 002742e alquiler maximo 11 meses (uso exclusivo ocio / vacacional) disponible 01/06/2026 en cumplimiento de la normativa vigente informamos que: índice de referencia de precios: 837,59€ zona tensionada del idrp: si nra: en trámite estado: segunda mano situación últimos 5 años: al...",851,la nova esquerra de eixample 0 9/,39 m²,35 m²,1,1,Entresuelo,Entre 30 y 50 años,002742E,,,,,,,2026-05-26
https://www.pisos.com/alquilar/piso-sant_pere_santa_caterina_la_ribera08018-64230500692_518209/,Piso en alquiler en Passeig de Pujades en Sant Pere-Santa Caterina-La Ribera por 1.371 €/mes,"Ref: 002279d alquiler maximo 11 meses. (uso exclusivo ocio / vacacional) disponible 01/07/2026 en cumplimiento de la normativa vigente informamos que: índice de referencia de precios: 1.236,41€ zona tensionada del idrp: si nra: en trámite estado: segunda mano situación últimos 5 años:...",1371,sant pere santa caterina la ribera 2 9/,73 m²,68 m²,3,2,2ª,Más de 50 años,002279D,,,,,,,2026-05-26
https://www.pisos.com/alquilar/piso-sant_pere_santa_caterina_la_ribera08003-43364891410_515865/,"Piso en alquiler en Carrer de Sant Pere Més Baix, cerca de Carrer del General Álvarez de Castro en Sant Pere-Santa Caterina-La Ribera por 1.400 €/mes","Ref. Rs0443 disponible 4 de junio piso de alquiler temporal demostrable en ciutat vella. Contrato temporal por uso de ocio, vacacional o recreativo se alquila bonito piso en el corazón del barrio de ciutat vella, el born, en una finca del año 1900 sin ascensor, totalmente amueblado y ...",1400,sant pere santa caterina la ribera 0 5/,83 m²,76 m²,2,2,3ª,Más de 50 años,RS0443,,,,,,,2026-05-26
https://www.pisos.com/alquilar/piso-sant_gervasi_galvany08006-36760049697_100500/,"Piso en alquiler en Carrer de Balmes, cerca de Carrer de Guillem Tell en Sant Gervasi-Galvany por 2.750 €/mes","Piso que se alquila por temporada: disponibilidad 1 de julio. Piso soleado (orientacion sur) con reforma de calidad. Amplio salon -comedor(50 m2) con terraza de 12 m2. Cocina moderna y grande con electrodomesticos integrados: nevera, horno, lavadora, lavavajillas. Tres habitaciones dobles con ar...",2750,sant gervasi galvany 7 0/,170 m²,150 m²,3,2,2ª,,balmes280,,1,,,,,2026-05-26
https://www.pisos.com/alquilar/piso-el_congres_els_indians08027-50861556717_100500/,"Piso en alquiler en Carrer de Concepción Arenal, cerca de Carrer de Can Ros en El Congrés-Els Indians por 2.200 €/mes","Contrato temporada por motivos de ocio si estáis pensando venir a barcelona para realizar una estancia para tu trabajo o estudios y buscáis un buen piso para compartir debes considerar este genial piso de estilo mediterráneo, con excelente organización interior y su fantástica decoración os encan...",2200,el congres els indians 7 0/,90 m²,89 m²,4,2,6ª,,concepcion 63C,,1,,,,,2026-05-26
https://www.pisos.com/alquilar/piso-sant_andreu_barrio-60893468735_100500/,Piso en alquiler en Sant Andreu en Sant Andreu por 1.590 €/mes,"Amplio y exclusivo piso de obra nueva en planta entresuelo, diseñado para ofrecer confort, estilo y funcionalidad. Ubicación privilegiada • centro de santa coloma de gramenet • a 2 minutos caminando de la línea 1 de metro (fondo) – conexión directa con plaza cataluña (8 paradas) • próximo ...",1590,sant andreu barrio 5 0/,58 m²,52 m²,1,1,1ª,Menos de 5 años,ASC52.1B.BCN/9298,,,,,,,2026-05-26
https://www.pisos.com/alquilar/piso-el_raval-62508283974_100500/,"Piso en alquiler en Ronda de Sant Antoni, cerca de Carrer dels Tallers en El Raval por 2.800 €/mes","Precioso piso alquiler temporal de 4 habitaciones a poco metros de la universidad de barcelona piso en alquiler temporal en el corazón de barcelona descubre este espectacular piso de alquiler temporal, ideal para disfrutar de la vibrante vida de barcelona. Con 86 m² construidos, este inmue...",2800,el raval 4 0/,86 m²,No indicada,4,2,2ª,Más de 50 años,GD189,,1,,Cocina amueblada,,,2026-05-26
https://www.pisos.com/alquilar/piso-eixample_sant_antoni-60854916901_100500/,Piso en alquiler en Ronda de Sant Pau en Sant Antoni por 2.100 €/mes,"Piso alquiler temporal de 4 habitaciones disponible a partir 16 de julio inmueble de 81 m2 construidos y 70 útiles con 4 habitaciones, 2 dobles y 2 individuales y dos baños completos, situado en una quinta planta real con ascensor. El piso dispone de un salón-comedor, soleado y luminoso....",2100,eixample sant antoni 1 0/,81 m²,70 m²,4,2,5ª,Más de 50 años,GD184,,,,Cocina amueblada,,,2026-05-26
https://www.pisos.com/alquilar/atico-les_tres_torres-64167925850_100600/,Ático en alquiler en Sarrià-Sant Gervasi en Les Tres Torres por 18.000 €/mes,"Ubicado en el prestigioso barrio de tres torres, en la distinguida zona alta de barcelona, este excepcional ático dúplex es una verdadera joya inmobiliaria. En un entorno residencial elegante y sereno, pero con proximidad a todos los servicios, comercios y transportes, esta propiedad combina a la...",18000,les tres torres 0 0/,281 m²,210 m²,4,5,,,1309,,,,Equipada,,,2026-05-26
https://www.pisos.com/alquilar/piso-el_fort_pienc-62544567045_100500/,"Piso en alquiler en Carrer de Sicília, cerca de Carrer de Casp en El Fort Pienc por 2.500 €/mes","Precioso piso alquiler temporal de 3 habitaciones ¡descubre tu nuevo hogar en el corazón de barcelona! este espectacular piso de 105 m² construidos y 95 m² útiles es perfecto para disfrutar de estancias vacacionales inolvidables. Con tres amplias habitaciones dobles, este espacio está dise...",2500,el fort pienc 5 0/,105 m²,95 m²,3,2,4ª,,GD190,,,,Cocina amueblada,,,2026-05-26
https://www.pisos.com/alquilar/piso-el_camp_de_arpa_del_clot-64209714972_101800/,"Piso en alquiler en Carrer de Besalú, cerca de Carrer de l' Amargor en El Camp de l'Arpa del Clot por 1.200 €/mes","Zazume te trae esta cómoda y acogedora vivienda con balcón y suelo hidráulico decorativo en el barrio del camp de l'arpa del clot, sant martí, barcelona. Disponibilidad inmediata para entrar a vivir a la vivienda contrato de larga estancia. No se aceptan mascotas. En zazume estaremos permanen...",1200,el camp de arpa del clot 2 0/,25 m²,No indicada,1,1,1ª,,ZZM87867,,,Central,,,,2026-05-26
https://www.pisos.com/alquilar/casa-sarria_sant_gervasi_sarria08017-63433182073_101800/,Casa en alquiler en Calle N-A en Sarrià por 12.000 €/mes,"Magnífica casa en venta en can caralleu, sarrià, inmersa en el entorno del parque natural de collserola y con impresionantes vistas panorámicas de la ciudad de barcelona. Esta vivienda unifamiliar, con una superficie total de 475 m2 (405 m2 útiles), ha sido minuciosamente reformada con los más a...",12000,sarria sant gervasi sarria 3 0/,475 m²,No indicada,6,7,,Entre 5 y 10 años,BCNR4263,,1,Central,Cocina equipada,,,2026-05-26
https://www.pisos.com/alquilar/piso-el_barri_gotic-63410933556_101800/,Piso en alquiler en Calle N-A en El Barri Gòtic por 7.300 €/mes,Disponible al 1 de julio del 2026 piso principal de 300m2 en la casa antonia bures edificio patrimonio de la arquitectura modernista de la ciudad + terraza de 150m2 en un edificio catalogado de la privilegiada zona del eixample dret. Ubicado en un edificio modernista catalogado del precioso eix...,7300,el barri gotic 6 0/,300 m²,No indicada,5,4,,Menos de 5 años,BCNR2939,,1,Central,Cocina equipada,,,2026-05-26
https://www.pisos.com/alquilar/duplex-el_barri_gotic08002-62524155574_101800/,Dúplex en alquiler en Calle N-A en El Barri Gòtic por 8.250 €/mes,"Vivienda disponible para alquiler temporal justificando su motivo. Exclusiva vivienda en el emblemático palau moxó, uno de los edificios del año 1770 más representativos de barcelona. Rehabilitado íntegramente en 2022, logrando preservar su valioso legado histórico y ofreciendo a su vez un compl...",8250,el barri gotic 4 0/,156 m²,No indicada,2,2,,Menos de 5 años,BCNR3576,,1,Central,Cocina equipada,,,2026-05-26
https://www.pisos.com/alquilar/duplex-sant_gervasi_la_bonanova08022-62579035942_101800/,Dúplex en alquiler en Calle N-A en Sant Gervasi-La Bonanova por 9.000 €/mes,"Precioso dúplex de 230 m² en finca señorial de 1930 en la zona bonanova, completamente renovada. Distribuido en dos plantas, destaca por su amplio salón-comedor con ventanales que llenan el espacio de luz, una cocina moderna con isla central y electrodomésticos de alta gama, y un aseo de cortesí...",9000,sant gervasi la bonanova 2 0/,230 m²,No indicada,4,3,,Más de 50 años,BCNR3743,,1,Central,Cocina equipada,,,2026-05-26
https://www.pisos.com/alquilar/duplex-el_barri_gotic08002-62521670206_101800/,Dúplex en alquiler en Calle N-A en El Barri Gòtic por 6.600 €/mes,"Vivienda disponible para alquiler temporal justificando su motivo. Exclusiva vivienda en el emblemático palau moxó, uno de los edificios del año 1770 más representativos de barcelona. Rehabilitado íntegramente en 2022, logrando preservar su valioso legado histórico y ofreciendo a su vez un compl...",6600,el barri gotic 6 0/,293 m²,No indicada,2,2,,Menos de 5 años,BCNR3578,,1,Central,Cocina equipada,,,2026-05-26
https://www.pisos.com/alquilar/casa-sarria_sant_gervasi_sarria08017-62593507072_101800/,Casa en alquiler en Calle N-A en Sarrià por 15.000 €/mes,"Vivienda disponible para alquiler temporal justificando su motivo. Exclusiva casa en alquiler temporal en can caralleu, sarrià, con impresionantes vistas a la ciudad de barcelona, rodeada del parque natural de collserola. Esta espectacular vivienda de 480m2 (405m2 útiles) se distribuye en 3 pl...",15000,sarria sant gervasi sarria 2 0/,480 m²,No indicada,6,7,,Entre 5 y 10 años,BCNR3211,,1,Central,Cocina equipada,,,2026-05-26
https://www.pisos.com/alquilar/atico-les_tres_torres08017-62536946668_101800/,Ático en alquiler en Calle N-A en Les Tres Torres por 7.950 €/mes,"ático con amplia terraza, en tres torres, muy cerca de turo park. Cuenta con 309m2, distribuidos en zona de día y zona de noche, ademas de una terraza privada en la azotea. En la zona diurna, amplio salón comedor, muy luminoso, con salida a una agradable terraza con vistas despejadas. Cocina off...",7950,les tres torres 8 0/,309 m²,No indicada,6,4,,Entre 20 y 30 años,BCNR3248,,1,Central,Cocina equipada,,,2026-05-26
https://www.pisos.com/alquilar/piso-sant_gervasi_galvany-62559419015_101800/,Piso en alquiler en Calle N-A en Sant Gervasi-Galvany por 4.000 €/mes,"Vivienda de 188m² recién reformada, situada en una de las zonas más emblemáticas de barcelona, en plena avenida diagonal. Este luminoso piso cuenta con un amplio salón-comedor de más de 40 m², que recibe luz natural durante todo el día. Dispone de tres habitaciones dobles y dos individuales, ade...",4000,sant gervasi galvany 5 0/,200 m²,No indicada,5,3,,Más de 50 años,BCNR3583,,,Central,Cocina equipada,,,2026-05-26
https://www.pisos.com/alquilar/duplex-el_barri_gotic08002-62525301502_101800/,Dúplex en alquiler en Calle N-A en El Barri Gòtic por 9.900 €/mes,"Vivienda disponible para alquiler temporal justificando su motivo. Exclusiva vivienda en el emblemático palau moxó, uno de los edificios del año 1770 más representativos de barcelona. Rehabilitado íntegramente en 2022, logrando preservar su valioso legado histórico y ofreciendo a su vez un compl...",9900,el barri gotic 2 0/,234 m²,No indicada,2,3,,Menos de 5 años,BCNR3579,,1,Central,Cocina equipada,,,2026-05-26
https://www.pisos.com/alquilar/duplex-el_barri_gotic08002-62520566532_101800/,Dúplex en alquiler en Calle N-A en El Barri Gòtic por 6.600 €/mes,"Vivienda disponible para alquiler temporal justificando su motivo. Exclusiva vivienda en el emblemático palau moxó, uno de los edificios del año 1770 más representativos de barcelona. Rehabilitado íntegramente en 2022, logrando preservar su valioso legado histórico y ofreciendo a su vez un compl...",6600,el barri gotic 2 0/,125 m²,No indicada,2,2,,Menos de 5 años,BCNR3577,,1,Central,Cocina equipada,,,2026-05-26
https://www.pisos.com/alquilar/piso-ciutat_vella_la_barceloneta-62567563215_101800/,Piso en alquiler en Calle N-A en La Barceloneta por 3.224 €/mes,"Reformada con gusto, esta propiedad de obra nueva está ubicada en el barrio gótico. El espacio se distribuye entre un amplio salón comedor, muy luminoso con cocina abierta completamente equipada con electrodomésticos de alta gama, y un dormitorio ensuite con baño privado. También encontramos un ...",3224,ciutat vella la barceloneta 5 0/,99 m²,No indicada,1,2,,Entre 5 y 10 años,BCNR2798,,1,Central,Cocina equipada,,,2026-05-26
https://www.pisos.com/alquilar/duplex-el_barri_gotic08002-62572756179_101800/,Dúplex en alquiler en Calle N-A en El Barri Gòtic por 8.665 €/mes,"Vivienda disponible para alquiler temporal justificando su motivo. Exclusiva vivienda en el emblemático palau moxó, uno de los edificios del año 1770 más representativos de barcelona. Rehabilitado íntegramente en 2022, logrando preservar su valioso legado histórico y ofreciendo a su vez un compl...",8665,el barri gotic 9 0/,218 m²,No indicada,3,3,,Menos de 5 años,BCNR3596,,1,Central,Cocina equipada,,,2026-05-26
https://www.pisos.com/alquilar/piso-la_vila_de_gracia08037-62569894817_101800/,Piso en alquiler en Calle N-A en La Vila de Gràcia por 9.000 €/mes,"Vivienda disponible para alquiler temporal justificando su motivo. Maravillosa propiedad situada en el eixample derecho, a tan solo dos calles de paseo de gracia y una de avenida diagonal. Esta propiedad a tres vientos consta de 248m2, totalmente reformada con materiales de alta calidad a su mi...",9000,la vila de gracia 7 0/,248 m²,No indicada,5,3,,Más de 50 años,BCNR3316,,1,Central,Cocina equipada,,,2026-05-26
https://www.pisos.com/alquilar/apartamento-la_nova_esquerra_de_eixample-60058116411_100500/,"Apartamento en alquiler en Carrer de Rocafort, cerca de Carrer d' Aragó en La Nova Esquerra de l'Eixample por 1.850 €/mes",Disponible ahora contrato de 2-11 meses lasose se complace en presentarle este fenomenal piso que redefine la elegancia y la comodidad. Este encantador hogar ofrece una experiencia de vida única que combina el lujo con la practicidad. Este increíble apartamento de un dormitorio es una j...,1850,la nova esquerra de eixample 1 0/,52 m²,50 m²,1,1,2ª,,90045LP/6680,,1,Eléctrica,,,,2026-05-26
https://www.pisos.com/alquilar/casa-vallvidrera_el_tibidabo_les_planes08017-35072140672_101800/,Casa en alquiler en Carrer de Can Basseda en Vallvidrera-El Tibidabo-Les Planes por 25.000 €/mes,"Propietario no es gran tenedor precio último contrato: fuera de index espectacular casa nueva de diseño, amueblada de 650m2 con piscina en una parcela de 1100m2. En la mejor zona residencial de barcelona, en vallvidrera, rodeada de naturaleza y a 5 minutos de barcelona. Con visitas del mar y mo...",25000,vallvidrera el tibidabo les planes 2 0/,840 m²,No indicada,6,4,,Entre 10 y 20 años,I-00KMDN-W-02SFIO,,1,Central,Cocina equipada,,,2026-05-26
https://www.pisos.com/alquilar/piso-la_dreta_de_eixample-62579835632_101800/,Piso en alquiler en Calle N-A en La Dreta de l'Eixample por 11.000 €/mes,"Vivienda disponible para alquiler temporal justificando su motivo. Apartamento completamente amueblado que cuenta con una superficie total de 140m2 que incluyen 3 habitaciones, 2 de las cuales son dobles, un despacho y 2 baños completos, uno de ellos en suite. Diseñado y decorado por el codicia...",11000,la dreta de eixample 2 0/,140 m²,No indicada,3,2,,,BCNR1823,,1,Central,Cocina equipada,,,2026-05-26
https://www.pisos.com/alquilar/casa-vallvidrera_el_tibidabo_les_planes08017-62584144513_101800/,Casa en alquiler en Calle N-A en Vallvidrera-El Tibidabo-Les Planes por 25.000 €/mes,"Disponible en verano - exclusiva villa de diseño contemporáneo, obra de un reconocido arquitecto, que ofrece lujo y privacidad en cada rincón. Situada en una parcela de aproximadamente 1000 m², la propiedad se alza libremente, brindando vistas panorámicas que cautivan y garantizan una total intim...",25000,vallvidrera el tibidabo les planes 3 0/,700 m²,No indicada,7,5,,,BCNR1765,,1,Central,Cocina equipada,,,2026-05-26
https://www.pisos.com/alquilar/piso-antiga_esquerra_de_eixample-62556995104_101800/,Piso en alquiler en Calle N-A en L'Antiga Esquerra de l'Eixample por 5.939 €/mes,"Ubicada en una elegante finca modernista, esta espectacular vivienda ha sido completamente renovada con materiales de primera calidad, respetando y realzando su esencia original. Al entrar, nos recibe un amplio y señorial recibidor con techos altos, grandes ventanales y suelos impecables que com...",5939,antiga esquerra de eixample 4 0/,205 m²,No indicada,3,3,,,BCNR1179,,1,Central,Cocina equipada,,,2026-05-26
https://www.pisos.com/alquilar/atico-el_barri_gotic-62522907570_101800/,Ático en alquiler en Calle N-A en El Barri Gòtic por 18.000 €/mes,"Casa burés le ofrece la posibilidad de vivir en uno de los edificios modernistas de lujo más impresionantes de barcelona.la situación de casa burés y es ideal para disfrutar plenamente de la plácida vida del eixample modernista; basta con salir a la calle para encontrar buenos restaurantes, cafet...",18000,el barri gotic 0 0/,268 m²,No indicada,4,4,,,BCNR2130,,1,Central,Cocina equipada,,,2026-05-26
https://www.pisos.com/alquilar/atico-el_barri_gotic-62544502960_101800/,Ático en alquiler en Calle N-A en El Barri Gòtic por 10.500 €/mes,"ático de lujo moderno, diseñado con las mejores calidades y diseño en el distrito más deseado del centro de barcelona. Con unos 146m2 más 30m2 de terraza y 146m2 adicionales de azotea privada, esta es una casa en la que el espacio, la luz y el diseño están por todas partes. Combinando una vida d...",10500,el barri gotic 0 0/,146 m²,No indicada,2,2,,,BCNR3112,,1,Central,Cocina equipada,,,2026-05-26
https://www.pisos.com/alquilar/estudio-sants_montjuic_sants08014-33390108362_515865/,"Estudio en alquiler en Carrer de Sants, cerca de Carrer de Watt en Sants por 1.300 €/mes","Ref rs6375 estudio en alquiler de temporada contrato temporal por uso de ocio, vacacional o recreativo - bonito estudio de 55m en la mejor zona de sants, con espacio para habitación doble con armario, exterior con mucha luz, baño completo con plato de ducha y cocina tipo americana, todo am...",1300,estudio sants montjuic sants 2 5/,55 m²,55 m²,,1,3ª,Entre 30 y 50 años,RS6650,,1,,,,,2026-05-26
https://www.pisos.com/alquilar/piso-sant_andreu_barrio-64209031622_100500/,"Piso en alquiler en Passeig de Torras i Bages, cerca de Carrer del Cinca en Sant Andreu por 2.000 €/mes","Ya disponible - alquiler de larga estancia se alquila amplio y luminoso piso de 120 m2 construidos (86 m2 útiles) en la zona de sant andreu, barcelona. Vivienda totalmente exterior, con doble orientación sur y este, que garantiza luz natural durante todo el día. La distribución se compone d...",2000,sant andreu barrio 2 0/,120 m²,110 m²,3,2,1ª,Más de 50 años,92012SM/6680,,,,,,,2026-05-26
https://www.pisos.com/alquilar/piso-sant_andreu_barrio-60890062729_100500/,Piso en alquiler en Sant Andreu en Sant Andreu por 2.000 €/mes,"Amplio y exclusivo piso de obra nueva en planta baja con terraza, diseñado para ofrecer confort, estilo y funcionalidad. Ubicación privilegiada • centro de santa coloma de gramenet • a 2 minutos caminando de la línea 1 de metro (fondo) – conexión directa con plaza cataluña (8 paradas) • pr...",2000,sant andreu barrio 9 0/,100 m²,91 m²,2,1,Bajo,Menos de 5 años,ASC52.BA.BCN/9298,,,,,,,2026-05-26
https://www.pisos.com/alquilar/piso-diagonal_mar_el_front_maritim_del_poblenou08019-64255846927_100600/,"Piso en alquiler en Carrer de Ramon Turró, cerca de Carrer de Bac de Roda en Diagonal Mar-El Front Marítim del Poblenou por 3.100 €/mes","En alquiler – apartamento de 3 habitaciones con balcón en sant martí (alquiler de media estancia: 6 a 11 meses) esta vivienda se ofrece exclusivamente para estancias temporales con fines de vacaciones, ocio o estancias culturales. Ubicado en el vibrante y bien comunicado barrio de sant martí en b...",3100,diagonal mar el front maritim del poblenou 7 0/,98 m²,No indicada,3,2,1ª,,4030,,,,,,,2026-05-26
https://www.pisos.com/alquilar/piso-el_putxet_el_farro08006-61688444031_106500/,Piso en alquiler en Calle Mane I Flaquer 7 en El Putxet-El Farró por 850 €/mes,"Contrato de temporada</br></br>(se tiene que justificar el motivo de la temporalidad: estudios, trabajo, etc... )</br></br>piso de un solo ambiente tipo loft totalmente amueblado y equipado listo para entrar a vivir. Son 33 m2. Es un 4º real en finca con ascensor y consta ...",850,el putxet el farro 1 0/,33 m²,33 m²,,1,3ª,Entre 30 y 50 años,21035,,,,,,,2026-05-26
https://www.pisos.com/alquilar/piso-sant_andreu_barrio-60926183946_100500/,Piso en alquiler en Sant Andreu en Sant Andreu por 1.890 €/mes,"Amplio y exclusivo piso de obra nueva en planta primera diseñado para ofrecer confort, estilo y funcionalidad. Ubicación privilegiada • centro de santa coloma de gramenet • a 2 minutos caminando de la línea 1 de metro (fondo) – conexión directa con plaza cataluña (8 paradas) • próximo a co...",1890,sant andreu barrio 6 0/,85 m²,77 m²,2,2,4ª,Menos de 5 años,ASC52.4A.BCN/9298,,,,,,,2026-05-26
https://www.pisos.com/alquilar/piso-les_tres_torres08017-62543188714_101800/,Piso en alquiler en Calle N-A en Les Tres Torres por 5.500 €/mes,"Piso en alquiler amueblado en la zona gran sarriá, can rabia. El piso es totalmente exterior y dispone en la zona de día con un gran salón comedor exterior con salida a terraza. En esta zona hay una habitación en suite con armarios empotrados. Seguidamente, se ubica la cocina office independien...",5500,les tres torres 4 0/,234 m²,No indicada,4,3,,Menos de 5 años,BCNR2831,,1,Central,,,,2026-05-26
https://www.pisos.com/alquilar/piso-sants_montjuic_hostafrancs08014-63420332110_530867/,Piso en alquiler en Carrer de Mallorca en Hostafrancs por 800 €/mes,"Ubicado en finca con ascensor y en la 4ª planta, junto a sants estació y con excelentes conexiones de transporte, la vivienda dispone de entrada con amplio armario de almacenaje, salón-comedor amueblado con sofá cama doble, mesa de centro, zona de comedor y tv, cocina abierta totalmente equipada ...",800,sants montjuic hostafrancs 0 7/,44 m²,39 m²,1,1,4ª,Más de 50 años,ES55007544,,Más de 2,Gas natural,Abierta,,,2026-05-26
https://www.pisos.com/alquilar/piso-la_marina_del_port_parc_de_montjuic08038-63409645817_106700/,"Piso en alquiler en Carrer del Foc, 106, cerca de Carrer de la Mare de Déu de Port en La Marina del Port-Parc de Montjuïc","***alquiler de temporada entre 8 y 11 meses. Disponible desde ya *** presentamos un encantador inmueble de 72 m² en la calle del foc, situado en el barrio de la marina de port, dentro del distrito de sants-montjuïc en barcelona. Cuenta con un dormitorio, un baño y se encuentra en excelente estad...",,la marina del port parc de montjuic 7 0/,71 m²,No indicada,1,1,,Más de 50 años,ALQ-portbajo,,,,,,,2026-05-26
https://www.pisos.com/alquilar/piso-la_font_en_fargues08032-55884708352_100500/,Piso en alquiler en Horta en La Font d'en Fargues por 2.664 €/mes,"Espectacular piso luminoso con piscina y vistas a la montaña en la exclusiva zona residencial de font d'en fargues, disponible para entrar a vivir en agosto. Esta vivienda exterior, completamente amueblada y con detalles elegantes, cuenta con tres balcones que permiten disfrutar al máximo del...",2664,la font en fargues 2 0/,147 m²,129 m²,5,2,5ª,Más de 50 años,1238927,,1,Gas natural,Cocina equipada,,,2026-05-26
https://www.pisos.com/alquilar/estudio-el_barri_gotic08002-45835779186_515865/,"Estudio en alquiler en Carrer de Ferran, cerca de Carrer Quintana en El Barri Gòtic por 850 €/mes","Ref. Rs6896 alquiler temporal, únicamente para fines vacacionales, recreativos o de ocio. Disponible junio alquiler temporal para ocio vacacional y recreativo. - bonito y tranquilo estudio en la calle ferran, cuenta con 45m² distribuido en una zona abierta con cama doble, completament...",850,estudio el barri gotic 6 5/,29 m²,29 m²,,1,Entresuelo,,RS6896,,,Eléctrica,,,,2026-05-26
https://www.pisos.com/alquilar/piso-el_barri_gotic08002-64223962100_100600/,Piso en alquiler en Carrer dels Còdols en El Barri Gòtic por 1.800 €/mes,"Estancia temporal (vacaciones, ocio, estancias culturales) el apartamento está disponible desde el 1 de junio y está destinado únicamente a estancias temporales (vacaciones, ocio o estancias culturales). Disponible para alquiler por un máximo de 11 meses, este apartamento totalmente renovado y...",1800,el barri gotic 0 0/,63 m²,No indicada,2,2,,,4032,,,,,,,2026-05-26
https://www.pisos.com/alquilar/piso-la_marina_del_port_parc_de_montjuic08038-41693564433_520471/,Piso en alquiler en La Marina del Port-Parc de Montjuïc en La Marina del Port-Parc de Montjuïc por 1.200 €/mes,"Superficie total 78 m², piso superficie útil 78 m², habitaciones dobles: 1, 1 baño, 1 aseo, aire acondicionado (frío y calor), antigüedad entre 10 y 20 años, carpintería exterior (aluminio), cocina, comedor, estado conservación: buen estado, amueblado, vecinos por planta: 1, nº de planta: 2, port...",1200,la marina del port parc de montjuic 3 1/,78 m²,78 m²,1,2,Bajo,Entre 10 y 20 años,101545,,,,,,,2026-05-26
https://www.pisos.com/alquilar/piso-sant_gervasi_galvany-64196257554_100500/,Piso en alquiler en Turo Park en Sant Gervasi-Galvany por 2.457 €/mes,"Exclusivo piso de diseño en finca modernista única en avenida diagonal, ubicado en una sexta planta con abundante luz natural y una cuidada reforma contemporánea que combina elegancia, amplitud y materiales de alta gama. Disponible para estancia temporal justificada por motivos laborales, acad...",2457,sant gervasi galvany 4 0/,116 m²,100 m²,2,1,6ª,Más de 50 años,HA0073-RC/10871,,1,Gas natural,,,,2026-05-26
https://www.pisos.com/alquilar/piso-pedralbes-64226952532_100500/,Piso en alquiler en Pedralbes en Pedralbes por 8.789 €/mes,"Exclusiva vivienda de lujo en alquiler de larga estancia ubicada en una de las zonas más exclusivas y prestigiosas de barcelona, esta magnífica vivienda en planta alta ofrece una combinación excepcional de amplitud, privacidad y confort en pleno corazón de pedralbes. Rodeada de elegantes fincas r...",8789,pedralbes 2 0/,245 m²,No indicada,4,5,5ª,Menos de 5 años,SP477JO/2237,,,,,,,2026-05-26
https://www.pisos.com/alquilar/casa-sarria_sant_gervasi_sarria-64211169249_100600/,Casa en alquiler en Carrer del Saüc en Sarrià por 15.000 €/mes,"Ubicada en la privilegiada zona de sarrià, esta magnífica propiedad ofrece un entorno natural incomparable, rodeada por el parque natural de collserola y con vistas panorámicas de la ciudad y del mediterráneo. Su diseño moderno e innovador destaca por el uso de hormigón, piedra natural y grandes ...",15000,sarria sant gervasi sarria 9 0/,480 m²,405 m²,6,7,,,1493,,,,,,,2026-05-26
https://www.pisos.com/alquilar/piso-les_corts_barrio-64211952543_100600/,Piso en alquiler en Sarrià-Sant Gervasi en Les Corts por 4.024 €/mes,"alquiler temporal en la zona alta de barcelona, junto a turó park le presentamos esta magnífica vivienda de 149 m² construidos, situada en un prestigioso edificio de la zona alta de barcelona, en el entorno de gran sarrià, junto a turó park y a poca distancia de l’illa diagonal. La ubicación ...",4024,les corts barrio 3 0/,149 m²,No indicada,4,3,1ª,,1825,,,,,,,2026-05-26
https://www.pisos.com/alquilar/piso-la_dreta_de_eixample08010-56693939769_101800/,Piso en alquiler en La Dreta de L'Eixample en La Dreta de l'Eixample por 12.000 €/mes,"*propietario gran tenedor *vivienda alquilada en los últimos 5 años. * índice: no aplica +150 m2 descubre este excepcional apartamento completamente renovado situado en el corazón de barcelona, con una superficie total de 183 m². Esta joya arquitectónica, construida en 1900 y completamente res...",12000,la dreta de eixample 9 0/,183 m²,No indicada,3,4,5ª,Más de 50 años,I-0464KH-W-0464KH,,1,Central,Cocina equipada,,,2026-05-26
https://www.pisos.com/alquilar/piso-diagonal_mar_el_front_maritim_del_poblenou08019-56734034431_101800/,Piso en alquiler en Diagonal Mar-El Front Marítim del Poblenou en Diagonal Mar-El Front Marítim del Poblenou por 8.000 €/mes,"Seasonal lease for leisure or holidays owner is not a large property owner index: not applicable, property over 150m2 price of last contract: €10,000 en la penúltima planta del edificio illa del mar y con una espectacular vista abierta sobre la ciudad y el mar, nos encontramos con este apartamen...",8000,diagonal mar el front maritim del poblenou 1 0/,240 m²,No indicada,3,2,11ª,Entre 10 y 20 años,I-046C4U-W-046C4U,,1,Central,Cocina equipada,,,2026-05-26
https://www.pisos.com/alquilar/apartamento-la_sagrada_familia08025-55875225526_101800/,Apartamento en alquiler en La Sagrada Família en La Sagrada Família por 1.850 €/mes,"Contratos temporales a partir de 6 meses. Se trata de un piso muy espacioso, con dos habitaciones dobles, una que esta orientada hacia la parte interior de la finca con cama doble y armarios, y la siguiente muy amplia que da al exterior muy luminosa, y con ventanas doble cristal, lo que hace que ...",1850,la sagrada familia 6 0/,70 m²,No indicada,2,1,7ª,Más de 50 años,I-030TB1-W-030TB1,,1,Central,Cocina equipada,,,2026-05-26
https://www.pisos.com/alquilar/piso-les_tres_torres08017-55014758999_101800/,Piso en alquiler en Les Tres Torres en Les Tres Torres por 5.500 €/mes,"Descubra un exclusivo apartamento en la vibrante ciudad de barcelona, que combina elegancia y confort en cada rincón. Con una impresionante superficie total de 234 metros cuadrados, este espacioso hogar de cuatro dormitorios y tres baños redefine el concepto de lujo urbano. Construido en 2002 y m...",5500,les tres torres 9 0/,234 m²,No indicada,4,3,1ª,Entre 20 y 30 años,I-030ER3-W-030ER3,,1,Central,Cocina equipada,,,2026-05-26
https://www.pisos.com/alquilar/piso-la_dreta_de_eixample08008-53401908015_101800/,Piso en alquiler en La Dreta de L'Eixample en La Dreta de l'Eixample por 10.500 €/mes,"Alquiler para vacaciones y ocio propietario no es gran tenedor en el corazón de barcelona, se presenta esta joya inmobiliaria de 210 m², donde el diseño y la amplitud se combinan con una elegancia atemporal. La propiedad cuenta con cuatro habitaciones dobles, cada una con su propio baño, garant...",10500,la dreta de eixample 5 0/,210 m²,No indicada,4,4,4ª,Más de 50 años,I-02X5Q4-W-02X5Q4,,1,Central,Cocina equipada,,,2026-05-26
https://www.pisos.com/alquilar/piso-el_raval08001-57559892968_101800/,Piso en alquiler en El Raval en El Raval por 3.050 €/mes,"Solo alquileres vacacionales o de ocio el propietario es un gran tenedor precio del último contrato: 3.050 € precioso piso de diseño, esquinero, muy luminoso a estrenar. La zona de día consta de un amplio salón comedor con cocina office exterior totalmente equipada con electrodomésticos bosch y ...",3050,el raval 8 0/,93 m²,No indicada,2,2,3ª,,I-046P5Z-W-046P5Z,,1,Central,Cocina equipada,,,2026-05-26
https://www.pisos.com/alquilar/piso-el_raval08001-57535216489_101800/,Piso en alquiler en El Raval en El Raval por 3.200 €/mes,"Solo alquileres vacacionales o de ocio el propietario es un gran tenedor precio del último contrato: 3. 200 € precioso piso de diseño, esquinero, muy luminoso a estrenar. La zona de día consta de un amplio salón comedor con cocina office exterior totalmente equipada con electrodomésticos bosch y...",3200,el raval 9 0/,120 m²,No indicada,3,2,1ª,,I-046MWI-W-046MWI,,1,Central,Cocina equipada,,,2026-05-26
https://www.pisos.com/alquilar/piso-la_dreta_de_eixample08010-54234251903_101800/,Piso en alquiler en La Dreta de L'Eixample en La Dreta de l'Eixample por 2.550 €/mes,"Este alquiler está destinado únicamente y exclusivamente para uso vacacional y/o recreativo. No aplica índice.propietario no gran tenedor. Piso de diseño, muy luminoso, con acabados de alta calidad. Al ingresar a la vivienda, encontramos tres habitaciones: dos dobles (una de ellas en suite) y u...",2550,la dreta de eixample 3 0/,117 m²,No indicada,2,2,5ª,,I-0305I7-W-0305I7,,1,Central,Cocina equipada,,,2026-05-26
https://www.pisos.com/alquilar/piso-el_poble_sec08004-60051110553_531896/,Piso en alquiler en El Poble-Sec en El Poble-sec por 850 €/mes,"piso luminoso está ubicado en el barrio del poble sec, dentro del distrito de sants-montjuïc. Dispone de 3 dormitorios, cocina independiente, comedor, sala de estar, baño completo y 2 balcones. Esta zona de barcelona cuenta con un ambiente muy vivo y dispone de todo tipo de servicios esencia...",850,el poble sec 3 6/,47 m²,45 m²,3,1,1ª,Más de 50 años,M-011,,,,Independiente,,,2026-05-26
https://www.pisos.com/alquilar/piso-sant_gervasi_galvany08006-62586491131_106700/,Piso en alquiler en Sant Gervasi- Galvany en Sant Gervasi-Galvany por 3.700 €/mes,"Nuestras tarifas inician desde 2000€, variando según la temporada y la residencia seleccionada. Para brindarte la mejor atención, por favor contáctanos y consulta disponibilidad y precio exacto para tus fechas. Piso muy bonito, en una zona muy buena, cerca de la calle diagonal, a 10 minutos a pi...",3700,sant gervasi galvany 1 0/,95 m²,95 m²,2,1,,,loft david,,,,,,,2026-05-26
https://www.pisos.com/alquilar/piso-les_tres_torres-64197997947_100600/,Piso en alquiler en Sarrià-Sant Gervasi en Les Tres Torres por 6.500 €/mes,"Magnífica vivienda con terraza en el corazón de tres torres ubicada en una de las fincas más emblemáticas y cuidadas de la zona alta de barcelona, presentamos esta espectacular propiedad de 250 m². La vivienda destaca por su elegancia atemporal y una luminosidad excepcional, gracias a que todas ...",6500,les tres torres 7 0/,250 m²,188 m²,5,4,1ª,,1845,,,,,,,2026-05-26
https://www.pisos.com/alquilar/estudio-eixample_sant_antoni08011-63382254620_530867/,"Estudio en alquiler en Carrer de Casanova, cerca de Carrer de València en Sant Antoni por 820 €/mes","Ubicado en la calle casanova, en el barrio de l’antiga esquerra de l’eixample, este estudio tipo loft exterior se encuentra en una 4ª planta real con ascensor, dentro de una finca con servicio de conserjería. La vivienda ha sido reformada y destaca por su buena luminosidad natural, ofreciendo un ...",820,estudio eixample sant antoni 0 7/,33 m²,31 m²,,1,4ª,Más de 50 años,ES55007933,,,Eléctrica,Abierta,,,2026-05-26
https://www.pisos.com/alquilar/piso-sant_marti_el_poblenou08005-60039464449_531896/,Piso en alquiler en El Poblenou en El Poblenou por 950 €/mes,"El piso se encuentra en muy buen estado, listo para entrar a vivir. La cocina está completamente equipada con electrodomésticos y la casa se entrega sin amueblar el cuarto de baño está en excelentes condiciones y el inmueble, aunque es de segunda mano, ha sido bien mantenido desde su construc...",950,sant marti el poblenou 9 6/,62 m²,54 m²,3,1,3ª,Más de 50 años,P-032,,,,Independiente,,,2026-05-26
https://www.pisos.com/alquilar/atico-la_dreta_de_eixample08008-32540280758_522145/,Ático en alquiler en La Dreta de L´Eixample en La Dreta de l'Eixample por 9.000 €/mes,"Vivir en el corazón de barcelona sin renunciar a la tranquilidad es posible. Este exclusivo ático en alquiler se encuentra en un encantador pasaje peatonal que se cierra por las noches, y que permanece completamente restringido al público durante fines de semana y festivos. Un auténtico oasis ...",9000,la dreta de eixample 8 5/,395 m²,395 m²,5,3,4ª,,Prismas,,Más de 2,Gas natural,,,,2026-05-26
https://www.pisos.com/alquilar/atico-pedralbes-62514203727_109100/,Ático en alquiler en Calle Cavallers - Pedralbes en Pedralbes por 7.000 €/mes,"Avenida de pedralbes. Ático en la exclusiva zona de pedralbes. La vivienda está en una finca nueva con zona ajardinada y piscina. Esta propiedad exclusiva está diseñada con las más altas calidades y un diseño exquisito. En sus 200m2 se distribuye un espacioso salón con salida a terraza, amplia co...",7000,pedralbes 7 0/,200 m²,180 m²,4,4,4ª,,301532,,,,,,,2026-05-26
https://www.pisos.com/alquilar/piso-la_vila_de_gracia08012-52507851504_101800/,Piso en alquiler en La Vila de Gràcia en La Vila de Gràcia por 3.397 €/mes,"La propiedad se arrienda única y exclusivamente para uso vacacional o recreativo; por lo tanto, el contrato se pacta a un precio libremente acordado. Condición del propietario: gran tenedor: no. Renta mensual: 3.397 €. Nota: no se aplica ningún índice de actualización, ni las condiciones del cont...",3397,la vila de gracia 4 0/,70 m²,No indicada,3,2,2ª,Menos de 5 años,I-02ZFUF-W-02ZFUF,,,Central,,,,2026-05-26
https://www.pisos.com/alquilar/piso-antiga_esquerra_de_eixample08008-52500424436_101800/,Piso en alquiler en L'Antiga Esquerra de L'Eixample en L'Antiga Esquerra de l'Eixample por 3.200 €/mes,"Disponible 22 de septiembre 2026 uso: exclusivamente recreativo. Nota legal: el inmueble se arrienda exclusivamente para uso vacacional o recreativo, por lo que el contrato es a precio libre. Condición del propietario: gran tenedor: no. Nota: no aplica índice de precios ni condiciones del contrat...",3200,antiga esquerra de eixample 6 0/,100 m²,No indicada,4,2,3ª,Más de 50 años,I-02Z94T-W-02Z94T,,,Central,,,,2026-05-26
https://www.pisos.com/alquilar/atico-la_vila_de_gracia08012-64218756995_101800/,Ático en alquiler en La Vila de Gràcia en La Vila de Gràcia por 2.455 €/mes,"Arrendamiento temporal para vacaciones o ocio el propietario no es un gran arrendador indice no aplica por haber contrato de temporada anterior a 2.400€ último precio del contrato 2.400€ encantador apartamento de 1 dormitorio con terraza privada, que consta de una amplia sala de estar con acceso...",2455,la vila de gracia 5 0/,61 m²,No indicada,1,1,5ª,Entre 30 y 50 años,I-04A0T0-W-04A0T0,,1,Central,Cocina equipada,,,2026-05-26
https://www.pisos.com/alquilar/piso-el_barri_gotic08002-64193145818_101800/,Piso en alquiler en El Barri Gòtic en El Barri Gòtic por 7.500 €/mes,"En barcelona, este apartamento de 230 m² en excelente estado ofrece 2 dormitorios y 2 baños en un edificio de 1860 bellamente restaurado, totalmente modernizado en 2023, con acceso por ascensor y aparcamiento subterráneo. Una refinada fusión de carácter histórico y comodidad contemporánea; la vi...",7500,el barri gotic 8 0/,230 m²,No indicada,2,2,3ª,Más de 50 años,I-049Z2L-W-049Z2L,,1,Central,Cocina equipada,,,2026-05-26
https://www.pisos.com/alquilar/piso-la_vila_de_gracia08012-64194919254_101800/,Piso en alquiler en La Vila de Gràcia en La Vila de Gràcia por 1.900 €/mes,"Alquiler temporal. Disponible a partir del1 de julio. Se trata de un bajos con acceso desde la calle. Entramos por un magnífico porticón, de inicios de siglo xx, magníficamente conservado y reestructurado, con dos grandes ventanales a ambos lados, que iluminan la propiedad. Perfectamente reform...",1900,la vila de gracia 4 0/,80 m²,No indicada,2,1,1ª,Más de 50 años,I-049VUE-W-049VUE,,1,Central,Cocina equipada,,,2026-05-26
https://www.pisos.com/alquilar/piso-el_camp_de_arpa_del_clot08041-64223698968_101800/,Piso en alquiler en El Camp de L'Arpa del Clot en El Camp de l'Arpa del Clot por 2.500 €/mes,"Información de transparencia y condiciones de arrendamiento: uso: exclusivamente con fines recreativos o vacacionales. Nota legal: la propiedad se arrienda única y exclusivamente para uso vacacional o recreativo. En consecuencia, el contrato se formaliza a un precio de mercado libremente pactad...",2500,el camp de arpa del clot 8 0/,120 m²,No indicada,3,2,1ª,Más de 50 años,I-049YA7-W-049YA7,,1,Central,Cocina equipada,,,2026-05-26
https://www.pisos.com/alquilar/piso-antiga_esquerra_de_eixample08036-64262086569_101800/,Piso en alquiler en L'Antiga Esquerra de L'Eixample en L'Antiga Esquerra de l'Eixample por 2.611 €/mes,"Contrato temporal gran tenedor: no precio ultimo contrato: 2.550 eur este encantador piso se encuentra en el distrito del eixample de la hermosa ciudad de barcelona. Con una distribución de 3 habitaciones y 2 baños, este apartamento amueblado ofrece comodidad y elegancia. El apartamento cuenta ...",2611,antiga esquerra de eixample 9 0/,114 m²,No indicada,3,2,5ª,Más de 50 años,I-049Q3T-W-049Q3T,,1,Central,Cocina equipada,,,2026-05-26
https://www.pisos.com/alquilar/piso-ciutat_vella_la_barceloneta08003-64195883863_101800/,Piso en alquiler en La Barceloneta en La Barceloneta por 2.000 €/mes,"Solo alquileres vacacionales o de ocio el propietario no es un gran tenedor precio del último contrato: 2.000 € *el índice de precios no se aplica, ya que sólo es para uso vacacional. El piso es una excelente propiedad para una estancia de medio término en barcelona. Al entrar por la puerta, en...",2000,ciutat vella la barceloneta 3 0/,70 m²,No indicada,2,2,4ª,Entre 10 y 20 años,I-049WE5-W-049WE5,,1,Central,Cocina equipada,,,2026-05-26
https://www.pisos.com/alquilar/piso-la_dreta_de_eixample08007-64192227272_101800/,Piso en alquiler en La Dreta de L'Eixample en La Dreta de l'Eixample por 8.700 €/mes,"Excepcional apartamento en alquiler situado en una finca regia de finales del siglo xix, completamente renovada, con ascensor y servicio de conserjería, a escasos pasos de rambla catalunya y passeig de gràcia, y muy cerca de plaça catalunya. La vivienda, de aproximadamente 210 m², ha sido reforma...",8700,la dreta de eixample 2 0/,202 m²,No indicada,3,3,3ª,Más de 50 años,I-048RD7-W-048RD7,,1,Central,Cocina equipada,,,2026-05-26
https://www.pisos.com/alquilar/piso-la_sagrada_familia08025-64238134354_101800/,Piso en alquiler en La Sagrada Família en La Sagrada Família por 2.000 €/mes,"Fantástica vivienda de alquiler por temporada con balcón. Cuenta con 85m2 distribuidos en 4 habitaciones, salón-comedor y cocina abierta, balcón y pequeño patio interior. La vivienda se encuentra totalmente equipada y reformada, estancias de más de 32 días, uso exclusivamente recreativo. Disponib...",2000,la sagrada familia 4 0/,85 m²,No indicada,4,2,1ª,Más de 50 años,I-049TRA-W-049TRA,,,Central,Cocina equipada,,,2026-05-26
https://www.pisos.com/alquilar/piso-antiga_esquerra_de_eixample08011-64232905197_101800/,Piso en alquiler en L'Antiga Esquerra de L'Eixample en L'Antiga Esquerra de l'Eixample por 2.306 €/mes,"Amplio piso temporal amueblado en eixample. Este piso consta de un gran salón muy luminoso, cocina equipada con todos los electrodomésticos, cuatro habitaciones dobles, un baño completo y un aseo de invitados. El apartamento dispone de aire acondicionado y calefacción. El edificio tiene un ascens...",2306,antiga esquerra de eixample 7 0/,147 m²,No indicada,5,2,3ª,Más de 50 años,I-049SQ3-W-049SQ3,,,Central,Cocina equipada,,,2026-05-26
https://www.pisos.com/alquilar/piso-el_barri_gotic08002-64178132972_101800/,Piso en alquiler en El Barri Gòtic en El Barri Gòtic por 2.500 €/mes,"Uso: exclusivamente recreativo. Nota legal: el inmueble se arrienda única y exclusivamente para uso vacacional o recreativo, por lo que el contrato es a precio libre. Condición del propietario: gran tenedor: no nota: no se aplica el índice de precios ni las condiciones del contrato anterior po...",2500,el barri gotic 2 0/,78 m²,No indicada,2,1,4ª,Entre 5 y 10 años,I-049T54-W-049T54,,,Central,Cocina equipada,,,2026-05-26
https://www.pisos.com/alquilar/piso-sant_marti_el_poblenou08019-64206979186_101800/,Piso en alquiler en El Poblenou en El Poblenou por 4.500 €/mes,"Alquiler vacacional 4-6 meses. Magnífica vivienda disponible, se alquila amueblada y equipada. Con vistas espectaculares a la playa. Luminoso y con excelente distribución. Consta de un salón comedor con amplios ventanales, cocina totalmente equipada, después un despacho y 2 dormitorios dobles (1 ...",4500,sant marti el poblenou 6 0/,114 m²,No indicada,3,2,3ª,Entre 20 y 30 años,I-049SSN-W-049SSN,,1,Central,Cocina equipada,,,2026-05-26
https://www.pisos.com/alquilar/piso-sant_pere_santa_caterina_la_ribera08003-64264152609_101800/,Piso en alquiler en Sant Pere-Santa Caterina-La Ribera en Sant Pere-Santa Caterina-La Ribera por 3.500 €/mes,"Alquiler con finalidad de ocio, vacacional o recreativa. Magnífico apartamento recién reformado en finca señorial con ascensor. Totalmente amueblado y equipado. La vivienda dispone de un amplio recibidor-distribuidor. Zona de día: salón-comedor con cocina abierta con todos los electrodoméstico...",3500,sant pere santa caterina la ribera 9 0/,120 m²,No indicada,4,2,1ª,Más de 50 años,I-049SGC-W-049SGC,,1,Central,Cocina equipada,,,2026-05-26
https://www.pisos.com/alquilar/atico-la_nova_esquerra_de_eixample08029-64194803346_101800/,Ático en alquiler en La Nova Esquerra de L'Eixample en La Nova Esquerra de l'Eixample por 3.000 €/mes,"El apartamento está amueblado y equipado con mucho gusto. Cuenta con un dormitorio separado y un baño completo con bañera. La cocina está integrada en el salón, estilo espacio abierto que permite ahorrar espacio y da mucha funcionalidad. En el mismo nivel del piso se accede a una maravillosa ...",3000,la nova esquerra de eixample 6 0/,50 m²,No indicada,1,1,5ª,Más de 50 años,I-049QBR-W-049QBR,,1,Central,Cocina equipada,,,2026-05-26
https://www.pisos.com/alquilar/piso-el_barri_gotic08002-63352871875_101800/,Piso en alquiler en El Barri Gòtic en El Barri Gòtic por 2.300 €/mes,"Solo alquileres vacacionales o de ocio el propietario es un gran tenedor precio del último contrato: 2.400 € *el índice de precios no se aplica, ya que sólo es para uso vacacional. Este amplio piso de 4 dormitorios se encuentra en un edificio histórico completamente renovado con ascensor, ubicad...",2300,el barri gotic 5 0/,140 m²,No indicada,3,2,2ª,Más de 50 años,I-049AB9-W-049AB9,,1,Central,Cocina equipada,,,2026-05-26
https://www.pisos.com/alquilar/piso-el_barri_gotic08002-63357316447_101800/,Piso en alquiler en El Barri Gòtic en El Barri Gòtic por 2.300 €/mes,"Solo alquileres vacacionales o de ocio el propietario es un gran tenedor precio del último contrato: 2.400 € *el índice de precios no se aplica, ya que sólo es para uso vacacional. Este amplio piso temporal de 3 dormitorios se encuentra en un edificio histórico completamente renovado con ascens...",2300,el barri gotic 7 0/,103 m²,No indicada,3,2,2ª,Más de 50 años,I-049AAJ-W-049AAJ,,1,Central,Cocina equipada,,,2026-05-26
https://www.pisos.com/alquilar/piso-el_barri_gotic08002-63409971985_101800/,Piso en alquiler en El Barri Gòtic en El Barri Gòtic por 2.350 €/mes,"Solo alquileres vacacionales o de ocio el propietario es un gran tenedor precio del último contrato: 2.450 € *el índice de precios no se aplica, ya que sólo es para uso vacacional. Este amplio piso temporal de 3 dormitorios se encuentra en un edificio histórico completamente renovado con ascenso...",2350,el barri gotic 5 0/,140 m²,No indicada,3,2,3ª,Más de 50 años,I-049A9B-W-049A9B,,1,Central,Cocina equipada,,,2026-05-26
https://www.pisos.com/alquilar/piso-la_dreta_de_eixample08002-64186408432_101800/,Piso en alquiler en La Dreta de L'Eixample en La Dreta de l'Eixample por 9.500 €/mes,"Solo alquileres vacacionales o de ocio el propietario no es un gran tenedor precio del último contrato: 9.500 € *el índice de precios no se aplica ya que es solo para uso vacacional. La propiedad está perfectamente ubicada en pleno paseo de gracia, se puede llegar a las cuatro esquinas de barce...",9500,la dreta de eixample 2 0/,264 m²,No indicada,5,4,4ª,Más de 50 años,I-049PYQ-W-049PYQ,,1,Central,Cocina equipada,,,2026-05-26
https://www.pisos.com/alquilar/piso-sarria_sant_gervasi_sarria08034-64195476901_101800/,Piso en alquiler en Sarrià en Sarrià por 5.000 €/mes,"Gran piso totalmente reformado. Destaca por su equilibrada mezcla de arquitectura moderna y estilo de la época. Dispone de techos altos, con elementos artesanos y suelos de mosaicos distintos en cada habitación. Se encuentra ubicado en una finca familiar con pocos vecinos. El piso se distribuye...",5000,sarria sant gervasi sarria 1 0/,280 m²,No indicada,5,4,2ª,Más de 50 años,I-049FBN-W-049FBN,,1,Central,Cocina equipada,,,2026-05-26
https://www.pisos.com/alquilar/piso-el_raval08001-64234709570_101800/,Piso en alquiler en El Raval en El Raval por 2.100 €/mes,"El propietario no es un gran tenedor precio del último contrato 2.100€ precioso y luminoso piso reformado en el centro de barcelona, conservando elementos originales como suelos hidráulicos, bóveda catalana y vigas de madera, y con acabados de máxima calidad. Reforma exquisita. Dispone de tres ...",2100,el raval 0 0/,97 m²,No indicada,3,2,2ª,Más de 50 años,I-030I7U-W-030I7U,,1,Central,Cocina equipada,,,2026-05-26
https://www.pisos.com/alquilar/piso-antiga_esquerra_de_eixample08036-64231950222_101800/,Piso en alquiler en L'Antiga Esquerra de L'Eixample en L'Antiga Esquerra de l'Eixample por 2.750 €/mes,"Solo alquileres vacacionales o de ocio el propietario no es un gran tenedor precio del último contrato: 2.500€ *el índice de precios no se aplica, ya que sólo es para uso vacacional. Maravilloso apartamento ubicado en finca clásica de 1910. El piso se encuentra en la segunda planta del edificio ...",2750,antiga esquerra de eixample 2 0/,77 m²,No indicada,3,1,2ª,Más de 50 años,I-049P07-W-049P07,,,Central,Cocina equipada,,,2026-05-26
https://www.pisos.com/alquilar/piso-la_dreta_de_eixample08037-63401790029_101800/,Piso en alquiler en La Dreta de L'Eixample en La Dreta de l'Eixample por 10.000 €/mes,"Solo alquileres vacacionales o de ocio el propietario no es un gran tenedor precio del último contrato: 11.000 € *el índice de precios no se aplica, ya que sólo es para uso vacacional. En el corazón del quadrat d’or de barcelona, en una finca regia de gran presencia y con servicio de portería, s...",10000,la dreta de eixample 9 0/,221 m²,No indicada,5,3,5ª,Más de 50 años,I-049N55-W-049N55,,1,Central,Cocina equipada,,,2026-05-26
https://www.pisos.com/alquilar/piso-el_barri_gotic08002-63368485955_101800/,Piso en alquiler en El Barri Gòtic en El Barri Gòtic por 2.100 €/mes,"Este excepcional apartamento de 125 m² redefine el concepto de vivienda moderna, fusionando funcionalidad y diseño en un espacio que respira personalidad y sofisticación. La propiedad cuenta con 1 amplia habitación pensada para el máximo confort, complementada por dos baños completos que ofrecen...",2100,el barri gotic 5 0/,125 m²,No indicada,1,2,3ª,Más de 50 años,I-049LTV-W-049LTV,,,Central,Cocina equipada,,,2026-05-26
https://www.pisos.com/alquilar/piso-sant_pere_santa_caterina_la_ribera08003-63367489646_101800/,Piso en alquiler en Sant Pere-Santa Caterina-La Ribera en Sant Pere-Santa Caterina-La Ribera por 3.300 €/mes,"Este exclusivo apartamento amueblado ha sido completamente reformado y está amueblado, y estará disponible a partir del 09/06/26. Su ubicación es privilegiada, en pleno corazón del born y a pocos pasos de la vía laietana y del mercado de santa caterina. Sus 130 m2 están perfectamente aprovechado...",3300,sant pere santa caterina la ribera 6 0/,137 m²,No indicada,4,2,6ª,Más de 50 años,I-049IUZ-W-049IUZ,,,Central,Cocina equipada,,,2026-05-26
https://www.pisos.com/alquilar/piso-la_vila_de_gracia08006-63353770318_101800/,Piso en alquiler en La Vila de Gràcia en La Vila de Gràcia por 3.985 €/mes,"Engel&völkers presenta en exclusiva esta pieza única en una de las ubicaciones más demandadas. En la tranquila plaza, en una bonita finca modernista, se encuentra esta vivienda tan extraordinaria que consta de 156m2 y una terraza de 54m2. La propiedad consta actualmente de 3 dormitorios y tres ba...",3985,la vila de gracia 8 0/,183 m²,No indicada,3,3,1ª,Más de 50 años,I-048NZK-W-048NZK,,1,Central,Cocina equipada,,,2026-05-26
https://www.pisos.com/alquilar/piso-la_dreta_de_eixample08008-62548943726_101800/,Piso en alquiler en La Dreta de L'Eixample en La Dreta de l'Eixample por 2.800 €/mes,"Aviso legal: la propiedad se alquila exclusivamente para uso vacacional o recreativo; por lo tanto, el contrato se fija a precio de mercado. Condición del arrendador: gran tenedor: no renta mensual: 2.700 € nota: el índice de precios y las condiciones del contrato anterior no son aplicables al tr...",2800,la dreta de eixample 6 0/,107 m²,No indicada,2,2,2ª,Entre 20 y 30 años,I-049668-W-049668,,1,Central,Cocina equipada,,,2026-05-26
https://www.pisos.com/alquilar/piso-el_barri_gotic08002-62564346229_101800/,Piso en alquiler en El Barri Gòtic en El Barri Gòtic por 1.450 €/mes,"Gran apartamento temporal en el centro de la ciudad, junto a la plaza george orwell, en una zona muy de moda de barcelona. Junto a tiendas y zona bio, en un edificio familiar y tranquilo, este cómodo apartamento está completamente amueblado y equipado. Amplia habitación doble con cama y colchón d...",1450,el barri gotic 9 0/,58 m²,No indicada,1,1,2ª,Más de 50 años,I-048U3B-W-048U3B,,1,Central,Cocina equipada,,,2026-05-26
https://www.pisos.com/alquilar/piso-ciutat_vella_la_barceloneta08003-61716185296_101800/,Piso en alquiler en La Barceloneta en La Barceloneta por 1.850 €/mes,"Disponible a partir del 31 de julio, este acogedor piso temporal en alquiler se sitúa a escasos metros del mar, en el emblemático barrio de la barceloneta, una de las zonas con más encanto de barcelona. La vivienda se ofrece exclusivamente para alquiler temporal, destinada a estancias por motivo...",1850,ciutat vella la barceloneta 6 0/,75 m²,No indicada,2,2,4ª,Más de 50 años,I-048FUF-W-048FUF,,,Central,Cocina equipada,,,2026-05-26
https://www.pisos.com/alquilar/atico-la_nova_esquerra_de_eixample08015-61670980416_101800/,Ático en alquiler en La Nova Esquerra de L'Eixample en La Nova Esquerra de l'Eixample por 2.200 €/mes,"Espectacular ático de diseño en la esquerra del eixample , contrato de temporada sólo para uso vacacional y/o recreativo. Totalmente amueblado y con cocina equipada, posee 1 habitacion doble y 1 baño completo, aire acondicionado con split y calefacción por conductos, acceso a una terraza especta...",2200,la nova esquerra de eixample 6 0/,48 m²,No indicada,1,1,8ª,Entre 30 y 50 años,I-0488LE-W-0488LE,,,Central,Cocina equipada,,,2026-05-26
https://www.pisos.com/alquilar/atico-gracia_la_salut08024-61748272051_101800/,Ático en alquiler en La Salut en La Salut por 2.700 €/mes,"Se ofrece exclusivamente en alquiler vacacional, de ocio o recreo (no disponible como vivienda habitual), este espectacular sobreático situado en la décima planta de un edificio en la ronda del guinardó. La propiedad destaca por su impresionante terraza de 72,64 m², desde la que se disfrutan vist...",2700,gracia la salut 1 0/,65 m²,No indicada,1,1,10ª,Más de 50 años,I-04872X-W-04872X,,1,Central,Cocina equipada,,,2026-05-26
https://www.pisos.com/alquilar/piso-la_dreta_de_eixample08009-60892682456_101800/,Piso en alquiler en La Dreta de L'Eixample en La Dreta de l'Eixample por 9.000 €/mes,"Descubre una experiencia residencial de alto nivel en este exclusivo apartamento de 185 m², diseñado para quienes buscan confort, elegancia y funcionalidad en una de las zonas más privilegiadas de la ciudad. Ubicado en un entorno que combina historia, cultura y conveniencia, este inmueble ofrece ...",9000,la dreta de eixample 6 0/,185 m²,No indicada,4,3,4ª,Más de 50 años,I-0482FO-W-0482FO,,1,Central,Cocina equipada,,,2026-05-26
https://www.pisos.com/alquilar/piso-la_nova_esquerra_de_eixample08029-60886773913_101800/,Piso en alquiler en La Nova Esquerra de L'Eixample en La Nova Esquerra de l'Eixample por 2.650 €/mes,"Este alquiler está destinado única y exclusivamente a uso vacacional y/o recreativo. No se aplica el índice. Propietario no gran tenedor. Precioso apartamento amueblado con excelente ubicación, a pocos pasos de la plaza francesc macià, en una zona rodeada de comercios, servicios y restaurantes d...",2650,la nova esquerra de eixample 3 0/,80 m²,No indicada,3,2,7ª,Más de 50 años,I-0483LE-W-0483LE,,1,Central,Cocina equipada,,,2026-05-26
https://www.pisos.com/alquilar/piso-el_fort_pienc08013-60905739968_101800/,Piso en alquiler en El Fort Pienc en El Fort Pienc por 2.300 €/mes,"Este alquiler está destinado exclusivamente a uso vacacional y/o recreativo. No aplica índice. Propietario no gran tenedor. Se trata de un piso que cuenta con tres habitaciones exteriores, todas dobles. Dos de ellas son amplias y cómodas, mientras que la tercera es algo más compacta. Dispone de d...",2300,el fort pienc 8 0/,80 m²,No indicada,3,2,5ª,Más de 50 años,I-0483MQ-W-0483MQ,,1,Central,Cocina equipada,,,2026-05-26
https://www.pisos.com/alquilar/atico-sant_gervasi_galvany08021-60040616307_101800/,Ático en alquiler en Sant Gervasi-Galvany en Sant Gervasi-Galvany por 8.300 €/mes,"En pleno sant gervasi-tres torres , se encuentra este excelente ático de larga estancia, amueblado, totalmente exterior y con terraza de 200m2. Ubicado en un edificio singular, construido por un reconocido arquitecto en 1993, en zona residencial muy tranquila y rodeada de jardines de las fincas c...",8300,sant gervasi galvany 7 0/,375 m²,No indicada,5,6,4ª,Entre 30 y 50 años,I-047UAJ-W-047UAJ,,1,Central,Cocina equipada,,,2026-05-26
https://www.pisos.com/alquilar/piso-el_barri_gotic08003-60013616270_101800/,Piso en alquiler en El Barri Gòtic en El Barri Gòtic por 2.500 €/mes,"Propietario no gran tenedor vivienda alquilada en los últimos 5 años. Índice: no aplica +150 m2 amplio apartamento de 143mq a lado del port vell. Este apartamento de estilo modernista clásico cuenta con techos altos y proporciones generosas. Totalmente renovado con los más altos estándares, l...",2500,el barri gotic 0 0/,143 m²,No indicada,3,2,3ª,Más de 50 años,I-047N2A-W-047N2A,,1,Central,Cocina equipada,,,2026-05-26
https://www.pisos.com/alquilar/apartamento-la_vila_de_gracia08006-59199749335_101800/,Apartamento en alquiler en La Vila de Gràcia en La Vila de Gràcia por 2.500 €/mes,"Vivienda contrato temporal amueblada y equipada con todo detalle, lista para entrar a vivir. Piso de una habitación con cocina abierta totalmente equipada con electrodomésticos, suelos de parqué en toda la vivienda, excepto en baño y cocina, donde son de gres porcelánico. Además, está equipado ...",2500,la vila de gracia 5 0/,71 m²,No indicada,1,1,3ª,Entre 5 y 10 años,I-047LT9-W-047LT9,,1,Central,Cocina equipada,,,2026-05-26
https://www.pisos.com/alquilar/piso-el_raval08001-59203427429_101800/,Piso en alquiler en El Raval en El Raval por 2.200 €/mes,"Alquiler temporal, alquiler para vacaciones o ocio propietario no es gran tenedor y no aplica índice. Piso de alquiler temporal de 130 m2. Fabuloso y moderno apartamento de 130 metros cuadrados (1.400 pies cuadrados) con aire acondicionado, recientemente renovado y completamente amueblado en el ...",2200,el raval 9 0/,130 m²,No indicada,3,2,2ª,Más de 50 años,I-047KKM-W-047KKM,,1,Central,Cocina equipada,,,2026-05-26
https://www.pisos.com/alquilar/piso-pedralbes08034-57525849454_101800/,Piso en alquiler en Pedralbes en Pedralbes por 2.150 €/mes,"Alquiler temporal .ubicado en la privilegiada zona de pedralbes, en una calle muy tranquila pero muy bien comunicada, encontramos éste elegante apartamento amueblado de 75 m2 con terraza, y con un dormitorio doble en suite y un baño completo. Cuenta con un salón comedor de unos 25m2 y una cocina...",2150,pedralbes 4 0/,75 m²,No indicada,1,1,6ª,,I-046QBB-W-046QBB,,,Central,,,,2026-05-26
https://www.pisos.com/alquilar/casa-sarria_sant_gervasi_sarria08017-55886910417_101800/,Casa en alquiler en Sarrià en Sarrià por 15.000 €/mes,"Excelente casa amueblada en sarriá, con espléndidas vistas sobre toda la ciudad de barcelona. La casa ha sido construida en el estilo más moderno con la más alta calidad y acabados, con jardín y piscina privados. La casa está dividida en varias medias plantas, todas ellas comunicadas con ascens...",15000,sarria sant gervasi sarria 7 0/,545 m²,No indicada,7,6,,Menos de 5 años,I-030PJL-W-030PJL,,1,Central,Cocina equipada,,,2026-05-26
https://www.pisos.com/alquilar/piso-nou_barris-62528385785_106700/,Piso en alquiler en Vilapicina I La Torre Llobeta en Nou Barris por 4.000 €/mes,"Nuestras tarifas inician desde 2000€, variando según la temporada y la residencia seleccionada. Para brindarte la mejor atención, por favor contáctanos y consulta disponibilidad y precio exacto para tus fechas. Bienvenido a tu próximo hogar vacacional en barcelona! este piso de tres habitaciones...",4000,nou barris 5 0/,60 m²,60 m²,3,1,,,LUXURY AND CONFORTABLE,,,,,,,2026-05-26
https://www.pisos.com/alquilar/atico-sant_gervasi_galvany08006-62526879765_106700/,Ático en alquiler en Sant Gervasi- Galvany en Sant Gervasi-Galvany por 4.200 €/mes,"Nuestras tarifas inician desde 2000€, variando según la temporada y la residencia seleccionada. Para brindarte la mejor atención, por favor contáctanos y consulta disponibilidad y precio exacto para tus fechas. Este alojamiento tiene una ubicación estratégica: será muy fácil planear tu visita! a...",4200,sant gervasi galvany 5 0/,98 m²,98 m²,3,2,,,atico david,,,,,,,2026-05-26
https://www.pisos.com/alquilar/piso-el_barri_gotic08002-64226132097_101800/,Piso en alquiler en El Barri Gòtic en El Barri Gòtic por 2.850 €/mes,"Se alquila por temporada desde septiembre desde 32 días hasta 11 meses. Este elegante apartmento es el equilibrio entre carácter original y renovación contemporánea. Sus techos de vigas vistas en madera con ladrillo catalán y un espacio open concept que une cocina, comedor y salón, ideal para un...",2850,el barri gotic 7 0/,101 m²,No indicada,3,2,4ª,,I-04A0ZV-W-04A0ZV,,,Central,Cocina equipada,,,2026-05-26
https://www.pisos.com/alquilar/atico-sant_pere_santa_caterina_la_ribera08003-64262670143_101800/,Ático en alquiler en Sant Pere-Santa Caterina-La Ribera en Sant Pere-Santa Caterina-La Ribera por 1.750 €/mes,"Solo alquileres vacacionales o de ocio el propietario no es un gran tenedor precio del último contrato: 1. 750 € *el índice de precios no se aplica, ya que sólo es para uso vacacional. El piso es un maravilloso y cómodo apartamento de 1 dormitorio, ubicado en una finca regia con ascensor. Terraz...",1750,sant pere santa caterina la ribera 3 0/,53 m²,No indicada,1,1,7ª,,I-049YAF-W-049YAF,,1,Central,Cocina equipada,,,2026-05-26
https://www.pisos.com/alquilar/piso-antiga_esquerra_de_eixample08008-64224531861_101800/,Piso en alquiler en L'Antiga Esquerra de L'Eixample en L'Antiga Esquerra de l'Eixample por 2.600 €/mes,"Información de transparencia y condiciones de arrendamiento: uso: exclusivamente con fines recreativos o vacacionales. Nota legal: la vivienda se arrienda única y exclusivamente para uso vacacional o recreativo. En consecuencia, el contrato se formaliza a un precio de mercado libremente pactado...",2600,antiga esquerra de eixample 1 0/,105 m²,No indicada,2,2,2ª,,I-049YH3-W-049YH3,,1,Central,Cocina equipada,,,2026-05-26
https://www.pisos.com/alquilar/piso-la_dreta_de_eixample08007-64248269156_101800/,Piso en alquiler en La Dreta de L'Eixample en La Dreta de l'Eixample por 3.700 €/mes,"Información de transparencia y condiciones de arrendamiento: uso: exclusivamente con fines recreativos o vacacionales. Nota legal: la vivienda se arrienda única y exclusivamente para uso vacacional o recreativo. En consecuencia, el contrato se formaliza a un precio de mercado libremente pactado...",3700,la dreta de eixample 6 0/,91 m²,No indicada,2,2,5ª,,I-049YGJ-W-049YGJ,,1,Central,Cocina equipada,,,2026-05-26
https://www.pisos.com/alquilar/atico-sarria_sant_gervasi_sarria08034-64258099502_101800/,Ático en alquiler en Sarrià en Sarrià por 3.546 €/mes,"Increíble y único ático dúplex en el corazón de sarriá, en zona resedencial a un paso del mercado de sarriá, con 4 terrazas de unos 80 m2 en total. Desde la entrada de la casa nos encontramos con un amplio salón-comedor con zona de despacho y salida a una soleada terraza de unos 23 m2. Dispone ...",3546,sarria sant gervasi sarria 2 0/,200 m²,No indicada,3,2,3ª,,I-02H9ZI-W-02H9ZI,,1,Central,Cocina equipada,,,2026-05-26
https://www.pisos.com/alquilar/piso-sant_gervasi_galvany08006-64238747571_101800/,Piso en alquiler en Sant Gervasi-Galvany en Sant Gervasi-Galvany por 1.150 €/mes,"Junto a la plaza molina, inmejorable ubicación, a pie de los ffgg y rodeado de innumerables servicios, presentamos este piso totalmente amueblado y equipado listo para entrar a vivir. Sus 44 metros cuadrados ofrecen comodidad y tranquilidad. Desde la entrada entramos al salón comedor con cocina ...",1150,sant gervasi galvany 1 0/,44 m²,No indicada,1,1,1ª,,I-049SNE-W-049SNE,,1,Central,Cocina equipada,,,2026-05-26
https://www.pisos.com/alquilar/piso-antiga_esquerra_de_eixample08011-64169516006_101800/,Piso en alquiler en L'Antiga Esquerra de L'Eixample en L'Antiga Esquerra de l'Eixample por 2.048 €/mes,"Bienvenido a este sofisticado piso ubicado a la izquierda del eixample, donde la elegancia y la practicidad se fusionan para ofrecerte el hogar perfecto. Con una distribución ideal y espacios amplios llenos de luz, este apartamento te brinda el lujo de dos habitaciones dobles, cada una con su pro...",2048,antiga esquerra de eixample 6 0/,129 m²,No indicada,2,3,3ª,,I-049VO0-W-049VO0,,1,Central,Cocina equipada,,,2026-05-26
https://www.pisos.com/alquilar/piso-el_barri_gotic08002-64197150385_101800/,Piso en alquiler en El Barri Gòtic en El Barri Gòtic por 2.252 €/mes,"Este magnífico piso consta de un amplio y luminoso salón con vistas a la plaza del pi, una cocina completamente equipada, dos habitaciones dobles y dos baños completos con plato de ducha. El apartamento se alquila amueblado, está equipado con calefacción y aire acondicionado. El edificio dispon...",2252,el barri gotic 5 0/,115 m²,No indicada,2,2,5ª,,I-049R4T-W-049R4T,,1,Central,Cocina equipada,,,2026-05-26
https://www.pisos.com/alquilar/piso-antiga_esquerra_de_eixample08036-64234133663_101800/,Piso en alquiler en L'Antiga Esquerra de L'Eixample en L'Antiga Esquerra de l'Eixample por 2.800 €/mes,"Información de transparencia y condiciones de arrendamiento: uso: con fines exclusivamente recreativos o vacacionales. Nota legal: la vivienda se alquila única y exclusivamente para uso vacacional o recreativo. En consecuencia, el contrato se formaliza a un precio de mercado libremente acordado...",2800,antiga esquerra de eixample 3 0/,93 m²,No indicada,3,2,3ª,,I-049T1V-W-049T1V,,1,Central,Cocina equipada,,,2026-05-26
https://www.pisos.com/alquilar/piso-el_barri_gotic08002-64173851750_101800/,Piso en alquiler en El Barri Gòtic en El Barri Gòtic por 3.240 €/mes,"Estupendo piso reformado: luminoso salon comedor con cocina abierta al salon que tiene salida a 2 balcones con vistas despejadas a la plaça vila de madrid, consta de 5 dormitorios dobles con armarios, modernos baños en pasillo. Completan esta maravillosa vivienda: suelos de parket, aire acondic...",3240,el barri gotic 0 0/,130 m²,No indicada,5,2,3ª,,I-049SCM-W-049SCM,,1,Central,Cocina equipada,,,2026-05-26
https://www.pisos.com/alquilar/piso-la_vila_de_gracia08024-64181312919_101800/,Piso en alquiler en La Vila de Gràcia en La Vila de Gràcia por 2.275 €/mes,"Este apartamento de temporada y el precio indicado se aplican exclusivamente a estancias destinadas a vacaciones, ocio o fines recreativos. Los suministros y el internet están incluidos en el precio. Tu nuevo hogar te espera: un espacio cómodo, recientemente renovado y totalmente equipado, diseñ...",2275,la vila de gracia 9 0/,70 m²,No indicada,2,1,2ª,,I-049PHZ-W-049PHZ,,,Central,Cocina equipada,,,2026-05-26
https://www.pisos.com/alquilar/piso-ciutat_vella_la_barceloneta08003-64258926858_101800/,Piso en alquiler en La Barceloneta en La Barceloneta por 2.425 €/mes,"Alquiler vacacional, el precio incluye suministros e internet. El apartamento está decorado con gran sentido del estilo y la practicidad. Tiene dos habitaciones elegantes dobles, una de ellas con baño en suite. También hay otro baño completo, cocina independiente, completa con todos ls electrodom...",2425,ciutat vella la barceloneta 8 0/,65 m²,No indicada,2,2,3ª,,I-049PI1-W-049PI1,,,Central,Cocina equipada,,,2026-05-26
https://www.pisos.com/alquilar/piso-les_tres_torres08017-64184041501_101800/,Piso en alquiler en Les Tres Torres en Les Tres Torres por 3.100 €/mes,"Alquiler vacacional exclusivamente para ocio, recreativo y vacacional. El precio incluye los suministros e internet. El piso tiene 90m2 y está totalmente amueblado y equipado. La propiedad tiene una enorme sala de estar y dos dormitorios, una habitación doble y otra habitación individual. Usted ...",3100,les tres torres 1 0/,90 m²,No indicada,3,2,1ª,,I-049PHW-W-049PHW,,,Central,Cocina equipada,,,2026-05-26
https://www.pisos.com/alquilar/atico-sant_gervasi_galvany08021-63402532695_101800/,Ático en alquiler en Sant Gervasi-Galvany en Sant Gervasi-Galvany por 15.000 €/mes,"En la mejor calle del turó parc, se encuentra éste espectacular ático dúplex reformado con acabados de alta gama, con una superficie de 330 m2 más 90m2 de terrazas. Está distribuido en dos plantas, en la planta principal se encuentra un majestuoso salón comedor de 80 m2, con buena salida direct...",15000,sant gervasi galvany 5 0/,440 m²,No indicada,5,5,6ª,,I-049APX-W-049APX,,1,Central,Cocina equipada,,,2026-05-26
https://www.pisos.com/alquilar/piso-el_barri_gotic08002-63379330804_101800/,Piso en alquiler en El Barri Gòtic en El Barri Gòtic por 2.800 €/mes,"Alquiler temporal. Piso reformado que conserva elementos originales como el suelo hidráulico, paredes originales a vista y los techos de 'volta catalana'. En la entrada o recibidor se encuentra un pequeño patio habilitado como espacio exterior. En el comedor, habitación más grande del piso con 50...",2800,el barri gotic 4 0/,138 m²,No indicada,3,3,2ª,,I-04963U-W-04963U,,,Central,Cocina equipada,,,2026-05-26
https://www.pisos.com/alquilar/piso-el_camp_en_grassot_gracia_nova08037-63376619988_101800/,Piso en alquiler en El Camp D'en Grassot-Gràcia Nova en El Camp d'en Grassot-Gràcia Nova por 2.400 €/mes,"Bienvenido a un exclusivo apartamento temporal de más de 140 metros cuadrados en el vibrante corazón de barcelona. Este clásico espacio ofrece cuatro dormitorios y dos baños, diseñados para el máximo confort. Al entrar, se revela un ambiente tradicional y sofisticado que destaca por su amplitud ...",2400,el camp en grassot gracia nova 8 0/,140 m²,No indicada,4,2,5ª,,I-049G16-W-049G16,,1,Central,Cocina equipada,,,2026-05-26
https://www.pisos.com/alquilar/piso-ciutat_vella_la_barceloneta08003-63339883520_101800/,Piso en alquiler en La Barceloneta en La Barceloneta por 1.800 €/mes,"Uso: exclusivamente recreativo. Nota legal: la propiedad se alquila única y exclusivamente para uso vacacional o recreativo; por lo tanto, el contrato es a precio de mercado. Condición del propietario: gran tenedor: no nota: el índice de precios y las condiciones del contrato anterior no se apl...",1800,ciutat vella la barceloneta 0 0/,33 m²,No indicada,1,1,1ª,,I-049G5T-W-049G5T,,1,Central,Cocina equipada,,,2026-05-26
https://www.pisos.com/alquilar/piso-la_nova_esquerra_de_eixample08015-63429031124_101800/,Piso en alquiler en La Nova Esquerra de L'Eixample en La Nova Esquerra de l'Eixample por 3.000 €/mes,"Gran piso temporal totalmente amueblado y equipado en finca regia con reforma integral y acabados de alta calidad en plena gran via. 160m2 y 5ª altura real con ascensor. Cuenta con 5 habitaciones, 2 baños completos y amplio salón con vistas abiertas. El piso es tanto exterior como interior, ya q...",3000,la nova esquerra de eixample 4 0/,160 m²,No indicada,4,2,5ª,,I-049G11-W-049G11,,,Central,Cocina equipada,,,2026-05-26
https://www.pisos.com/alquilar/piso-la_sagrada_familia08025-63372088698_101800/,Piso en alquiler en La Sagrada Família en La Sagrada Família por 2.510 €/mes,"Suministros y wifi incluidos en el precio. Tu nuevo hogar te espera: un espacio cómodo, recién renovado y totalmente equipado para que no te falta de nada si vienes a trabajar, estudiar o sencillamente disfrutar de unos meses en la capital catalana. Dentro del apartamento encontrarás tres bonit...",2510,la sagrada familia 8 0/,80 m²,No indicada,3,2,3ª,,I-049CVQ-W-049CVQ,,1,Central,Cocina equipada,,,2026-05-26
https://www.pisos.com/alquilar/piso-sant_marti_el_poblenou08005-63368209021_101800/,Piso en alquiler en El Poblenou en El Poblenou por 2.270 €/mes,"Subministraciones y wifi incluidos en el precio. El apartamento temporal es un espacio acogedor y funcional que ofrece comodidad y flexibilidad a los residentes. Consta de una habitación adyacente al salón, que se puede separar con una cortina para crear un ambiente más íntimo o mantener un espac...",2270,sant marti el poblenou 1 0/,35 m²,No indicada,1,1,4ª,,I-049CVB-W-049CVB,,,Central,Cocina equipada,,,2026-05-26
https://www.pisos.com/alquilar/piso-provencals_del_poblenou08019-63353249080_101800/,Piso en alquiler en Provençals del Poblenou en Provençals del Poblenou por 2.835 €/mes,"Suministros y wifi incluidos en el precio. En poblenou park, cada día es una invitación a disfrutar del presente y a descubrir la esencia de barcelona desde un lugar especial. Aquí, la luz del mediterráneo entra a raudales por las ventanas, la terraza susurra tranquilidad y el bullicio de la ciud...",2835,provencals del poblenou 0 0/,60 m²,No indicada,2,1,2ª,,I-049CW6-W-049CW6,,1,Central,Cocina equipada,,,2026-05-26
https://www.pisos.com/alquilar/piso-la_dreta_de_eixample08013-63403907649_101800/,Piso en alquiler en La Dreta de L'Eixample en La Dreta de l'Eixample por 3.250 €/mes,"Uso: exclusivamente recreativo. Nota legal: el inmueble se arrienda única y exclusivamente por uso vacacional o recreativo, por lo que el contrato es a precio libre. Índice no aplicable. El propietario no es un gran tenedor. El piso de una superficie de 134 m2 construidos y totalmente reformado...",3250,la dreta de eixample 9 0/,134 m²,No indicada,3,2,2ª,,I-049C29-W-049C29,,,Central,Cocina equipada,,,2026-05-26
https://www.pisos.com/alquilar/piso-sant_pere_santa_caterina_la_ribera08003-63342474002_101800/,Piso en alquiler en Sant Pere-Santa Caterina-La Ribera en Sant Pere-Santa Caterina-La Ribera por 5.310 €/mes,"En pleno pla de palau, una de las mejores zonas del emblemático barrio del born, a unos pasos del frente marítimo y del parc de la ciutadella, encontramos en la primera planta de un edificio de 1846, esta impecable vivienda de 120 m2, en perfecto estado y totalmente rehabilitada conservando eleme...",5310,sant pere santa caterina la ribera 2 0/,120 m²,No indicada,2,1,1ª,,I-049BCZ-W-049BCZ,,1,Central,Cocina equipada,,,2026-05-26
https://www.pisos.com/alquilar/piso-el_raval08001-63397545329_101800/,Piso en alquiler en El Raval en El Raval por 1.495 €/mes,"Piso de alquiler temporal de 6-11 meses renovables. Suministros a parte. Esta encantadora propiedad de 65m2 se encuentra reformada. La ubicación es muy céntrica, a pasos del museo de arte contemporáneo macba y a pocos minutos caminando de plaza catalunya. Consta de 2 habitaciones dobles, un saló...",1495,el raval 9 0/,65 m²,No indicada,2,1,4ª,,I-046ENA-W-046ENA,,1,Central,Cocina equipada,,,2026-05-26
https://www.pisos.com/alquilar/atico-el_raval08001-63356404367_101800/,Ático en alquiler en El Raval en El Raval por 1.380 €/mes,"Nota legal: el inmueble se arrienda única y exclusivamente por uso vacacional o recreativo, por lo que el contrato es a precio libre. Condición del propietario: gran tenedor: no . Nota: no aplica índice de precios ni condiciones del contrato anterior al ser uso recreativo. Este elegante apartam...",1380,el raval 7 0/,36 m²,No indicada,1,1,4ª,,I-0498CO-W-0498CO,,1,Central,Cocina equipada,,,2026-05-26
https://www.pisos.com/alquilar/piso-sant_gervasi_galvany08006-62569121066_101800/,Piso en alquiler en Sant Gervasi-Galvany en Sant Gervasi-Galvany por 5.200 €/mes,"Tenemos el placer de presentarles este maravilloso piso recien reformado con amplios espacios en finca regia con portero. Empecemos por la zona de dia: amplio recibidor que da paso a comedor y salon con grandes ventanales con doble acristalamiento y camara de insonorizacion de mayor anchura, qu...",5200,sant gervasi galvany 6 0/,234 m²,No indicada,4,3,1ª,,I-04912F-W-04912F,,,Central,Cocina equipada,,,2026-05-26
https://www.pisos.com/alquilar/piso-sant_gervasi_galvany08006-62586090258_101800/,Piso en alquiler en Sant Gervasi-Galvany en Sant Gervasi-Galvany por 2.700 €/mes,"Alquiler de temporada (+32 días). Disponible solo para fines de ocio, recreación o vacaciones debidamente justificados. Descubre esta encantadora vivienda temporal, ideal para vacaciones en plaza molina, donde el lujo y la exclusividad se fusionan con detalles y materiales londinenses. El lumino...",2700,sant gervasi galvany 8 0/,75 m²,No indicada,3,1,1ª,,I-0490CP-W-0490CP,,,Central,Cocina equipada,,,2026-05-26
https://www.pisos.com/alquilar/piso-el_raval08001-62572243010_101800/,Piso en alquiler en El Raval en El Raval por 3.350 €/mes,"Solo alquileres vacacionales o de ocio el propietario es un gran tenedor precio del último contrato: 3. 300 € *el índice de precios no se aplica ya que es solo para uso vacacional. Precioso piso de diseño, esquinero, muy luminoso a estrenar. La zona de día consta de un amplio salón comedor con c...",3350,el raval 0 0/,120 m²,No indicada,3,2,1ª,,I-048ZRO-W-048ZRO,,1,Central,Cocina equipada,,,2026-05-26
https://www.pisos.com/alquilar/piso-la_dreta_de_eixample08010-62539477859_101800/,Piso en alquiler en La Dreta de L'Eixample en La Dreta de l'Eixample por 3.700 €/mes,Solo alquileres vacacionales o de ocio el propietario es un gran tenedor precio del último contrato: 3.700 € *el índice de precios no se aplica ya que es solo para uso vacacional. Este luminoso y elegante piso forma parte de una gran rehabilitación integral en una magnifica finca regia situada e...,3700,la dreta de eixample 9 0/,260 m²,No indicada,4,2,2ª,,I-048ZWU-W-048ZWU,,1,Central,Cocina equipada,,,2026-05-26
https://www.pisos.com/alquilar/piso-la_dreta_de_eixample08010-62528693403_101800/,Piso en alquiler en La Dreta de L'Eixample en La Dreta de l'Eixample por 3.700 €/mes,"Solo alquileres vacacionales o de ocio el propietario es un gran tenedor precio del último contrato: 3. 700 € *el índice de precios no se aplica, ya que sólo es para uso vacacional. Este luminoso y elegante piso forma parte de una gran rehabilitación integral en una magnifica finca regia situada...",3700,la dreta de eixample 3 0/,170 m²,No indicada,5,2,1ª,,I-048ZUV-W-048ZUV,,1,Central,Cocina equipada,,,2026-05-26
https://www.pisos.com/alquilar/piso-sant_pere_santa_caterina_la_ribera08010-62507742139_101800/,Piso en alquiler en Sant Pere-Santa Caterina-La Ribera en Sant Pere-Santa Caterina-La Ribera por 4.200 €/mes,Justo al lado de passeig sant joan y el passeig de gràcia encontramos este encantador piso reformado de 220m2 con 4 dormitorios y 2 baños y una terraza de 20m2 en una finca regia de eixample dret. Es una propiedad donde se mantienen elementos originales como las vigas de madera y los techos alto...,4200,sant pere santa caterina la ribera 9 0/,210 m²,No indicada,4,2,5ª,,I-048XI4-W-048XI4,,,Central,Cocina equipada,,,2026-05-26
https://www.pisos.com/alquilar/piso-el_barri_gotic08002-62570084910_101800/,Piso en alquiler en El Barri Gòtic en El Barri Gòtic por 3.100 €/mes,"El piso tiene una superficie de 82m2. El apartamento está ubicado en el distrito más antiguo de barcelona: el barri gòtic. Este bellísimo barrio, con sus construcciones medievales y su rica historia, da al turista la impresión de volver a la era medieval. Usted podrá disfrutar de un paseo por los...",3100,el barri gotic 0 0/,90 m²,No indicada,2,2,1ª,,I-048VQY-W-048VQY,,1,Central,Cocina equipada,,,2026-05-26
https://www.pisos.com/alquilar/piso-sant_pere_santa_caterina_la_ribera08003-62562402831_101800/,Piso en alquiler en Sant Pere-Santa Caterina-La Ribera en Sant Pere-Santa Caterina-La Ribera por 2.875 €/mes,"Este es uno de esos apartamentos en lo que lo antiguo se mezcla con lo moderno en total sinfonía. Por un lado las impresionantes paredes de piedra centenarias y las vigas de madera descubiertas en los techos. Por el otro, un diseño contemporáneo en el que cada detalle ha sido pensado y ejecuta...",2875,sant pere santa caterina la ribera 1 0/,70 m²,No indicada,2,2,2ª,,I-048VR9-W-048VR9,,1,Central,Cocina equipada,,,2026-05-26
https://www.pisos.com/alquilar/piso-la_dreta_de_eixample08009-62576634124_101800/,Piso en alquiler en La Dreta de L'Eixample en La Dreta de l'Eixample por 2.750 €/mes,"Este alquiler está destinado exclusivamente a uso vacacional y/o recreativo. Índice no aplicable. El propietario no es un gran tenedor. Situado en carrer de diputació, este elegante apartamento de 120 m² combina a la perfección diseño contemporáneo, confort y una ubicación privilegiada en el cen...",2750,la dreta de eixample 4 0/,120 m²,No indicada,3,2,1ª,,I-048VCB-W-048VCB,,1,Central,Cocina equipada,,,2026-05-26
https://www.pisos.com/alquilar/piso-la_dreta_de_eixample08010-62595721788_101800/,Piso en alquiler en La Dreta de L'Eixample en La Dreta de l'Eixample por 2.600 €/mes,"Este alquiler está destinado exclusivamente a uso vacacional y/o recreativo. Índice no aplicable. El propietario no es un gran tenedor. Este luminoso y encantador apartamento, totalmente amueblado y con cocina completamente equipada, está disponible con un contrato vacacional de hasta 11 meses. ...",2600,la dreta de eixample 8 0/,95 m²,No indicada,2,2,1ª,,I-048U3N-W-048U3N,,1,Central,Cocina equipada,,,2026-05-26
https://www.pisos.com/alquilar/duplex-vallvidrera_el_tibidabo_les_planes08035-62537339401_101800/,Dúplex en alquiler en Vallvidrera-El Tibidabo-Les Planes en Vallvidrera-El Tibidabo-Les Planes por 2.500 €/mes,"El propietario no es un gran tenedor precio del último contrato 2.500€ contrato larga duración • loft de diseño • vivienda singular • espacio creativo • ideal parejas y familias • perfil artístico / creativo / digital • muy bien comunicado con bus de barrio, funicular y ...",2500,vallvidrera el tibidabo les planes 1 0/,125 m²,No indicada,3,2,1ª,,I-048TK6-W-048TK6,,1,Central,Cocina equipada,,,2026-05-26
https://www.pisos.com/alquilar/piso-el_baix_guinardo08025-61734098663_101800/,Piso en alquiler en El Baix Guinardó en El Baix Guinardó por 2.300 €/mes,"Aquest lloguer està destinat exclusivament a ús vacacional i/o recreatiu. No aplica índex. Propietari no gran tenidor. Impecable piso de tres dormitorios totalmente amueblado y listo para entrar a vivir. Se trata de un piso totalmente exterior, amplio salón comedor lleno de luz, con cocina integ...",2300,el baix guinardo 3 0/,86 m²,No indicada,3,2,3ª,,I-048PJ3-W-048PJ3,,1,Central,Cocina equipada,,,2026-05-26
https://www.pisos.com/alquilar/piso-la_sagrada_familia08025-61737783890_101800/,Piso en alquiler en La Sagrada Família en La Sagrada Família por 1.600 €/mes,"Este alquiler está destinado exclusivamente a uso vacacional y/o recreativo. No aplica índice. Propietario no gran tenedor. Ubicado en el distrito de la sagrada familia, rodeado de servicios, comercios, restaurantes y bares de moda y con transporte público a su alrededor, encontramos este fantás...",1600,la sagrada familia 0 0/,77 m²,No indicada,2,1,4ª,,I-048PIS-W-048PIS,,1,Central,Cocina equipada,,,2026-05-26
https://www.pisos.com/alquilar/piso-antiga_esquerra_de_eixample08036-61710222114_101800/,Piso en alquiler en L'Antiga Esquerra de L'Eixample en L'Antiga Esquerra de l'Eixample por 3.250 €/mes,"Este alquiler está destinado exclusivamente a uso vacacional y/o recreativo. No aplica índice. Propietario no gran tenedor. Piso en alquiler de 100 m² con balcón, en una finca de estilo; es un 2.º piso real. La vivienda cuenta con un amplio y luminoso salón-comedor con acceso a un balcón con vis...",3250,antiga esquerra de eixample 4 0/,100 m²,No indicada,3,2,1ª,,I-048PIM-W-048PIM,,1,Central,Cocina equipada,,,2026-05-26
https://www.pisos.com/alquilar/atico-el_raval08001-61696957275_101800/,Ático en alquiler en El Raval en El Raval por 1.380 €/mes,"Para contratos de uso vacacional y recreativo. No aplica indice este elegante apartamento ha sido cuidadosamente diseñado para maximizar la luz, el confort y la funcionalidad en un entorno contemporáneo y refinado. La kitchenette totalmente equipada se integra armoniosamente con el comedor, don...",1380,el raval 5 0/,36 m²,No indicada,1,1,4ª,,I-048MJ0-W-048MJ0,,1,Central,Cocina equipada,,,2026-05-26
https://www.pisos.com/alquilar/piso-antiga_esquerra_de_eixample08011-61671789305_101800/,Piso en alquiler en L'Antiga Esquerra de L'Eixample en L'Antiga Esquerra de l'Eixample por 5.000 €/mes,"Ubicado en el barrio de l'antiga esquerra de barcelona, este ático de 124 m² personifica la vida de lujo donde el encanto histórico y la elegancia moderna se fusionan en uno. Ubicado cerca de la intersección de las calles diputación y aribau, los residentes disfrutan de una ubicación prestigiosa ...",5000,antiga esquerra de eixample 5 0/,124 m²,No indicada,2,3,4ª,,I-048MT0-W-048MT0,,1,Central,Cocina equipada,,,2026-05-26
https://www.pisos.com/alquilar/piso-sant_andreu_barrio08030-61702151840_101800/,Piso en alquiler en Sant Andreu en Sant Andreu por 2.112 €/mes,"Alquiler temporal con justificación de temporalidad. Disponible a partir del 6 de junio de 2026. Este elegante piso de casi 70 metros cuadrados ha sido completamente reformado con un estilo minimalista exquisito. Consta de un amplio salón comedor, totalmente amueblado y equipado, ideal para disfr...",2112,sant andreu barrio 0 0/,67 m²,No indicada,2,2,3ª,,I-048EMO-W-048EMO,,,Central,Cocina equipada,,,2026-05-26
https://www.pisos.com/alquilar/atico-la_dreta_de_eixample08037-61667745589_101800/,Ático en alquiler en La Dreta de L'Eixample en La Dreta de l'Eixample por 1.300 €/mes,"En la calle bruc , por encima de la diagonal , en frente el edificio de les punxes , se halla este acogedor ático , completamente amueblado y equipado , disponible el apartamento dispone de un dormitorio en suite , microcemento en suelo , aire acondicionado . Una gran cristalera con sistema a...",1300,la dreta de eixample 9 0/,30 m²,No indicada,1,1,7ª,,I-0489L2-W-0489L2,,,Central,Cocina equipada,,,2026-05-26
https://www.pisos.com/alquilar/piso-sant_gervasi_galvany08006-60850535491_101800/,Piso en alquiler en Sant Gervasi-Galvany en Sant Gervasi-Galvany por 2.700 €/mes,"Alquiler de temporada (+32 días). Disponible solo para fines de ocio, recreación o vacaciones debidamente justificados. Descubre esta encantadora vivienda temporal, ideal para vacaciones en plaza molina, donde el lujo y la exclusividad se fusionan con detalles y materiales londinenses. El lumino...",2700,sant gervasi galvany 1 0/,75 m²,No indicada,3,1,1ª,,I-0487LB-W-0487LB,,,Central,Cocina equipada,,,2026-05-26
https://www.pisos.com/alquilar/piso-les_corts_barrio08014-60889409471_101800/,Piso en alquiler en Les Corts en Les Corts por 4.800 €/mes,"Exclusiva vivienda en alquiler de larga estancia con piscina comunitaria este excepcional piso amueblado destaca por una distribución funcional que separa claramente las zonas de día y de noche, maximizando la luminosidad en todas sus estancias. El corazón de la propiedad es un imponente salón-c...",4800,les corts barrio 1 0/,203 m²,No indicada,5,3,4ª,,I-02ZEWW-W-02ZEWW,,1,Central,Cocina equipada,,,2026-05-26
https://www.pisos.com/alquilar/casa-pedralbes08034-60921695901_100500/,Casa en alquiler en Pedralbes en Pedralbes por 11.200 €/mes,"Exclusiva casa con jardín y piscina privada en pedralbes, situada en el corazón de la prestigiosa avenida pearson, una de las zonas residenciales más demandadas y seguras de barcelona. Rodeada de vegetación, con máxima privacidad, luz natural en todas las estancias y un entorno de absoluta calma....",11200,pedralbes 1 0/,504 m²,No indicada,6,6,,Más de 50 años,HA0059-RC/10871,,1,Gas natural,,,,2026-05-26
https://www.pisos.com/alquilar/piso-la_dreta_de_eixample08007-60044183136_101800/,Piso en alquiler en La Dreta de L'Eixample en La Dreta de l'Eixample por 3.000 €/mes,"Solo alquileres vacacionales o de ocio propietario de grandes propiedades precio del último contrato: 3.000 € ¡bienvenidos a este espectacular piso en alquiler! te presentamos un inmueble esquinero totalmente soleado, recién reformado y con una ubicación inmejorable en pleno centro de barcelona....",3000,la dreta de eixample 6 0/,94 m²,No indicada,2,2,3ª,,I-047TPQ-W-047TPQ,,1,Central,Cocina equipada,,,2026-05-26
https://www.pisos.com/alquilar/apartamento-sants_montjuic_hostafrancs08014-60040628142_100500/,Apartamento en alquiler en Les Corts en Hostafrancs por 4.390 €/mes,"Ya disponible se alquila para máximo 10 meses lasose es una agencia inmobiliaria especializada en el mercado de barcelona, que ofrece servicios de compra, venta y alquiler de pisos mediante un equipo de expertos profesionales y su servicio personalizado, gracias a que dispone de una amplia ...",4390,sants montjuic hostafrancs 2 0/,120 m²,115 m²,3,2,12ª,Entre 30 y 50 años,90156LP/6680,,1,,,,,2026-05-26
https://www.pisos.com/alquilar/piso-la_dreta_de_eixample08007-60091919642_101800/,Piso en alquiler en La Dreta de L'Eixample en La Dreta de l'Eixample por 2.500 €/mes,"Esta propeidad de larga estancia, se encuentra en uno de los enclaves más privilegiados de barcelona, entre paseo de gracia y gran via, se encuentra arcadia, un edificio diseñado especialmente para ofrecer confort, seguridad y calidad. Arcadia ofrece la experiencia de vivir en un hotel urbano de...",2500,la dreta de eixample 2 0/,54 m²,No indicada,1,1,3ª,,I-047MQA-W-047MQA,,,Central,Cocina equipada,,,2026-05-26
https://www.pisos.com/alquilar/piso-pedralbes08034-58337066142_101800/,Piso en alquiler en Pedralbes en Pedralbes por 2.809 €/mes,"Luminoso piso con terraza y parking en pedralbes .la vivienda se encuentra ubicada en la cuarta planta del edificio. Sus mejores atributos son la luminosidad, la amplitud de sus estancias y su terraza con vistas despejadas. Se accede desde el vestíbulo en el que solamente se encuentran dos pisos ...",2809,pedralbes 2 0/,135 m²,No indicada,3,3,,,I-046RE6-W-046RE6,,1,Central,Cocina equipada,,,2026-05-26
https://www.pisos.com/alquilar/piso-el_barri_gotic08002-58411963618_101800/,Piso en alquiler en El Barri Gòtic en El Barri Gòtic por 2.800 €/mes,"El piso está totalmente amueblado y equipado. Es muy luminoso y consta de 130 metros, muy bien distribuidos, hay un amplio salón y comedor con dos balcones, aseo y cocina abierta estilo americano. Son tres habitaciones dobles, con muchos armarios, siendo una de ellas en suite, baño con ducha. El...",2800,el barri gotic 8 0/,130 m²,No indicada,3,2,3ª,,I-046NZ3-W-046NZ3,,1,Central,Cocina equipada,,,2026-05-26
https://www.pisos.com/alquilar/piso-sant_pere_santa_caterina_la_ribera08003-62555455206_106600/,Piso en alquiler en Sant Pere-Santa Caterina-La Ribera en Sant Pere-Santa Caterina-La Ribera por 1.900 €/mes,"Alquiler de temporada premium (1 a 11 meses) - ocio y/o vacaciones - ubicación prime en el born - disponible desde ya descubre una forma superior de vivir barcelona desde este exclusivo apartamento situado en calle barra de ferro, en pleno corazón del born — uno de los barrios más emblemáticos, h...",1900,sant pere santa caterina la ribera 6 0/,83 m²,83 m²,3,2,3ª,Más de 50 años,111050716-111050716,,,,,,,2026-05-26
https://www.pisos.com/alquilar/piso-sant_pere_santa_caterina_la_ribera08003-62594078302_106600/,Piso en alquiler en Sant Pere-Santa Caterina-La Ribera en Sant Pere-Santa Caterina-La Ribera por 1.700 €/mes,"Alquiler de temporada premium (1 a 11 meses) - ocio y/o vacaciones - ubicación prime en el born - disponible desde ya descubre una forma superior de vivir barcelona desde este exclusivo apartamento situado en calle barra de ferro, en pleno corazón del born — uno de los barrios más emblemáticos, h...",1700,sant pere santa caterina la ribera 2 0/,83 m²,83 m²,2,1,4ª,Más de 50 años,111053658-111053658,,,,,,,2026-05-26
https://www.pisos.com/alquilar/piso-el_parc_la_llacuna_del_poblenou08005-64216928171_109100/,Piso en alquiler en Sardenya - Junto Al Parc de La Ciutadella en El Parc-La Llacuna del Poblenou por 2.300 €/mes,Alquiler temporal - te presentamos esta espectacular oportunidad de vivir en un encantador piso con parking en el parc i la llacuna del poblenou. Este inmueble destaca por su superficie total de 149m2 muy bien distribuidos. Un pasillo conecta las dos habitaciones; una amplia suite con baño compl...,2300,el parc la llacuna del poblenou 1 0/,149 m²,No indicada,2,2,1ª,,303053,,,Central,,,,2026-05-26
https://www.pisos.com/alquilar/piso-diagonal_mar_el_front_maritim_del_poblenou08019-64254642750_109100/,Piso en alquiler en Diagonal Mar - Pg. García Fària en Diagonal Mar-El Front Marítim del Poblenou por 7.900 €/mes,"Alquiler temporal en diagonal mar i front marítim pn - descubre la oportunidad de vivir en este espectacular inmueble de 149 m² con parking, ubicado en la planta 24 de un edificio moderno con gimnasio, piscina, seguridad 24h presencial y de videovigilancia, en una zona privilegiada, con una decor...",7900,diagonal mar el front maritim del poblenou 0 0/,149 m²,115 m²,3,2,Bajo,,303033,,,Central,,,,2026-05-26
https://www.pisos.com/alquilar/piso-les_tres_torres-64253427752_108700/,Piso en alquiler en Barcelonés en Les Tres Torres por 3.700 €/mes,"Espectacular ático de 197 m² en sarrià-sant gervasi privacidad y luz infinita: ubicada en una finca exclusiva con una sola vivienda por planta, esta propiedad de 197 m² redefine el concepto de amplitud y confort. El corazón de la casa es su imponente salón-comedor, presidido por una majestuos...",3700,les tres torres 2 0/,197 m²,197 m²,5,3,,Más de 50 años,45231,,,,,,,2026-05-26
https://www.pisos.com/alquilar/piso-les_tres_torres-64173442017_108700/,Piso en alquiler en Barcelonés en Les Tres Torres por 3.700 €/mes,"Espectacular ático de 197 m² en sarrià-sant gervasi privacidad y luz infinita: ubicada en una finca exclusiva con una sola vivienda por planta, esta propiedad de 197 m² redefine el concepto de amplitud y confort. El corazón de la casa es su imponente salón-comedor, presidido por una majestuos...",3700,les tres torres 7 0/,197 m²,197 m²,5,3,,Más de 50 años,45231,,,,,,,2026-05-26
https://www.pisos.com/alquilar/piso-sant_gervasi_galvany08021-64192587059_109300/,Piso en alquiler en Turo Park en Sant Gervasi-Galvany por 4.800 €/mes,"Desde trias barcelona te proponemos vivir frente a turó parc; luz, amplitud y elegancia en una de las zonas más deseadas de barcelona. En una séptima planta real de altura encontramos esta magnífica vivienda de 216 m2, reformada y en excelente estado, lista para entrar a vivir. Su privilegiad...",4800,sant gervasi galvany 9 0/,215 m²,194 m²,4,4,9ª,,1144,,,,,,,2026-05-26
https://www.pisos.com/alquilar/atico-la_dreta_de_eixample08007-64195430556_101800/,Ático en alquiler en La Dreta de L'Eixample en La Dreta de l'Eixample por 3.500 €/mes,"Alquiler temporal (hasta 6 meses) este luminoso ático se encuentra en una de las calles más prestigiosas de barcelona. Con una superficie de 130 m², ofrece un espacio amplio y elegante distribuido en tres habitaciones dobles, dos de ellas con baño en suite, además de un baño completo con bañera. ...",3500,la dreta de eixample 6 0/,130 m²,No indicada,3,3,4ª,Más de 50 años,I-049O4P-W-049O4P,,,Central,,,,2026-05-26
https://www.pisos.com/alquilar/piso-sant_marti_el_poblenou08018-63377600721_101800/,Piso en alquiler en El Poblenou en El Poblenou por 2.650 €/mes,"Piso temporal amplio, luminoso y con zonas comunes de ensueño en el corazón del vibrante barrio del poblenou, se alquila este atractivo piso completamente amueblado, ideal para personas que buscan comodidad, luz natural y calidad de vida. La ubicación es inmejorable: en plena rambla del poblenou,...",2650,sant marti el poblenou 1 0/,122 m²,No indicada,3,2,4ª,Entre 20 y 30 años,I-049J39-W-049J39,,,Central,,,,2026-05-26
https://www.pisos.com/alquilar/piso-la_dreta_de_eixample08007-63430346598_101800/,Piso en alquiler en La Dreta de L'Eixample en La Dreta de l'Eixample por 9.800 €/mes,"Esta exclusiva propiedad de 213 m² se ubica en una de las fincas regias más prestigiosas de la zona de ronda universitat, a pasos de plaza catalunya y paseo de gracia. Se trata de una vivienda de alto standing que destaca por su carácter señorial, amplitud y acabados de lujo clásicos, como sus su...",9800,la dreta de eixample 8 0/,213 m²,No indicada,3,2,1ª,Entre 30 y 50 años,I-048OCN-W-048OCN,,1,Central,,,,2026-05-26
https://www.pisos.com/alquilar/piso-sant_gervasi_galvany08021-63384508878_101800/,Piso en alquiler en Sant Gervasi-Galvany en Sant Gervasi-Galvany por 3.950 €/mes,"Disponibilidad inmediata. Ubicado en una de las zonas más codiciadas y residenciales de barcelona, a escasos pasos de turó park, se presenta este espectacular piso en alquiler, una vivienda que combina amplitud, confort y un marcado carácter señorial, ideal tanto para larga estancia como para alq...",3950,sant gervasi galvany 8 0/,211 m²,No indicada,5,3,1ª,Más de 50 años,I-048VIM-W-048VIM,,1,Central,,,,2026-05-26
https://www.pisos.com/alquilar/piso-la_dreta_de_eixample08007-63423706316_101800/,Piso en alquiler en La Dreta de L'Eixample en La Dreta de l'Eixample por 2.500 €/mes,"Vivienda luminosa, con terraza y balcones, ubicada en eixample, en el corazón de la ciudad. La vivienda consta de un gran salón comedor con salida a terraza y chimenea. Grandes dormitorios, y techos altos, con detalles originales. Se han conservado los suelos hidráulicos, y molduras del techo, y...",2500,la dreta de eixample 6 0/,125 m²,No indicada,1,1,3ª,Más de 50 años,I-049CCS-W-049CCS,,,Central,,,,2026-05-26
https://www.pisos.com/alquilar/piso-la_dreta_de_eixample08007-63357033826_101800/,Piso en alquiler en La Dreta de L'Eixample en La Dreta de l'Eixample por 3.500 €/mes,"Vivienda luminosa, con terraza y balcones, ubicada en eixample, en el corazón de la ciudad. La vivienda consta de un gran salón comedor con salida a terraza y chimenea. Grandes dormitorios, y techos altos, con detalles originales. Se han conservado los suelos hidráulicos, y molduras del techo, y...",3500,la dreta de eixample 6 0/,125 m²,No indicada,4,2,3ª,Más de 50 años,I-049C0K-W-049C0K,,,Central,,,,2026-05-26
https://www.pisos.com/alquilar/piso-la_dreta_de_eixample08007-61726817706_101800/,Piso en alquiler en La Dreta de L'Eixample en La Dreta de l'Eixample por 5.500 €/mes,"Vivienda luminosa, con terraza y balcones, ubicada en eixample, en el corazón de la ciudad. La vivienda consta de un gran salón comedor con salida a terraza y chimenea. Grandes dormitorios, y techos altos, con detalles originales. Se han conservado los suelos hidráulicos, y molduras del techo, y...",5500,la dreta de eixample 6 0/,256 m²,No indicada,8,2,3ª,Más de 50 años,I-048E31-W-048E31,,,Central,,,,2026-05-26
https://www.pisos.com/alquilar/piso-antiga_esquerra_de_eixample08011-61760790101_101800/,Piso en alquiler en L'Antiga Esquerra de L'Eixample en L'Antiga Esquerra de l'Eixample por 4.800 €/mes,"Espectacular vivienda con terraza en el eixample izquierdo, junto a la plaza letamendi. Vivienda señorial, con amplios espacios, techos altos, suelo hidráulico, comedor con pinturas en el techo y artesonados. Dispone de un amplio salón con acceso a una terraza privada. Ocho dormitorios. Seis dorm...",4800,antiga esquerra de eixample 1 0/,229 m²,No indicada,8,4,1ª,Más de 50 años,I-048AJW-W-048AJW,,,Central,,,,2026-05-26
https://www.pisos.com/alquilar/loft-sant_marti_el_poblenou-60039756962_100500/,Loft en alquiler en El Poblenou en El Poblenou por 2.590 €/mes,"Ya disponible contrato de temporada lasose se complace en presentarle este alojamiento exclusivo para estudiantes de máster / postgrado y docentes universitarios, el terrace loft with full kitchen, un espacio de 36 m2 diseñado para ofrecer comodidad y funcionalidad en cada rincón. El estu...",2590,sant marti el poblenou 2 0/,36 m²,34 m²,1,1,4ª,Menos de 5 años,91166LP/6680,,1,,,,,2026-05-26
https://www.pisos.com/alquilar/estudio-sant_marti_el_poblenou-60021986664_100500/,Estudio en alquiler en El Poblenou en El Poblenou por 1.550 €/mes,"Ya disponible contrato de temporada lasose se complace en presentarle este alojamiento exclusivo para estudiantes de máster / postgrado y docentes universitarios, el accessible studio with kitchenette, un espacio de 23 m2 diseñado para ofrecer comodidad y funcionalidad en cada rincón. El ...",1550,estudio sant marti el poblenou 4 0/,23 m²,21 m²,1,1,4ª,Menos de 5 años,91168LP/6680,,1,,,,,2026-05-26
https://www.pisos.com/alquilar/estudio-sant_marti_el_poblenou-60069320775_100500/,Estudio en alquiler en El Poblenou en El Poblenou por 1.780 €/mes,"Ya disponible contrato de temporada lasose se complace en presentarle este alojamiento exclusivo para estudiantes de máster / postgrado y docentes universitarios, el tower sea view studio full kitchen, un espacio de 21 m2 diseñado para ofrecer comodidad y funcionalidad en cada rincón. El ...",1780,estudio sant marti el poblenou 5 0/,21 m²,20 m²,1,1,4ª,Menos de 5 años,91164LP/6680,,1,,,,,2026-05-26
https://www.pisos.com/alquilar/estudio-sant_marti_el_poblenou-60089997099_100500/,Estudio en alquiler en El Poblenou en El Poblenou por 1.630 €/mes,"Ya disponible contrato de temporada lasose se complace en presentarle este alojamiento exclusivo para estudiantes de máster / postgrado y docentes universitarios, el terrace studio with kitchenette, un espacio de 26 m2 diseñado para ofrecer comodidad y funcionalidad en cada rincón. El est...",1630,estudio sant marti el poblenou 9 0/,26 m²,24 m²,1,1,4ª,Menos de 5 años,91165LP/6680,,1,,,,,2026-05-26
https://www.pisos.com/alquilar/apartamento-sant_marti_el_poblenou-60027152749_100500/,Apartamento en alquiler en El Poblenou en El Poblenou por 2.190 €/mes,"Ya disponible contrato de temporada lasose se complace en presentarle este alojamiento exclusivo para estudiantes de máster / postgrado y docentes universitarios, el tower suite, un espacio de 28 m2 diseñado para ofrecer comodidad y funcionalidad en cada rincón. La habitación privada cuen...",2190,sant marti el poblenou 9 0/,28 m²,25 m²,1,1,4ª,Menos de 5 años,91161LP/6680,,1,,,,,2026-05-26
https://www.pisos.com/alquilar/piso-sant_marti_el_poblenou-63372428663_106500/,Piso en alquiler en El Poblenou en El Poblenou por 1.990 €/mes,"Vivienda amueblada y equipada disponible en alquiler de temporada de más de 32 días con fines de ocio, vacaciones o recreativos y siempre que se documente dicha finalidad. Piso en zona declarada tensionada. Disponible hasta el 1 de noviembre de 2026. En finca tradicional del poblenou, frente a un...",1990,sant marti el poblenou 3 0/,100 m²,100 m²,2,2,1ª,,111151943-111151943,,,,,,,2026-05-26
https://www.pisos.com/alquilar/casa-can_baro08024-50883251548_101800/,"Casa en alquiler en Carrer de Josep Serrano, cerca de Passatge del Dipòsit en Can Baró por 14.900 €/mes","En un enclave tranquilo de la ciudad de barcelona encontramos esta maravillosa casa de diseño, y espectaculares vista a barcelona construida con materiales ecológicos disponible a partir de julio hasta septiembre. La casa dispone de 4 plantas y en la cubierta se ubica la piscina con una maravil...",14900,can baro 8 0/,376 m²,No indicada,,,,Entre 5 y 10 años,I-00L6CQ-W-02XD2J,,1,Central,Cocina equipada,,,2026-05-26
https://www.pisos.com/alquilar/piso-sant_gervasi_galvany08021-64265671508_101800/,Piso en alquiler en Sant Gervasi-Galvany en Sant Gervasi-Galvany por 5.200 €/mes,"Elegante y exclusiva vivienda de larga estancia sin amueblar situada en la zona alta de barcelona. Reformada con materiales y acabados de alta calidad, esta magnífica propiedad destaca por su funcional distribución y resulta ideal para familias que buscan confort, amplitud y luminosidad. La viv...",5200,sant gervasi galvany 8 0/,227 m²,No indicada,5,3,3ª,,I-049UA2-W-049UA2,,1,Central,,,,2026-05-26
https://www.pisos.com/alquilar/piso-el_camp_de_arpa_del_clot08026-64204881682_101800/,Piso en alquiler en El Camp de L'Arpa del Clot en El Camp de l'Arpa del Clot por 2.200 €/mes,"Espectacular piso temporal totalmente amueblado, listo para entrar a vivir. La vivienda consta de un salón comedor con cocina abierta, equipada con electrodomésticos. Cuatro dormitorios, dormitorio principal con baño en suite. Dos baños completos. Aire acondicionado y calefacción. Finca con ascen...",2200,el camp de arpa del clot 2 0/,110 m²,No indicada,4,2,2ª,,I-049XUS-W-049XUS,,,Central,,,,2026-05-26
https://www.pisos.com/alquilar/piso-la_sagrada_familia08013-64261798120_101800/,Piso en alquiler en La Sagrada Família en La Sagrada Família por 1.940 €/mes,"Modern apartamento reformado y amueblado. Cocina de diseño smith, totalmente equipada y salón comedor exteriores. Dos habitaciones, un vestidor, baño y acceso a la terraza comunitaria. Información de transparencia (ley 11/2025): ● motivo de temporalidad: uso destinado a estudios/trabajo/salud...",1940,la sagrada familia 0 0/,60 m²,No indicada,2,1,2ª,,I-049YI1-W-049YI1,,,Central,,,,2026-05-26
https://www.pisos.com/alquilar/piso-sant_gervasi_galvany-64226863235_101300/,Piso en alquiler en Calle de Tavern en Sant Gervasi-Galvany por 1.553 €/mes,"¡descubre este espectacular piso en alquiler en la c/ tavern! totalmente reformado, este inmueble de 89 m construidos ofrece un diseño moderno y funcional, ideal para una pareja o para quienes buscan un espacio versátil. Con dos habitaciones dobles, una de ellas perfecta como despacho o para rec...",1553,sant gervasi galvany 5 0/,92 m²,89 m²,3,1,,Más de 50 años,Tavern_1,,,,,,,2026-05-26
https://www.pisos.com/alquilar/piso-sarria_sant_gervasi_sarria08017-64261358409_101800/,Piso en alquiler en Sarrià en Sarrià por 2.610 €/mes,"Maravillosa y atractiva planta baja en el barrio de sarriá distribuida en dos niveles, cuenta con salón-comedor abierto con acceso a una terraza privativa muy disfrutable. Una moderna cocina con electrodomésticos de alta gama. Preciosa escalera de caracol para acceder al piso superior donde...",2610,sarria sant gervasi sarria 9 0/,145 m²,No indicada,2,2,,Más de 50 años,I-049X9I-W-049X9I,,1,Central,Cocina equipada,,,2026-05-26
https://www.pisos.com/alquilar/piso-vallcarca_els_penitents08023-64190940964_101800/,Piso en alquiler en Vallcarca-Els Penitents en Vallcarca-Els Penitents por 2.500 €/mes,"Bienvenido a un exclusivo apartamento en el corazón de barcelona, construido en 2021 que ofrece 85 metros cuadrados de elegancia y confort. Este moderno refugio cuenta con una habitación doble y una habitación individual y dos baños principales, diseñados para ofrecer el máximo nivel de privacida...",2500,vallcarca els penitents 4 0/,85 m²,No indicada,2,2,,Menos de 5 años,I-049WQC-W-049WQC,,1,Central,Cocina equipada,,,2026-05-26
https://www.pisos.com/alquilar/piso-la_dreta_de_eixample08010-64249146237_101800/,Piso en alquiler en La Dreta de L'Eixample en La Dreta de l'Eixample por 4.900 €/mes,"Piso temporal, soleado, muy bien ubicado, al lado de la plaza ctalunya, disponde de 150m , siendo 112m utiles, distribuidos en gran salón comedor con muebles de mucha calidad, importados de varios lugares del mundo. Cocina abierta totalmente equipada con electrodomesticos de alta gama. Terraza p...",4900,la dreta de eixample 7 0/,143 m²,No indicada,4,2,2ª,,I-049PR0-W-049PR0,,,Central,,,,2026-05-26
https://www.pisos.com/alquilar/piso-el_barri_gotic08002-64182962044_101800/,Piso en alquiler en El Barri Gòtic en El Barri Gòtic por 2.500 €/mes,"ús: exclusivamente recreativo. Nota legal: el inmueble se arrienda única y exclusivamente para uso vacacional o recreativo, por lo que el contrato es a precio libre. Condición del propietario: gran tenedor: no nota: no se aplica el índice de precios ni las condiciones del contrato anterior al ...",2500,el barri gotic 4 0/,78 m²,No indicada,2,2,,Entre 5 y 10 años,I-049T1I-W-049T1I,,,Central,Cocina equipada,,,2026-05-26
https://www.pisos.com/alquilar/atico-sant_gervasi_galvany08021-64171440621_101800/,Ático en alquiler en Sant Gervasi-Galvany en Sant Gervasi-Galvany por 5.800 €/mes,"Espectacular ático dúplex situado en el exclusivo barrio de sant gervasi, tres torres con una superficie de 161 m² distribuidos en dos plantas, diseñado para ofrecer el máximo confort y elegancia. En la planta inferior encontramos dos habitaciones: una amplia habitación doble con armarios empot...",5800,sant gervasi galvany 1 0/,161 m²,No indicada,3,3,4ª,,I-049S2B-W-049S2B,,1,Central,,,,2026-05-26
https://www.pisos.com/alquilar/piso-la_dreta_de_eixample08007-64221883790_101800/,Piso en alquiler en La Dreta de L'Eixample en La Dreta de l'Eixample por 4.000 €/mes,"El piso consta de cuatro habitaciones, de las cuales 2 de ellas dan al exterior de la finca, y las otras dos una es interna con ventana y la otra es exterior al patio de la finca, en todos los casos dobles reales, con tv y aire acondicionado y bomba de calor por split . La cocina está integrada a...",4000,la dreta de eixample 0 0/,136 m²,No indicada,4,2,,Más de 50 años,I-049SD1-W-049SD1,,1,Central,Cocina equipada,,,2026-05-26
https://www.pisos.com/alquilar/piso-el_barri_gotic08002-64258438674_101800/,Piso en alquiler en El Barri Gòtic en El Barri Gòtic por 2.290 €/mes,"Apartamento vacacional, el precio incluye suministros e internet. El piso tiene una superficie de 82m2. El apartamento está ubicado en el distrito más antiguo de barcelona: el barri gòtic. Este bellísimo barrio, con sus construcciones medievales y su rica historia, da al turista la impresión de v...",2290,el barri gotic 4 0/,82 m²,No indicada,2,2,1ª,,I-049PI3-W-049PI3,,,Central,,,,2026-05-26
https://www.pisos.com/alquilar/atico-sant_gervasi_galvany08021-63431379131_101800/,Ático en alquiler en Sant Gervasi-Galvany en Sant Gervasi-Galvany por 15.000 €/mes,No hay un ático igual en todo barcelona. Se trata de una pieza dúplex en pleno turó park con terraza con vistas al parque y a barcelona; ademas de un jardín de unos 90 m2 en la parte posterior. El piso está reformado con mucho gusto y su distribución queda de la siguiente forma: en la primera pla...,15000,sant gervasi galvany 1 0/,330 m²,No indicada,4,4,,Más de 50 años,BCNR0522,,1,Central,Cocina equipada,,,2026-05-26
https://www.pisos.com/alquilar/casa-sarria_sant_gervasi_sarria08017-63363203545_101800/,Casa en alquiler en Sarrià en Sarrià por 8.500 €/mes,"Exclusiva casa en sarria, amueblada y con opción de alquilar sin muebles, sobre la calle pomaret en plena zona residencial y muy cerca de colegios internacionales. Vista provilegiadas al mar y la montaña. La vivienda esta rodeada de un amplio jardín, con diferentes calidades de espacio y zona...",8500,sarria sant gervasi sarria 5 0/,505 m²,No indicada,5,6,,Entre 20 y 30 años,I-049I57-W-049I57,,1,Central,Cocina equipada,,,2026-05-26
https://www.pisos.com/alquilar/piso-la_dreta_de_eixample08007-63427005258_101800/,Piso en alquiler en La Dreta de L'Eixample en La Dreta de l'Eixample por 2.750 €/mes,"Alquiler de temporada (mínimo 31 días y máximo 11 meses). Se solicitará documentación que certifique la temporalidad de la estancia (matrícula de estudios, certificado de empresa de estancia por trabajo temporal...) este fabuloso piso está completamente equipado y listo para entrar a vivir. Situ...",2750,la dreta de eixample 8 0/,93 m²,No indicada,2,1,2ª,,I-0493XO-W-0493XO,,1,Central,,,,2026-05-26
https://www.pisos.com/alquilar/piso-el_besos_el_maresme08019-63416362754_101800/,Piso en alquiler en El Besòs-El Maresme en El Besòs-El Maresme por 6.174 €/mes,"Solo alquileres vacacionales o de ocio el propietario no es un gran tenedor precio del último contrato: 6.100 € *el índice de precios no se aplica, ya que sólo es para uso vacacional. A tan solo 1 minuto del centro de diagonal mar, un centro comercial de casi 100.000 m2 que alberga las marcas de...",6174,el besos el maresme 4 0/,80 m²,No indicada,1,1,5ª,,I-049ELK-W-049ELK,,,Central,,,,2026-05-26
https://www.pisos.com/alquilar/piso-sant_pere_santa_caterina_la_ribera08003-63423068340_101800/,Piso en alquiler en Sant Pere-Santa Caterina-La Ribera en Sant Pere-Santa Caterina-La Ribera por 2.500 €/mes,"Uso: exclusivamente recreativo. Aviso legal: la propiedad se arrienda única y exclusivamente para uso vacacional o recreativo; por lo tanto, el contrato se formaliza a un precio libremente pactado. Condición del propietario: gran tenedor: no nota: no se aplica ningún índice de precios, ni las con...",2500,sant pere santa caterina la ribera 0 0/,95 m²,No indicada,2,2,4ª,,I-049EHT-W-049EHT,,1,Central,,,,2026-05-26
https://www.pisos.com/alquilar/piso-el_barri_gotic08002-63403951838_101800/,Piso en alquiler en El Barri Gòtic en El Barri Gòtic por 2.875 €/mes,"Suministros y wifi incluidos en el precio. El piso temporal tiene una superficie de 82m2. El apartamento está ubicado en el distrito más antiguo de barcelona: el barri gòtic. Este bellísimo barrio, con sus construcciones medievales y su rica historia, da al turista la impresión de volver a la era...",2875,el barri gotic 8 0/,110 m²,No indicada,2,2,1ª,,I-049CVF-W-049CVF,,,Central,,,,2026-05-26
https://www.pisos.com/alquilar/atico-la_vila_de_gracia08012-63412810430_101800/,Ático en alquiler en La Vila de Gràcia en La Vila de Gràcia por 3.800 €/mes,"Espectacular ático totalmente amueblado, listo para entrar a vivir. La vivienda consta de salón comedor con cocina abierta, equipada con todos los electrodomésticos, dos dormitorios, y un baño. Se accede a la terraza desde el salón y desde los dormitorios. Terraza en la azotea. Aire acondicionado...",3800,la vila de gracia 0 0/,86 m²,No indicada,2,1,3ª,,I-0493TB-W-0493TB,,1,Central,,,,2026-05-26
https://www.pisos.com/alquilar/piso-el_barri_gotic08002-63359387472_101800/,Piso en alquiler en El Barri Gòtic en El Barri Gòtic por 2.500 €/mes,"Un acogedor, cómodo y funcional apartamento totalmente amueblado y equipado, con dos dormitorios independientes. Salón-comedor con cocina de distribución semiabierta y un amplio baño con ducha. Suelos de madera, calefacción por suelo radiante, aire acondicionado por conductos, carpintería de alta...",2500,el barri gotic 2 0/,90 m²,No indicada,2,2,,Entre 5 y 10 años,I-049BEN-W-049BEN,,1,Central,Cocina equipada,,,2026-05-26
https://www.pisos.com/alquilar/piso-el_barri_gotic08002-63343637011_101800/,Piso en alquiler en El Barri Gòtic en El Barri Gòtic por 2.300 €/mes,"Solo alquileres vacacionales o de ocio el propietario es un gran tenedor precio del último contrato: 2.400 € *el índice de precios no se aplica, ya que sólo es para uso vacacional. Este amplio piso de 2 dormitorios se encuentra en un edificio histórico completamente renovado con ascensor, ubicad...",2300,el barri gotic 1 0/,90 m²,No indicada,2,2,,Más de 50 años,I-049ABU-W-049ABU,,1,Central,Cocina equipada,,,2026-05-26
https://www.pisos.com/alquilar/atico-sant_gervasi_galvany08021-63375790296_101800/,Ático en alquiler en Sant Gervasi-Galvany en Sant Gervasi-Galvany por 4.000 €/mes,"Ubicado en una de las zonas más distinguidas de barcelona, este ático reformado con acabados de primera calidad es una joya a pocos pasos del emblemático turó parc. La vivienda cuenta con una cocina abierta funcional y se abre a un amplio salón-comedor que conecta con una impresionante terraza ...",4000,sant gervasi galvany 6 0/,95 m²,No indicada,2,2,5ª,,I-04992F-W-04992F,,1,Central,,,,2026-05-26
https://www.pisos.com/alquilar/piso-antiga_esquerra_de_eixample08036-62525076494_101800/,Piso en alquiler en L'Antiga Esquerra de L'Eixample en L'Antiga Esquerra de l'Eixample por 5.500 €/mes,"Maravilloso piso sin amueblar, amplio y muy luminoso, situado en una ubicación privilegiada. La vivienda se organiza en tres áreas bien diferenciadas: en la zona de día encontramos un espacioso recibidor que da paso a un agradable salón-comedor tranquilo y con abundante luz natural, con salida a ...",5500,antiga esquerra de eixample 4 0/,215 m²,No indicada,5,3,8ª,,I-048R02-W-048R02,,,Central,,,,2026-05-26
https://www.pisos.com/alquilar/atico-sant_gervasi_galvany08021-62579285866_101800/,Ático en alquiler en Sant Gervasi-Galvany en Sant Gervasi-Galvany por 9.000 €/mes,"Impresionante ático a un paso del turó park, orientado a tarragona (sud-oeste), beneficiándose de una excelente iluminación. Se trata de una vivienda reformada con exquisito gusto, con acabados de lujo. La zona de día se compone de una habitación que actualmente se utiliza como segundo salón, ...",9000,sant gervasi galvany 6 0/,266 m²,No indicada,5,5,,Entre 10 y 20 años,BCNR1477,,1,Central,Cocina equipada,,,2026-05-26
https://www.pisos.com/alquilar/piso-sant_gervasi_galvany08006-62536450351_101800/,Piso en alquiler en Sant Gervasi-Galvany en Sant Gervasi-Galvany por 1.716 €/mes,"Contrato larga estancia piso de alquiler residencial con contrato de 5 años, amueblado y en el corazón de sant gervasi, situado en la calle balmes por debajo de la ronda del mig, donde la amplitud y la comodidad se encuentran en perfecta armonía. Con una superficie total de 99 metros cuadrados, ...",1716,sant gervasi galvany 1 0/,114 m²,No indicada,3,2,7ª,,I-048NPS-W-048NPS,,1,Central,,,,2026-05-26
https://www.pisos.com/alquilar/piso-sant_gervasi_galvany08021-61723558067_101800/,Piso en alquiler en Sant Gervasi-Galvany en Sant Gervasi-Galvany por 3.990 €/mes,"Bienvenido a un exclusivo apartamento en el corazón de barcelona, donde el lujo y la comodidad se fusionan en un espacio de 221 metros cuadrados. Este elegante hogar, construido en 1951, y recientemente reformado, ofreciendo cuatro amplias habitaciones y tres baños, incluyendo un baño principal e...",3990,sant gervasi galvany 7 0/,224 m²,No indicada,4,3,,Más de 50 años,I-048NPF-W-048NPF,,1,Central,Cocina equipada,,,2026-05-26
https://www.pisos.com/alquilar/piso-la_dreta_de_eixample08008-61683441970_101800/,Piso en alquiler en La Dreta de L'Eixample en La Dreta de l'Eixample por 5.900 €/mes,"Alquiler temporal para vacaciones o ocio propietario no es gran tenedor precio del ultimo contrato 7.500€ se encuentra en las altas plantas del edificio y con una espectacular vista abierta sobre la ciudad y el mar, nos encontramos con este apartamento en el que impera la luz y la claridad pu...",5900,la dreta de eixample 0 0/,158 m²,No indicada,3,2,,Entre 20 y 30 años,I-048DQV-W-048DQV,,1,Central,Cocina equipada,,,2026-05-26
https://www.pisos.com/alquilar/piso-la_dreta_de_eixample08007-60044806717_101800/,Piso en alquiler en La Dreta de L'Eixample en La Dreta de l'Eixample por 4.550 €/mes,"Magnífico piso amueblado de alto standing, un dormitorio doble, un dormitorio individual, salón-comedor, cocina completamente equipada, un baño completo con ducha y un precioso balcón a la calle. Dispone de aire acondicionado completo y calefacción. La finca dispone de zonas comunitarias con pisc...",4550,la dreta de eixample 7 0/,59 m²,No indicada,2,1,,Menos de 5 años,I-047UN5-W-047UN5,,1,Central,Cocina equipada,,,2026-05-26
https://www.pisos.com/alquilar/piso-les_corts_barrio08029-60009987315_101800/,Piso en alquiler en Les Corts en Les Corts por 3.695 €/mes,"Esfcnt00000806000062914600000000000000000000000000001 piso de lujo temporal y vistas panorámicas al tibidabo, situado en el emblemático edificio atalaya de la avenida diagonal. Con 103 m² construidos y ubicado en la penúltima planta, ofrece una luminosidad excepcional y una sensación de amplitud...",3695,les corts barrio 5 0/,103 m²,No indicada,3,2,,Más de 50 años,I-047O34-W-047O34,,1,Central,Cocina equipada,,,2026-05-26
https://www.pisos.com/alquilar/casa_adosada-horta_guinardo_horta08031-64181604247_101800/,Casa adosada en alquiler en Horta en Horta por 4.000 €/mes,"Estupenda casa con zona comunitaria con piscina, jardín, sala de eventos, pista de squash. La casa tiene 3 plantas, en la planta principal tenemos salón comedor, cocina, aseo y cortesía, zona de lavado, un estudio, jardín delantero privado con terraza y jardín posterior. Arriba, tenemos zona de...",4000,casa adosada horta guinardo horta 7 0/,287 m²,No indicada,5,3,,,I-04A0YM-W-04A0YM,,1,Central,Cocina equipada,,,2026-05-26
https://www.pisos.com/alquilar/piso-la_dreta_de_eixample08009-64262374041_101800/,Piso en alquiler en La Dreta de L'Eixample en La Dreta de l'Eixample por 1.500 €/mes,"Estudio en alquiler de aproximadamente 40 m², recientemente reformado con mucho gusto. Dispone de todos los electrodomésticos necesarios, aire acondicionado tipo split con bomba de frío y calor, ventilador de techo y baño completamente renovado con plato de ducha. Cuenta con un sofá con cama abat...",1500,la dreta de eixample 1 0/,40 m²,No indicada,1,1,,,I-049X6Z-W-049X6Z,,,Central,Cocina equipada,,,2026-05-26
https://www.pisos.com/alquilar/piso-sarria_sant_gervasi_sarria08017-64170859621_101800/,Piso en alquiler en Sarrià en Sarrià por 2.250 €/mes,"Alquiler temporal exclusivamente para ocio, recreativo y vacacional este apartamento destaca por su practicidad, luminosidad y comodidad, embellecido con mobiliario contemporáneo y tonalidades cálidas. La sala, inundada de luz natural, alberga una cocina en esquina y el área de comedor. Además,...",2250,sarria sant gervasi sarria 1 0/,60 m²,No indicada,2,1,,,I-049S5N-W-049S5N,,,Central,Cocina equipada,,,2026-05-26
https://www.pisos.com/alquilar/atico-la_nova_esquerra_de_eixample08029-63341279733_101800/,Ático en alquiler en La Nova Esquerra de L'Eixample en La Nova Esquerra de l'Eixample por 5.250 €/mes,"En emblemática avenida de les corts, presentamos este fabuloso sobreático totalmente equipado y listo para entrar a vivir. Con reforma reciente y actual, la vivienda destaca por la gran cantidad de luz en todas las estancias y la amplitud de los espacios. Con zona de día y de noche claramente d...",5250,la nova esquerra de eixample 3 0/,160 m²,No indicada,4,2,,,BCNR4228,,1,Central,Cocina equipada,,,2026-05-26
https://www.pisos.com/alquilar/piso-sant_gervasi_galvany08021-63345360878_101800/,Piso en alquiler en Sant Gervasi-Galvany en Sant Gervasi-Galvany por 4.500 €/mes,"Alquiler temporal. Exclusivo piso de 4 dormitorios, situado en la quinta planta en sarrià-sant gervasi. La vivienda destaca por su diseño moderno y luminoso, con ventanales que llenan de luz natural cada estancia. Dispone de cuatro habitaciones cuidadosamente decoradas y espacios acogedores con...",4500,sant gervasi galvany 8 0/,153 m²,No indicada,4,2,,,I-049G6O-W-049G6O,,1,Central,Cocina equipada,,,2026-05-26
https://www.pisos.com/alquilar/casa-vallvidrera_el_tibidabo_les_planes08035-63401767177_101800/,Casa en alquiler en Vallvidrera-El Tibidabo-Les Planes en Vallvidrera-El Tibidabo-Les Planes por 2.193 €/mes,"Al lado del tibidabo, en vallvidrera, y gozando de unas vistas espectaculares, nos encontramos con esta cómoda vivienda en plena naturaleza. La planta principal, a la que accedemos a través de una cuidada terraza/jardín, consta de 2 habitaciones (una doble y una individual), un baño con bañera c...",2193,vallvidrera el tibidabo les planes 7 0/,107 m²,No indicada,2,1,,,I-049EFM-W-049EFM,,1,Central,Cocina equipada,,,2026-05-26
https://www.pisos.com/alquilar/piso-sants_montjuic_sants08014-63368753396_101800/,Piso en alquiler en Sants en Sants por 1.975 €/mes,"Suministros y wifi incluido en el precio. Apartamento vacacional, suministros y wifi incluidos en el precio. Este singular piso temporal destaca por su encanto y personalidad, conservando detalles arquitectónicos auténticos como techos abovedados con vigas de madera, puertas de madera maciza y al...",1975,sants montjuic sants 6 0/,70 m²,No indicada,3,2,,,I-049CVE-W-049CVE,,1,Central,Cocina equipada,,,2026-05-26
https://www.pisos.com/alquilar/piso-les_tres_torres08021-63350217285_101800/,Piso en alquiler en Les Tres Torres en Les Tres Torres por 4.500 €/mes,Vivienda disponible para alquiler temporal justificando su motivo. Amplio y señorial cerca del turó park. Entramos por el amplio hall que separa claramente la zona de día y noche. En la zona de día tenemos el salón comedor bien orientado a sur con salida al balcón amplio y soleado. Cocina tipo o...,4500,les tres torres 5 0/,220 m²,No indicada,5,3,,,BCNR3323,,1,Central,Cocina equipada,,,2026-05-26
https://www.pisos.com/alquilar/piso-la_dreta_de_eixample08008-63428163806_101800/,Piso en alquiler en La Dreta de L'Eixample en La Dreta de l'Eixample por 5.200 €/mes,"Exclusiva vivienda en finca regia con vistas privilegiadas a la pedrera ubicada en una de las zonas más emblemáticas de barcelona, esta espectacular propiedad combina el encanto de la arquitectura clásica con una reforma integral realizada con un gusto exquisito, cuidando cada detalle para ofrec...",5200,la dreta de eixample 6 0/,250 m²,No indicada,5,4,,,BCNR0572,,1,Central,Cocina equipada,,,2026-05-26
https://www.pisos.com/alquilar/piso-la_dreta_de_eixample08009-63392148473_101800/,Piso en alquiler en La Dreta de L'Eixample en La Dreta de l'Eixample por 2.700 €/mes,"Piso temporal min 10 meses piso de diseño a metros de pase de gracia, súper luminoso y de buen gusto, con muebles de diseño, temporal. Se ingresa y accede por la puerta de entrada a un hall de distribución que comunica a mano derecha con la primer habitación individual con armarios y ventana, ...",2700,la dreta de eixample 3 0/,100 m²,No indicada,3,2,,,I-0497HH-W-0497HH,,1,Central,Cocina equipada,,,2026-05-26
https://www.pisos.com/alquilar/piso-les_tres_torres08017-63398701542_101800/,Piso en alquiler en Les Tres Torres en Les Tres Torres por 4.600 €/mes,Vivienda disponible para alquiler temporal justificando su motivo. Temporal con finalidad ocio acreditando documentación correspondiente. Exclusiva vivienda reformada y amueblada con abundante luz natural lista para entrar a vivir. Accedemos desde un amplio recibidor que divide a mano derecha l...,4600,les tres torres 2 0/,180 m²,No indicada,5,4,,,BCNR4248,,1,Central,Cocina equipada,,,2026-05-26
https://www.pisos.com/alquilar/piso-sant_pere_santa_caterina_la_ribera08010-62562727197_101800/,Piso en alquiler en Sant Pere-Santa Caterina-La Ribera en Sant Pere-Santa Caterina-La Ribera por 7.000 €/mes,"Apartamento en alquiler de 220 m², distribuido en tres amplias habitaciones y tres baños completos. La habitación principal, exterior, dispone de baño en suite con acabados de alto standing, equipado con bañera y ducha de diseño, además de un gran vestidor. La vivienda cuenta con otras dos habit...",7000,sant pere santa caterina la ribera 7 0/,220 m²,No indicada,3,2,,,I-048ZCU-W-048ZCU,,1,Central,Cocina equipada,,,2026-05-26
https://www.pisos.com/alquilar/piso-la_dreta_de_eixample08010-62537120788_101800/,Piso en alquiler en La Dreta de L'Eixample en La Dreta de l'Eixample por 4.500 €/mes,Solo alquileres vacacionales o de ocio el propietario es un gran tenedor precio del último contrato: 4.500 € *el índice de precios no se aplica ya que es solo para uso vacacional. Este luminoso y elegante piso temporal forma parte de una gran rehabilitación integral en una magnifica finca regia ...,4500,la dreta de eixample 8 0/,188 m²,No indicada,4,2,,,I-048ZV8-W-048ZV8,,1,Central,Cocina equipada,,,2026-05-26
https://www.pisos.com/alquilar/piso-ciutat_vella_la_barceloneta08003-62571889427_101800/,Piso en alquiler en La Barceloneta en La Barceloneta por 2.125 €/mes,"Este apartamento temporal acogedor y lleno de luz, situado estratégicamente en el cuarto piso sin ascensor. Este hogar ha sido meticulosamente diseñado para brindar comodidad y funcionalidad. Al ingresar, te recibirán un encantador espacio abierto con mesa y una cocina equipada, proporcionando...",2125,ciutat vella la barceloneta 7 0/,40 m²,No indicada,2,1,,,I-048Y44-W-048Y44,,,Central,Cocina equipada,,,2026-05-26
https://www.pisos.com/alquilar/piso-el_barri_gotic08002-62532762555_101800/,Piso en alquiler en El Barri Gòtic en El Barri Gòtic por 3.075 €/mes,"Los suministros y el wifi están incluidos en el precio. Ubicado en el corazón de barcelona, este apartamento vacacional temporal, recientemente renovado, combina el encanto histórico con comodidades modernas para ofrecer una experiencia de vida excepcional. El salón destaca por sus paredes de la...",3075,el barri gotic 5 0/,80 m²,No indicada,2,2,,,I-048Y47-W-048Y47,,,Central,Cocina equipada,,,2026-05-26
https://www.pisos.com/alquilar/piso-la_dreta_de_eixample08010-62548137128_101800/,Piso en alquiler en La Dreta de L'Eixample en La Dreta de l'Eixample por 10.000 €/mes,"Les presentamos esta espectacular propiedad de 183 m² completamente reformada con acabados de alta gama, ubicada en una finca clásica en el corazón de l'eixample dret. La propiedad combina el encanto arquitectónico original —como techos altos con vigas de madera vistas y bóveda catalana— con un i...",10000,la dreta de eixample 8 0/,183 m²,No indicada,3,3,,,BCNR3795,,1,Central,Cocina equipada,,,2026-05-26
https://www.pisos.com/alquilar/piso-la_dreta_de_eixample08010-62543129528_101800/,Piso en alquiler en La Dreta de L'Eixample en La Dreta de l'Eixample por 11.500 €/mes,"Descubre este impresionante propiedad de lujo en alquiler en el exclusivo barrio del eixample dret. Con un diseño interior que captura la vibrante y cosmopolita esencia de manhattan, esta propiedad cuenta con 154 m² y ofrece una experiencia única y sofisticada para aquellos que aprecian la defin...",11500,la dreta de eixample 8 0/,154 m²,No indicada,2,3,,,BCNR3796,,1,Central,Cocina equipada,,,2026-05-26
https://www.pisos.com/alquilar/piso-el_putxet_el_farro08006-62537832814_101800/,Piso en alquiler en El Putxet-El Farró en El Putxet-El Farró por 2.900 €/mes,"Tenemos el placer de presentar este piso com amplio salon comedor, con un pequeño balcon, cocina independiente con office y area de lavado aparte, ademas de 4 amplios dormitorios, 2 baños completos y un aseo cortesia. Parking en el edificio información legal y de renta: •superficie superior a...",2900,el putxet el farro 4 0/,174 m²,No indicada,5,3,,,I-02ULTK-W-02ULTK,,1,Central,Cocina equipada,,,2026-05-26
https://www.pisos.com/alquilar/estudio-barcelona_capital_eixample-62558004770_106700/,Estudio en alquiler en La Nova Esquerra de L'Eixample en Eixample por 3.500 €/mes,"Nuestras tarifas inician desde 2000€, variando según la temporada y la residencia seleccionada. Para brindarte la mejor atención, por favor contáctanos y consulta disponibilidad y precio exacto para tus fechas. Te presento esta encantadora casa en alquiler vacacional ubicada en una de las zonas ...",3500,estudio eixample 0 0/,28 m²,25 m²,1,1,,,EST_61,,,,,,,2026-05-26
https://www.pisos.com/alquilar/casa-vallcarca_els_penitents08035-59251711148_101800/,Casa en alquiler en Vallcarca-Els Penitents en Vallcarca-Els Penitents por 3.900 €/mes,"Luminosa casa de 270m2 con espectacular terraza y vistas a la ciudad en alquiler larga estancia. Entramos a la casa a través del jardin de entrada y ésta dispone de ascensor. En la planta baja se encuentran 4 habitaciones , 3 de ellas dobles con armarios empotrados y exteriores con luz natural, y...",3900,vallcarca els penitents 8 0/,270 m²,No indicada,5,4,,,I-046REW-W-046REW,,1,Central,Cocina equipada,,,2026-05-26
https://www.pisos.com/alquilar/piso-les_tres_torres08017-59194228401_101800/,Piso en alquiler en Les Tres Torres en Les Tres Torres por 4.600 €/mes,"A pocos metros de la parada de ferrocarril sarrià, encontramos esta exclusiva vivienda temporal a tres vientos amueblada, de 175 m2 útiles de vivienda más terraza. Entramos en un amplio recibidor que divide a mano derecha la zona de noche y a mano izquierda la zona de día. En la zona de día encon...",4600,les tres torres 1 0/,175 m²,No indicada,5,3,,,I-047DXK-W-047DXK,,1,Central,Cocina equipada,,,2026-05-26
https://www.pisos.com/alquilar/chalet-sarria_sant_gervasi_sarria-63353128884_106400/,Chalet en alquiler en Sarrià en Sarrià por 4.200 €/mes,"Espectacular casa con vistas al mar en alquiler en sarrià - jardín, solárium y garaje preciosa vivienda sin amueblar situada en la parte alta de sarrià, una de las zonas residenciales más exclusivas de barcelona. Ubicación privilegiada, muy próxima a prestigiosos colegios internacionales como ben...",4200,sarria sant gervasi sarria 4 0/,192 m²,192 m²,5,3,,Más de 50 años,101445492-BA - 232,,,,,,,2026-05-26
https://www.pisos.com/alquilar/piso-el_guinardo-64238068797_104700/,Piso en alquiler en El Guinardó en El Guinardó por 1.600 €/mes,"Reservas e inquietudes tipo de alojamiento - alojamiento entero términos y condiciones de alojamiento: - fecha de disponibilidad: 03/09/2026 - duración mínima del alquiler: 32 días - máximo de huéspedes: 2 - todas las facturas incluidas: no, para obtener más información visite el sitio web - a...",1600,el guinardo 7 0/,40 m²,No indicada,1,1,,,192189_20260520,,,,,,,2026-05-26
https://www.pisos.com/alquilar/piso-el_camp_en_grassot_gracia_nova08024-54190870717_104700/,Piso en alquiler en El Camp D'en Grassot-Gràcia Nova en El Camp d'en Grassot-Gràcia Nova por 1.650 €/mes,"Reservas e inquietudes tipo de alojamiento - alojamiento entero términos y condiciones de alojamiento: - fecha de disponibilidad: 01/07/2026 - duración mínima del alquiler: 32 días - máximo de huéspedes: 2 - todas las facturas incluidas: no, para obtener más información visite el sitio web - a...",1650,el camp en grassot gracia nova 7 0/,45 m²,No indicada,1,2,,,715971,,,,,,,2026-05-26
https://www.pisos.com/alquilar/piso-sant_pere_santa_caterina_la_ribera08003-64181965646_104700/,Piso en alquiler en Sant Pere-Santa Caterina-La Ribera en Sant Pere-Santa Caterina-La Ribera por 1.335 €/mes,"Reservas e inquietudes tipo de alojamiento - alojamiento entero términos y condiciones de alojamiento: - fecha de disponibilidad: 06/09/2026 - duración mínima del alquiler: 32 días - máximo de huéspedes: 2 - todas las facturas incluidas: no, para obtener más información visite el sitio web - a...",1335,sant pere santa caterina la ribera 6 0/,62 m²,No indicada,2,1,,,558788_20260519,,,,,,,2026-05-26
https://www.pisos.com/alquilar/piso-sant_andreu_navas-64255517076_104700/,Piso en alquiler en Navas en Navas por 1.650 €/mes,"Reservas e inquietudes tipo de alojamiento - alojamiento entero términos y condiciones de alojamiento: - fecha de disponibilidad: 03/09/2026 - duración mínima del alquiler: 32 días - máximo de huéspedes: 4 - todas las facturas incluidas: no, para obtener más información visite el sitio web - a...",1650,sant andreu navas 6 0/,65 m²,No indicada,2,1,,,200066_20260514,,,,,,,2026-05-26
https://www.pisos.com/alquilar/piso-la_maternitat_sant_ramon08028-64183562203_104700/,Piso en alquiler en La Maternitat-Sant Ramon en La Maternitat-Sant Ramon por 1.500 €/mes,"Reservas e inquietudes tipo de alojamiento - alojamiento entero términos y condiciones de alojamiento: - fecha de disponibilidad: 09/08/2026 - duración mínima del alquiler: 32 días - máximo de huéspedes: 5 - todas las facturas incluidas: no, para obtener más información visite el sitio web - a...",1500,la maternitat sant ramon 3 0/,81 m²,No indicada,3,2,,,556910_20260510,,,,,,,2026-05-26
https://www.pisos.com/alquilar/piso-sant_andreu_la_sagrera-64167924680_104700/,Piso en alquiler en La Sagrera en La Sagrera por 1.500 €/mes,"Reservas e inquietudes tipo de alojamiento - alojamiento entero términos y condiciones de alojamiento: - fecha de disponibilidad: 02/09/2026 - duración mínima del alquiler: 32 días - máximo de huéspedes: 2 - todas las facturas incluidas: no, para obtener más información visite el sitio web - a...",1500,sant andreu la sagrera 0 0/,44 m²,No indicada,1,1,,,49487_20260507,,,,,,,2026-05-26
https://www.pisos.com/alquilar/piso-el_raval-63365681246_104700/,Piso en alquiler en El Raval en El Raval por 1.500 €/mes,"Reservas e inquietudes tipo de alojamiento - alojamiento entero términos y condiciones de alojamiento: - fecha de disponibilidad: 25/08/2026 - duración mínima del alquiler: 32 días - máximo de huéspedes: 2 - todas las facturas incluidas: no, para obtener más información visite el sitio web - a...",1500,el raval 6 0/,35 m²,No indicada,1,1,,,52326,,,,,,,2026-05-26
https://www.pisos.com/alquilar/piso-sant_pere_santa_caterina_la_ribera08003-62511333602_104700/,Piso en alquiler en Sant Pere-Santa Caterina-La Ribera en Sant Pere-Santa Caterina-La Ribera por 1.335 €/mes,"Reservas e inquietudes tipo de alojamiento - alojamiento entero términos y condiciones de alojamiento: - fecha de disponibilidad: 09/08/2026 - duración mínima del alquiler: 32 días - máximo de huéspedes: 2 - todas las facturas incluidas: no, para obtener más información visite el sitio web - a...",1335,sant pere santa caterina la ribera 2 0/,54 m²,No indicada,2,2,,,560206,,,,,,,2026-05-26
https://www.pisos.com/alquilar/piso-la_maternitat_sant_ramon08028-62515681417_104700/,Piso en alquiler en La Maternitat-Sant Ramon en La Maternitat-Sant Ramon por 1.650 €/mes,"Reservas e inquietudes tipo de alojamiento - alojamiento entero términos y condiciones de alojamiento: - fecha de disponibilidad: 02/09/2026 - duración mínima del alquiler: 32 días - máximo de huéspedes: 5 - todas las facturas incluidas: no, para obtener más información visite el sitio web - a...",1650,la maternitat sant ramon 7 0/,79 m²,No indicada,3,2,,,439803,,,,,,,2026-05-26
https://www.pisos.com/alquilar/piso-la_maternitat_sant_ramon08028-62512987089_104700/,Piso en alquiler en La Maternitat-Sant Ramon en La Maternitat-Sant Ramon por 1.630 €/mes,"Reservas e inquietudes tipo de alojamiento - alojamiento entero términos y condiciones de alojamiento: - fecha de disponibilidad: 01/09/2026 - duración mínima del alquiler: 32 días - máximo de huéspedes: 3 - todas las facturas incluidas: no, para obtener más información visite el sitio web - a...",1630,la maternitat sant ramon 9 0/,55 m²,No indicada,2,1,,,439801,,,,,,,2026-05-26
https://www.pisos.com/alquilar/piso-la_maternitat_sant_ramon08028-62501431026_104700/,Piso en alquiler en La Maternitat-Sant Ramon en La Maternitat-Sant Ramon por 1.630 €/mes,"Reservas e inquietudes tipo de alojamiento - alojamiento entero términos y condiciones de alojamiento: - fecha de disponibilidad: 10/08/2026 - duración mínima del alquiler: 32 días - máximo de huéspedes: 3 - todas las facturas incluidas: no, para obtener más información visite el sitio web - a...",1630,la maternitat sant ramon 6 0/,55 m²,No indicada,2,1,,,439800,,,,,,,2026-05-26
https://www.pisos.com/alquilar/piso-barcelona_capital_eixample-62564369149_106700/,Piso en alquiler en Sagrada Família en Eixample por 3.700 €/mes,"Nuestras tarifas inician desde 2000€, variando según la temporada y la residencia seleccionada. Para brindarte la mejor atención, por favor contáctanos y consulta disponibilidad y precio exacto para tus fechas. Piso temporal carla penthouse terrace, relájate y disfruta en este tranquilo y elegan...",3700,eixample 9 0/,55 m²,55 m²,2,1,,,Carla Penthouse Terrace,,,,,,,2026-05-26
https://www.pisos.com/alquilar/piso-barcelona_capital_eixample-62528987386_106700/,Piso en alquiler en Sagrada Família en Eixample por 4.200 €/mes,"Nuestras tarifas inician desde 2000€, variando según la temporada y la residencia seleccionada. Para brindarte la mejor atención, por favor contáctanos y consulta disponibilidad y precio exacto para tus fechas. Piso turistico es uno de nuestros céntricos apartamentos en barcelona con acceso a i...",4200,eixample 6 0/,75 m²,75 m²,3,2,,,Tucson Suites I,,,,,,,2026-05-26
https://www.pisos.com/alquilar/piso-barcelona_capital_eixample-62524726758_106700/,Piso en alquiler en Dreta de L'Eixample en Eixample por 4.500 €/mes,"Nuestras tarifas inician desde 2000€, variando según la temporada y la residencia seleccionada. Para brindarte la mejor atención, por favor contáctanos y consulta disponibilidad y precio exacto para tus fechas. El central place premium es uno de nuestros mejores apartamentos turísticos en barcel...",4500,eixample 8 0/,180 m²,180 m²,4,2,,,Central Place Premium,,,,,,,2026-05-26
https://www.pisos.com/alquilar/piso-ciutat_vella-62523400090_106700/,Piso en alquiler en Barri Gòtic en Ciutat Vella por 3.500 €/mes,"Nuestras tarifas inician desde 2000€, variando según la temporada y la residencia seleccionada. Para brindarte la mejor atención, por favor contáctanos y consulta disponibilidad y precio exacto para tus fechas. Piso temporal **estancia minima es de 32 noches** ven a barcelona y disfruta de un e...",3500,ciutat vella 0 0/,50 m²,50 m²,1,1,,,Cathedral Penthouse Terrace,,,,,,,2026-05-26
https://www.pisos.com/alquilar/piso-barcelona_capital_eixample-62555187231_106700/,Piso en alquiler en Dreta de L'Eixample en Eixample por 3.500 €/mes,"Nuestras tarifas inician desde 2000€, variando según la temporada y la residencia seleccionada. Para brindarte la mejor atención, por favor contáctanos y consulta disponibilidad y precio exacto para tus fechas. Piso turistico the central place iii es uno de nuestros mejores apartamentos turísti...",3500,eixample 1 0/,60 m²,60 m²,1,1,,,Central Place III,,,,,,,2026-05-26
https://www.pisos.com/alquilar/piso-barcelona_capital_eixample-62548162577_106700/,Piso en alquiler en Sagrada Família en Eixample por 4.200 €/mes,"Nuestras tarifas inician desde 2000€, variando según la temporada y la residencia seleccionada. Para brindarte la mejor atención, por favor contáctanos y consulta disponibilidad y precio exacto para tus fechas. Piso turistico está situado en el centro de uno de nuestros apartamentos en barcelon...",4200,eixample 7 0/,75 m²,75 m²,3,2,,,Tucson Suites II,,,,,,,2026-05-26
https://www.pisos.com/alquilar/piso-sant_marti-62557880229_106700/,Piso en alquiler en Diagonal Mar I El Front Marítim del Poblenou en Sant Martí por 4.200 €/mes,"Nuestras tarifas inician desde 2000€, variando según la temporada y la residencia seleccionada. Para brindarte la mejor atención, por favor contáctanos y consulta disponibilidad y precio exacto para tus fechas. Piso turistico el apartamento vila olimpica pool suites es un apartamento ubicado en...",4200,sant marti 9 0/,120 m²,120 m²,3,2,,,Vila Olimpica Pool,,,,,,,2026-05-26
https://www.pisos.com/alquilar/piso-barcelona_capital_eixample-62553092861_106700/,Piso en alquiler en Dreta de L'Eixample en Eixample por 3.500 €/mes,"Nuestras tarifas inician desde 2000€, variando según la temporada y la residencia seleccionada. Para brindarte la mejor atención, por favor contáctanos y consulta disponibilidad y precio exacto para tus fechas. Piso turistico es uno de nuestros mejores apartamentos turísticos en barcelona, reci...",3500,eixample 1 0/,60 m²,60 m²,1,1,,,Central Place Terrasse II,,,,,,,2026-05-26
https://www.pisos.com/alquilar/piso-el_barri_gotic08002-60898593704_104700/,Piso en alquiler en El Barri Gòtic en El Barri Gòtic por 1.100 €/mes,"Reservas e inquietudes tipo de alojamiento - alojamiento entero términos y condiciones de alojamiento: - fecha de disponibilidad: 01/08/2026 - duración mínima del alquiler: 32 días - máximo de huéspedes: 2 - todas las facturas incluidas: no, para obtener más información visite el sitio web - a...",1100,el barri gotic 4 0/,46 m²,No indicada,1,1,,,94823,,,,,,,2026-05-26
https://www.pisos.com/alquilar/piso-el_raval-52542606496_104700/,Piso en alquiler en El Raval en El Raval por 1.600 €/mes,"Reservas e inquietudes tipo de alojamiento - alojamiento entero términos y condiciones de alojamiento: - fecha de disponibilidad: 02/08/2026 - duración mínima del alquiler: 32 días - máximo de huéspedes: 3 - todas las facturas incluidas: sí, para obtener más información visite el sitio web - a...",1600,el raval 6 0/,75 m²,No indicada,2,2,,,130430,,,,,,,2026-05-26
https://www.pisos.com/alquilar/piso-el_barri_gotic08002-64188005574_100600/,Piso en alquiler en Ciutat Vella en El Barri Gòtic por 1.680 €/mes,"Disponible a partir del 16 de mayo para alquiler temporal - solo estancias de ocio y vacacionales (11 meses) adéntrese en el corazón de barcelona con este impresionante apartamento moderno ubicado en el emblemático barrio gótico, uno de los barrios más históricos y con mayor encanto de la ciuda...",1680,el barri gotic 4 0/,99 m²,No indicada,2,1,1ª,,4603,,,,,,,2026-05-26
https://www.pisos.com/alquilar/piso-provencals_del_poblenou-64190127707_106500/,Piso en alquiler en Provençals del Poblenou en Provençals del Poblenou por 1.580 €/mes,"Alquiler temporal para usos recreativos, turísticos o de temporada de vacaciones. Alquiler mínimo de 32 días. Afamof alquila esta coqueta y cómoda vivienda amueblada de dos habitaciones, una doble y una individual, salón, cocina independiente, baño y balcón, ideal para disfrutar de barcelona dura...",1580,provencals del poblenou 7 0/,48 m²,48 m²,2,1,2ª,Más de 50 años,111512986-111512986,,,,,,,2026-05-26
https://www.pisos.com/alquilar/piso-la_dreta_de_eixample-64255709354_106500/,Piso en alquiler en La Dreta de L'Eixample en La Dreta de l'Eixample por 2.700 €/mes,"Disponible 31 mayo apartamento en alquiler ubicado en pleno centro de barcelona, muy cerca de paseo de gracia. Dispone de 3 habitaciones dobles, todas exteriores, baño y aseo, salón comedor y cocina, completamente decorado. Este inmueble se encuentra en la tercera planta y cuenta con ascensor y ...",2700,la dreta de eixample 4 0/,75 m²,75 m²,3,2,3ª,Más de 50 años,108694310-108694310,,,,,,,2026-05-26
https://www.pisos.com/alquilar/piso-el_barri_gotic08002-60898299325_106500/,Piso en alquiler en El Barri Gòtic en El Barri Gòtic por 7.250 €/mes,"Muy luminoso, todo exterior, balcones con vistas excepcionales a la catedral y zona peatonal del centro de barcelona. Totalmente renovado con excelentes acabados, conservando detalles de la época, como techos de bovedilla catalana y suelos hidráulicos. Perfecta combinación de tradición y alto st...",7250,el barri gotic 5 0/,175 m²,175 m²,3,2,4ª,Más de 50 años,CENTRO,,,,,,,2026-05-26
https://www.pisos.com/alquilar/piso-provencals_del_poblenou08019-64168455096_101800/,Piso en alquiler en Provençals del Poblenou en Provençals del Poblenou por 1.850 €/mes,"Propietario no es gran tenedor precio último contrato: no aplica index (temporal por vacacional y recreativo) vivienda totalmente amueblada, lista para entrar a vivir. Para estancias temporales en la ciudad. La vivienda consta de una salón comedor soleado, con salida a terraza acondicionada con...",1850,provencals del poblenou 6 0/,67 m²,No indicada,2,1,,Entre 10 y 20 años,I-049VRE-W-049VRE,,,Central,,,,2026-05-26
https://www.pisos.com/alquilar/casa-sant_gervasi_la_bonanova08022-64179718593_101800/,Casa en alquiler en Sant Gervasi-La Bonanova en Sant Gervasi-La Bonanova por 11.000 €/mes,"Se trata de una magnífica y exclusiva casa unifamiliar en la zona alta de barcelona, construida con materiales y acabados de excelente calidad, en buen estado de conservación, con jardín privado y piscina. Está orientada a sur, con lo cual, disfruta del mejor asoleamiento posible. Y dispone de d...",11000,sant gervasi la bonanova 3 0/,594 m²,No indicada,4,6,,Entre 30 y 50 años,I-049V4V-W-049V4V,,1,Central,,,,2026-05-26
https://www.pisos.com/alquilar/piso-la_dreta_de_eixample08007-64236360638_101800/,Piso en alquiler en La Dreta de L'Eixample en La Dreta de l'Eixample por 2.990 €/mes,"La vivienda, ubicada en una finca regia de 1920 con ascensor, ofrece una superficie de 60m2, distribuidos con gran funcionalidad y atención al detalle. Ha sido recientemente renovada con materiales de alta calidad y está completamente amueblada y equipada, lista para entrar a vivir. Cuenta con u...",2990,la dreta de eixample 8 0/,66 m²,No indicada,1,2,,Más de 50 años,I-049SYC-W-049SYC,,,Central,,,,2026-05-26
https://www.pisos.com/alquilar/piso-la_dreta_de_eixample08037-64199106680_101800/,Piso en alquiler en La Dreta de L'Eixample en La Dreta de l'Eixample por 5.500 €/mes,"El piso se encuentra en un principal aunque es un primero real con techos altos. Los 225m2 construidos se distribuyen de la siguiente forma: desde el acceso principal de la vivienda situado en un lateral y centrado a la disposición del piso, encontramos un distribuidor generoso, donde accedemos a...",5500,la dreta de eixample 0 0/,225 m²,No indicada,5,4,,Más de 50 años,I-049SSO-W-049SSO,,,Central,,,,2026-05-26
https://www.pisos.com/alquilar/piso-la_nova_esquerra_de_eixample08015-62523187948_106600/,Piso en alquiler en La Nova Esquerra de L'Eixample en La Nova Esquerra de l'Eixample por 2.000 €/mes,"Alquiler temporal - (uso exclusivo vacacional/ocio) descubre este exclusivo piso de 100 m², diseñado para quienes buscan comodidad, amplitud y luz natural durante su estancia en la ciudad. Una opción perfecta para estancias temporales por vacaciones, ocio o motivos personales, en un entorno agra...",2000,la nova esquerra de eixample 8 0/,105 m²,105 m²,2,2,1ª,,111032874-111032874,,,,,,,2026-05-26
https://www.pisos.com/alquilar/piso-barcelona_capital_eixample-62524271322_106700/,Piso en alquiler en La Nova Esquerra de L'Eixample en Eixample por 3.600 €/mes,"Nuestras tarifas inician desde 2000€, variando según la temporada y la residencia seleccionada. Para brindarte la mejor atención, por favor contáctanos y consulta disponibilidad y precio exacto para tus fechas. Piso temporal de 1 a 11 meses te presento esta encantadora casa en alquiler vacaciona...",3600,eixample 2 0/,55 m²,55 m²,1,2,,,Calle Aragon ESTUDIO.A,,,,,,,2026-05-26
https://www.pisos.com/alquilar/piso-sant_gervasi_galvany08006-61726437189_106500/,Piso en alquiler en Sant Gervasi-Galvany en Sant Gervasi-Galvany por 2.650 €/mes,"Esta propiedad se alquila solo por un mínimo de 32 días y un máximo de 3 meses. *exclusivamente para fines recreativos, vacacionales y turísticos* ***disponible desde el octubre de 2026** amueblado y equipado luminoso y moderno apartamento arco en alquiler. Ubicado en el tranquilo y encantador ba...",2650,sant gervasi galvany 9 0/,75 m²,75 m²,3,2,4ª,,110548155-Arco,,,,,,,2026-05-26
https://www.pisos.com/alquilar/piso-la_sagrada_familia08013-60873876170_101800/,Piso en alquiler en La Sagrada Família en La Sagrada Família por 1.950 €/mes,"Este alquiler está destinado única y exclusivamente para uso vacacional y/o recreativo. No aplica índice.propietario no gran tenedor. Se trata de un piso encantador y acogedor, recientemente reformado con muy buen gusto. Dispone de dos habitaciones: una doble y una individual, que comparten un b...",1950,la sagrada familia 0 0/,67 m²,No indicada,2,1,,Más de 50 años,I-0483N2-W-0483N2,,,Central,,,,2026-05-26
https://www.pisos.com/alquilar/piso-la_vila_de_gracia08012-59203664019_101800/,Piso en alquiler en La Vila de Gràcia en La Vila de Gràcia por 3.397 €/mes,"El inmueble se arrienda única y exclusivamente por uso vacacional o recreativo, por lo que el contrato es a precio libre. Condición del propietario: gran tenedor: no . Renta mensual: 3.397€. Nota: no aplica índice de precios ni condiciones del contrato anterior al ser uso recreativo. Duración má...",3397,la vila de gracia 9 0/,70 m²,No indicada,3,2,,Menos de 5 años,I-047KWS-W-047KWS,,,Central,,,,2026-05-26
https://www.pisos.com/alquilar/piso-la_dreta_de_eixample-58362861219_106500/,Piso en alquiler en La Dreta de L'Eixample en La Dreta de l'Eixample por 3.500 €/mes,"Esta propiedad sólo se alquila por un mínimo de 32 días y un máximo de 6 meses *exclusivamente para fines recreativos, vacacionales y turísticos* ***disponible a partir del 30 de octubre (dos meses)*** una mezcla entre modernidad y confort, en el centro de la ciudad. Amueblado y equipado - esta e...",3500,la dreta de eixample 9 0/,85 m²,85 m²,3,2,Bajo,,84347047-Garden House,,,,,,,2026-05-26
https://www.pisos.com/alquilar/piso-el_barri_gotic08002-58386251258_106500/,Piso en alquiler en El Barri Gòtic en El Barri Gòtic por 3.990 €/mes,"Esta propiedad sólo se alquila por un mínimo de 32 días y un máximo de 3 meses *exclusivamente para fines recreativos, vacacionales y turísticos* ***disponible del 1 de mayo 2026*** exclusivo piso de 90m2 al lado del teatre del liceu. Reformado y con el diseño de interiorismo a cargo de inner-vie...",3990,el barri gotic 8 0/,90 m²,90 m²,3,2,1ª,,84347184-Parsifal,,,,,,,2026-05-26
https://www.pisos.com/alquilar/piso-antiga_esquerra_de_eixample-58360169538_106500/,Piso en alquiler en L'Antiga Esquerra de L'Eixample en L'Antiga Esquerra de l'Eixample por 3.650 €/mes,"Esta propiedad se alquila solamente por un mínimo de 32 días y un máximo de 3 meses *exclusivamente para fines recreativos, vacacionales y turísticos* *** disponibilidad del 30 de junio *** tenemos la sensación de que el tiempo que vas a pasar aquí, va a ser bueno… y esa sensación es tan buena, q...",3650,antiga esquerra de eixample 8 0/,90 m²,90 m²,3,2,1ª,,84347368-Noname,,,,,,,2026-05-26
https://www.pisos.com/alquilar/piso-el_fort_pienc-58353735895_106500/,Piso en alquiler en El Fort Pienc en El Fort Pienc por 3.300 €/mes,"**esta propiedad sólo se alquila por un mínimo de 32 días y un máximo de 10 meses** *exclusivamente para fines recreativos, vacacionales y turísticos* disponibilidad del 30 de junio *** 'chic... Espacioso... Y tranquilo' el ascot tiene 3 dormitorios y 2 baños. Excelente ubicación, cerca de la pl...",3300,el fort pienc 5 0/,80 m²,80 m²,3,2,3ª,,84346020-Ascot,,,,,,,2026-05-26
https://www.pisos.com/alquilar/apartamento-la_dreta_de_eixample08009-64260613712_105600/,Apartamento en alquiler en La Dreta de L'Eixample en La Dreta de l'Eixample por 2.605 €/mes,"Disponibilidad inmediata. Ubicado en la emblem&aacute;tica confluencia de passeig de sant joan y consell de cent, en pleno coraz&oacute;n de barcelona, este exclusivo piso disfruta de una ubicaci&oacute;n privilegiada, rodeado de todo tipo de comercios, servicios y excelentes conexio...",2605,la dreta de eixample 2 0/,162 m²,No indicada,4,3,,,AB2605054,,,,,,,2026-05-26
https://www.pisos.com/alquilar/apartamento-la_dreta_de_eixample-64234067549_105600/,Apartamento en alquiler en La Dreta de L'Eixample en La Dreta de l'Eixample por 5.200 €/mes,"Disponibilidad inmediata. En el coraz&oacute;n de la eixample, a pocos metros de la diagonal y paseo de gracia, encontramos este inmueble sin amueblas de 235 m2 con una bonita terrazza en una patio posterior con mucha luz. El piso dispone de cinco habitaci&oacute;nes, una de ellas ensui...",5200,la dreta de eixample 9 0/,238 m²,No indicada,5,3,,,AB2605045,,,,,,,2026-05-26
https://www.pisos.com/alquilar/apartamento-sant_pere_santa_caterina_la_ribera08003-64170937303_105600/,Apartamento en alquiler en Sant Pere-Santa Caterina-La Ribera en Sant Pere-Santa Caterina-La Ribera por 2.500 €/mes,"Arrendamiento permitido &uacute;nicamente para estancias superiores a treinta y dos (32) d&iacute;as, con finalidad de ocio, vacacional, recreativa o cultural, quedando sujeta la formalizaci&oacute;n del contrato a la aportaci&oacute;n de la documentaci&oacute;n que acredite d...",2500,sant pere santa caterina la ribera 3 0/,95 m²,No indicada,2,2,,,AB2605039-V,,,,,,,2026-05-26
https://www.pisos.com/alquilar/apartamento-sant_pere_santa_caterina_la_ribera08003-64226953832_105600/,Apartamento en alquiler en Sant Pere-Santa Caterina-La Ribera en Sant Pere-Santa Caterina-La Ribera por 2.900 €/mes,"Disponible 30 de junio de 2026. Arrendamiento permitido &uacute;nicamente para estancias superiores a treinta y dos (32) d&iacute;as, con finalidad de ocio, vacacional, recreativa o cultural, quedando sujeta la formalizaci&oacute;n del contrato a la aportaci&oacute;n de la docume...",2900,sant pere santa caterina la ribera 2 0/,141 m²,No indicada,4,2,,,AB2605040-V,,,,,,,2026-05-26
https://www.pisos.com/alquilar/apartamento-barcelona_capital-64233724692_105600/,Apartamento en alquiler en Barcelona Capital en Barcelona Capital por 18.000 €/mes,"Impresionante piso localizado en la emblem&aacute;tica calle passeig de gr&agrave;cia en una finca totalmente restaurada con exquisito gusto. En la zona de d&iacute;a se encuentra un precioso sal&oacute;n comedor muy bien conjuntado con muebles de dise&ntilde;o, y una cocina ...",18000,2 0/,110 m²,No indicada,3,2,,,AB2605032,,,,,,,2026-05-26
https://www.pisos.com/alquilar/atico-el_poble_sec08004-64191552216_105600/,Ático en alquiler en El Poble-Sec en El Poble-sec por 1.950 €/mes,"&iexcl;disponible el15 de julio de 2026! arrendamiento permitido &uacute;nicamente para estancias superiores a treinta y dos (32) d&iacute;as, con finalidad de ocio, vacacional, recreativa o cultural, quedando sujeta la formalizaci&oacute;n del contrato a la aportaci&oacute;n...",1950,el poble sec 6 0/,60 m²,No indicada,2,2,,,AB2605041-V,,,,,,,2026-05-26
https://www.pisos.com/alquilar/apartamento-sarria_sant_gervasi_sarria08034-64245686970_105600/,Apartamento en alquiler en Sarrià en Sarrià por 5.635 €/mes,"Ubicado en una de las zonas m&aacute;s prestigiosas de barcelona, este exclusivo piso en sarri&agrave; ofrece una combinaci&oacute;n perfecta de confort, amplitud y una ubicaci&oacute;n inmejorable. Ideal para familias o personas que buscan un hogar tranquilo y elegante, con la co...",5635,sarria sant gervasi sarria 0 0/,232 m²,No indicada,5,3,,,AB2605027,,,,,,,2026-05-26
https://www.pisos.com/alquilar/piso-el_camp_en_grassot_gracia_nova08025-64214576189_101800/,Piso en alquiler en El Camp D'en Grassot-Gràcia Nova en El Camp d'en Grassot-Gràcia Nova por 5.000 €/mes,"Presentamos este espectacular piso de 200 m², recientemente reformado con acabados de alta calidad, ubicado en el codiciado límite entre el encanto de vila de gràcia y la majestuosidad de la sagrada família. Una pieza única diseñada para quienes buscan el equilibrio perfecto entre elegancia, conf...",5000,el camp en grassot gracia nova 9 0/,200 m²,No indicada,4,3,,,I-049SLS-W-049SLS,,1,Central,,,,2026-05-26
https://www.pisos.com/alquilar/apartamento-sarria_sant_gervasi_sarria08034-64223431042_105600/,Apartamento en alquiler en Sarrià en Sarrià por 7.835 €/mes,"Piso moderno y muy luminoso, dise&ntilde;ado para disfrutar tanto de los espacios interiores como del exterior. La vivienda tiene una distribuci&oacute;n c&oacute;moda y muy bien resuelta, con grandes ventanales y salida a terrazas desde todas las habitaciones, algo que aporta amplitu...",7835,sarria sant gervasi sarria 2 0/,272 m²,No indicada,5,4,,,AB2605024,,,,,,,2026-05-26
https://www.pisos.com/alquilar/piso-la_vila_de_gracia08012-64208098341_104700/,Piso en alquiler en La Vila de Gràcia en La Vila de Gràcia por 1.500 €/mes,"Reservas e inquietudes tipo de alojamiento - alojamiento entero términos y condiciones de alojamiento: - fecha de disponibilidad: 06/09/2026 - duración mínima del alquiler: 32 días - máximo de huéspedes: 2 - todas las facturas incluidas: sí, para obtener más información visite el sitio web - a...",1500,la vila de gracia 1 0/,44 m²,No indicada,1,1,,,261045_20260513,,,,,,,2026-05-26
https://www.pisos.com/alquilar/apartamento-la_dreta_de_eixample-64236574721_105600/,Apartamento en alquiler en La Dreta de L'Eixample en La Dreta de l'Eixample por 7.600 €/mes,"Disponibilidad inmediata&nbsp; ubicado en el emblem&aacute;tico paseo de gr&agrave;cia, con vistas privilegiadas a &quot;la pedrera&quot;, se encuentra este genuino piso amueblado en pleno coraz&oacute;n de barcelona. La propiedad, situada en una finca regia en perfecto e...",7600,la dreta de eixample 1 0/,196 m²,No indicada,4,4,,,AB2602055-1,,,,,,,2026-05-26
https://www.pisos.com/alquilar/atico-el_putxet_el_farro08006-64238608733_101800/,Ático en alquiler en El Putxet-El Farró en El Putxet-El Farró por 3.100 €/mes,"El edificio de balmes cuenta con un atico amplio, luminoso y con 68 m2, recientemente reformado, con un dormitorio, un baño completo y una esplendida terraza amueblada exterior. Decorado en un estilo de diseño nórdico funcional, está equipado con aire acondicionado, wifi y una fantástica cocina c...",3100,el putxet el farro 3 0/,68 m²,No indicada,1,1,,,I-049PRD-W-049PRD,,,Central,,,,2026-05-26
https://www.pisos.com/alquilar/apartamento-sarria_sant_gervasi_sarria08017-64224378484_105600/,Apartamento en alquiler en Sarrià en Sarrià por 4.600 €/mes,"Piso amueblado de 175m2 en tres torres, un barrio que cuenta con los mejores colegios de la ciudad, m&uacute;ltiples servicios de transporte, se encuentra al lado de la estaci&oacute;n de ferrocarril de sarri&agrave; y tiene acceso f&aacute;cil a las salidas y entradas de la ciuda...",4600,sarria sant gervasi sarria 4 0/,175 m²,No indicada,5,4,,,AB2604030,,,,,,,2026-05-26
https://www.pisos.com/alquilar/piso-la_dreta_de_eixample08007-64205145044_101800/,Piso en alquiler en La Dreta de L'Eixample en La Dreta de l'Eixample por 8.500 €/mes,"​este ático es, sencillamente, una pieza única en el mercado. Ubicado en una de las arterias más emblemáticas de la ciudad, esta propiedad redefine el concepto de elegancia urbana. Nada más cruzar el umbral, la mirada es capturada por una cocina de diseño vanguardista, que actúa como el corazón p...",8500,la dreta de eixample 4 0/,126 m²,No indicada,2,2,,,I-048IK7-W-048IK7,,,Central,,,,2026-05-26
https://www.pisos.com/alquilar/apartamento-barcelona_capital-63376608615_105600/,Apartamento en alquiler en Barcelona Capital en Barcelona Capital por 5.200 €/mes,"Presentamos este piso reformado a estrenar de 234m2 con 4 dormitorios y 3 ba&ntilde;os completos en finca regia con conserjer&iacute;a en sarri&agrave;-sant gervasi. La vivienda se distribuye de forma c&oacute;moda y funcional, diferenciando claramente la zona de d&iacute;a y...",5200,5 0/,234 m²,No indicada,4,3,,,AB2604053,,,,,,,2026-05-26
https://www.pisos.com/alquilar/casa-vallcarca_els_penitents08035-63414548610_105600/,Casa en alquiler en Vallcarca-Els Penitents en Vallcarca-Els Penitents por 3.900 €/mes,"Descubre esta espectacular y luminosa casa con las mejores vistas a la ciudad, en un entorno tranquilo y con amplias terrazas, que te invita a disfrutar de la tranquilidad y el confort. La casa, de m&aacute;s de 270m2, cuenta con amplias terrazas, ascensor y cinco habitaciones, todas exterio...",3900,vallcarca els penitents 0 0/,201 m²,No indicada,5,3,,,AB2509093,,,,,,,2026-05-26
https://www.pisos.com/alquilar/apartamento-sant_gervasi_galvany08021-63335336015_105600/,Apartamento en alquiler en Sant Gervasi-Galvany en Sant Gervasi-Galvany por 10.000 €/mes,"Elegante &aacute;tico d&uacute;plex, reci&eacute;n renovado y amueblado con materiales de primera calidad, cuidando cada detalle en un estilo moderno y lujoso. Se encuentra en una finca se&ntilde;orial en el prestigioso barrio de tur&oacute; parc. La primera planta cuenta con...",10000,sant gervasi galvany 5 0/,174 m²,No indicada,3,3,,,AB2603036,,,,,,,2026-05-26
https://www.pisos.com/alquilar/apartamento-el_fort_pienc-63399655794_105600/,Apartamento en alquiler en El Fort Pienc en El Fort Pienc por 8.000 €/mes,"Disponible en julio 2026 ubicado en el eixample dreta, rodeado de comercios, restaurantes y museos, muy cerca de passeig de gr&agrave;cia y pla&ccedil;a catalunya, en un punto estrat&eacute;gico, se encuentra la finca modernista catalogada de principios de siglo casa bur&eacute;s...",8000,el fort pienc 4 0/,165 m²,No indicada,2,2,,,AB2501019,,,,,,,2026-05-26
https://www.pisos.com/alquilar/apartamento-el_fort_pienc-63345595139_105600/,Apartamento en alquiler en El Fort Pienc en El Fort Pienc por 18.000 €/mes,"Ubicado en el eixample dreta, rodeado de comercios, restaurantes y museos, muy cerca de passeig de gr&agrave;cia y pla&ccedil;a catalunya, en un punto estrat&eacute;gico, se encuentra la finca modernista catalogada de principios de siglo casa bur&eacute;s, construida entre 1900 y ...",18000,el fort pienc 9 0/,375 m²,No indicada,4,5,,,AB2501020,,,,,,,2026-05-26
https://www.pisos.com/alquilar/apartamento-el_barri_gotic08002-63375102946_105600/,Apartamento en alquiler en El Barri Gòtic en El Barri Gòtic por 8.250 €/mes,"Disponibilidad inmediata! el palacio mox&oacute;, situado en la plaza sant just del barrio g&oacute;tico de barcelona, ha sido sometido a una ambiciosa rehabilitaci&oacute;n que combina la conservaci&oacute;n de su riqueza hist&oacute;rica con una modernizaci&oacute;n exc...",8250,el barri gotic 6 0/,156 m²,No indicada,2,2,,,AB2505089-1,,,,,,,2026-05-26
https://www.pisos.com/alquilar/apartamento-sarria_sant_gervasi_sarria08034-63386373644_105600/,Apartamento en alquiler en Sarrià en Sarrià por 4.950 €/mes,"Ubicado en una de las zonas m&aacute;s exclusivas de barcelona, en la alta de sarri&aacute;, encontramos este espectacular piso de alquiler. Se trata de una propiedad moderna que forma parte de uno de los desarrollos urban&iacute;sticos m&aacute;s destacados de la zona en los &...",4950,sarria sant gervasi sarria 4 0/,122 m²,No indicada,3,2,,,AB2502043,,,,,,,2026-05-26
https://www.pisos.com/alquilar/apartamento-el_barri_gotic08002-63377269961_105600/,Apartamento en alquiler en El Barri Gòtic en El Barri Gòtic por 6.600 €/mes,"&iexcl;disponibilidad inmediata! el palacio mox&oacute;, situado en la plaza sant just del barrio g&oacute;tico de barcelona, ha sido sometido a una ambiciosa rehabilitaci&oacute;n que combina la conservaci&oacute;n de su riqueza hist&oacute;rica con una modernizaci&o...",6600,el barri gotic 1 0/,156 m²,No indicada,2,2,,,AB2505093-1,,,,,,,2026-05-26
https://www.pisos.com/alquilar/apartamento-el_barri_gotic08002-63374227196_105600/,Apartamento en alquiler en El Barri Gòtic en El Barri Gòtic por 9.900 €/mes,"&iexcl;disponibilidad inmediata! el palacio mox&oacute;, situado en la plaza sant just del barrio g&oacute;tico de barcelona, ha sido sometido a una ambiciosa rehabilitaci&oacute;n que combina la conservaci&oacute;n de su riqueza hist&oacute;rica con una modernizaci&o...",9900,el barri gotic 6 0/,234 m²,No indicada,2,3,,,AB2505091-1,,,,,,,2026-05-26
https://www.pisos.com/alquilar/apartamento-sant_gervasi_galvany08021-63424230097_105600/,Apartamento en alquiler en Sant Gervasi-Galvany en Sant Gervasi-Galvany por 7.300 €/mes,"Impresionante piso de 300 m&sup2; en finca regia, ubicado en plaza castell&oacute;, una de las zonas m&aacute;s exclusivas de la zona alta de barcelona. Situado en una quinta planta, esta vivienda se&ntilde;orial destaca por su luminosidad, amplitud y terraza, ideal para quienes b...",7300,sant gervasi galvany 7 0/,311 m²,No indicada,4,5,,,AB2603056,,,,,,,2026-05-26
https://www.pisos.com/alquilar/apartamento-barcelona_capital-63354064643_105600/,Apartamento en alquiler en Barcelona Capital en Barcelona Capital por 8.300 €/mes,"A un paso de paseo de gracia, en una ubicaci&oacute;n privilegiada, nos encontramos con un lujoso y moderno apartamento nuevo a estrenar, decorado por el reconocido interiorista jaime beriestain. La zona de d&iacute;a, consta de un elegante sal&oacute;n comedor decorado con un estilo...",8300,3 0/,128 m²,No indicada,2,2,,,AB2211110-1,,,,,,,2026-05-26
https://www.pisos.com/alquilar/casa-la_vila_de_gracia08012-63345986239_105600/,Casa en alquiler en La Vila de Gràcia en La Vila de Gràcia por 7.900 €/mes,"Situada cerca de travessera de dalt y del parc g&uuml;ell, en el barrio de gracia, encontramos esta lujosa casa unifamiliar de dise&ntilde;o, con piscina. Muy bien comunicada con el transporte p&uacute;blico, muy cerca de la l&iacute;nea de metro de lesseps, la propiedad est&a...",7900,la vila de gracia 9 0/,264 m²,No indicada,6,4,,,AB2509094,,,,,,,2026-05-26
https://www.pisos.com/alquilar/apartamento-les_corts_barrio08029-63389086264_105600/,Apartamento en alquiler en Les Corts en Les Corts por 2.800 €/mes,"Piso amplio y luminoso en excelente ubicaci&oacute;n, situado en la esquina de calle loreto con avenida diagonal. La vivienda cuenta con 4 habitaciones, ideales para familias o quienes necesiten espacio extra para despacho o zona de estudio, y 2 ba&ntilde;os completos que aportan comodida...",2800,les corts barrio 4 0/,185 m²,No indicada,4,2,,,AB2604052,,,,,,,2026-05-26
https://www.pisos.com/alquilar/apartamento-sarria_sant_gervasi_sarria08017-63351208869_105600/,Apartamento en alquiler en Sarrià en Sarrià por 12.000 €/mes,"Espectacular y moderna casa de 400m&sup2; con piscina privada y vistas sensacionales de barcelona. Se encuentra en la zona alta, ubicada en can caralleu, sarri&agrave;. La vivienda consta de cinco plantas con seis dormitorios y seis ba&ntilde;os. Dispone de ascensor con acceso a las ...",12000,sarria sant gervasi sarria 9 0/,395 m²,No indicada,6,7,,,AB2405044,,,,,,,2026-05-26
https://www.pisos.com/alquilar/apartamento-gracia_la_salut08024-63410554882_105600/,Apartamento en alquiler en La Salut en La Salut por 8.946 €/mes,"Disponibilidad inmediata!! nos encontramos en la zona alta del barrio de gracia, en frente al parque jardins de men&eacute;ndez i pelayo y a tan solo 500 metros del park g&uuml;ell, con una magn&iacute;fica vivienda de lujo. Este piso d&uacute;plex consta de una superficie aproxi...",8946,gracia la salut 2 0/,230 m²,No indicada,3,3,,,AB2406049-1,,,,,,,2026-05-26
https://www.pisos.com/alquilar/apartamento-sant_gervasi_galvany08021-63360495097_105600/,Apartamento en alquiler en Sant Gervasi-Galvany en Sant Gervasi-Galvany por 8.300 €/mes,"Este precioso piso familiar de 375m2 con orientaci&oacute;n a tres vientos y una enorme terraza se encuentra en la prestigiosa zona de sant gervasi, en la calle freixa. Es perfectamente adecuado para quienes disfrutan de pasear y tener todo al alcance de la mano, adem&aacute;s de excelent...",8300,sant gervasi galvany 7 0/,375 m²,No indicada,3,6,,,AB2512065,,,,,,,2026-05-26
https://www.pisos.com/alquilar/casa-pedralbes08034-63391221782_105600/,Casa en alquiler en Pedralbes en Pedralbes por 16.000 €/mes,"Fant&aacute;stica casa de 510m&sup2; con jard&iacute;n y piscina en alquiler en pedralbes, una de las zonas m&aacute;s exclusivas y privilegiadas de la ciudad. Se distribuye en dos plantas.en la primera planta encontramos 3 amplios salones, uno de ellos con chimenea, 2 comedores ...",16000,pedralbes 2 0/,511 m²,No indicada,4,4,,,AB2305125,,,,,,,2026-05-26
https://www.pisos.com/alquilar/apartamento-sarria_sant_gervasi_sarria08034-63353717316_105600/,Apartamento en alquiler en Sarrià en Sarrià por 2.912 €/mes,"Se trata de un precioso loft d&uacute;plex de dise&ntilde;o, completamente reformado y amueblado. Cuenta con suelos de parquet de tarima, entrada independiente desde la calle, parking para motos y bicicletas con puerta autom&aacute;tica y aislamiento ac&uacute;stico. El espacio i...",2912,sarria sant gervasi sarria 6 0/,170 m²,No indicada,3,3,,,AB2604013,,,,,,,2026-05-26
https://www.pisos.com/alquilar/atico-sant_gervasi_galvany08021-63383401345_105600/,Ático en alquiler en Sant Gervasi-Galvany en Sant Gervasi-Galvany por 15.000 €/mes,"Magnifico &aacute;tico de 350m&sup2;, con dos terrazas y con las mejores vistas al parque del tur&oacute; park. La zona de d&iacute;a consta de un sal&oacute;n-comedor de grandes ventanales y con vistas al parque, y con mucha luz, donde podemos distinguir tres piezas: comedor...",15000,sant gervasi galvany 5 0/,315 m²,No indicada,5,5,,,AB2604051,,,,,,,2026-05-26
https://www.pisos.com/alquilar/casa-sarria_sant_gervasi_sarria08017-63424130928_105600/,Casa en alquiler en Sarrià en Sarrià por 9.900 €/mes,Fabulosa casa familiar distribuida en cuatro plantas. Situada en la zona residencial de la parte alta de la ciudad y cerca de las m&aacute;s prestigiosas escuelas internacionales. Posee unas impresionantes vistas a barcelona y al mar mediterr&aacute;neo. La propiedad tiene aproximadament...,9900,sarria sant gervasi sarria 8 0/,678 m²,No indicada,6,5,,,AB2604004,,,,,,,2026-05-26
https://www.pisos.com/alquilar/casa-vallvidrera_el_tibidabo_les_planes08017-63400611609_105600/,Casa en alquiler en Vallvidrera-El Tibidabo-Les Planes en Vallvidrera-El Tibidabo-Les Planes por 25.000 €/mes,"Esta lujosa propiedad a cuatro vientos est&aacute; ubicada en un terreno de 840m2 en vallvidrera parque natural y consta de una superficie &uacute;til de 672m2 con jard&iacute;n. Solo a 20 minutos de la ciudad. Destaca por su dise&ntilde;o exclusivo, moderno y minimalista. Dispon...",25000,vallvidrera el tibidabo les planes 9 0/,886 m²,No indicada,10,6,,,AB2502073,,,,,,,2026-05-26
https://www.pisos.com/alquilar/apartamento-barcelona_capital-63399004466_105600/,Apartamento en alquiler en Barcelona Capital en Barcelona Capital por 4.950 €/mes,"Descubre este exclusivo &aacute;tico de casi 200 m&sup2; situado en uno de los barrios m&aacute;s emblem&aacute;ticos de la ciudad, una propiedad &uacute;nica que combina amplitud, elegancia y vistas privilegiadas a la sagrada familia y al mar. Al entrar, un amplio y elegante...",4950,6 0/,199 m²,No indicada,5,4,,,AB2603035,,,,,,,2026-05-26
https://www.pisos.com/alquilar/apartamento-barcelona_capital-63403512222_105600/,Apartamento en alquiler en Barcelona Capital en Barcelona Capital por 5.500 €/mes,"Ubicado en el distrito del eixample, rodeado de comercios, restaurantes y museos, y a pocos minutos del passeig de sant joan y la pla&ccedil;a de catalunya, se encuentra este magn&iacute;fico y luminoso piso reformado de 150 m&sup2;, completamente amueblado, situado en una elegante fi...",5500,2 0/,178 m²,No indicada,4,3,,,AB2602070-1,,,,,,,2026-05-26
https://www.pisos.com/alquilar/apartamento-el_barri_gotic08002-63381576954_105600/,Apartamento en alquiler en El Barri Gòtic en El Barri Gòtic por 6.600 €/mes,"El palacio mox&oacute;, situado en la plaza sant just del barrio g&oacute;tico de barcelona, ha sido sometido a una ambiciosa rehabilitaci&oacute;n que combina la conservaci&oacute;n de su riqueza hist&oacute;rica con una modernizaci&oacute;n excepcional, convirti&eacu...",6600,el barri gotic 4 0/,125 m²,No indicada,2,2,,,AB2505090-1,,,,,,,2026-05-26
https://www.pisos.com/alquilar/apartamento-barcelona_capital-63373445457_105600/,Apartamento en alquiler en Barcelona Capital en Barcelona Capital por 12.000 €/mes,"Diponibilidad inmediata. En la calle m&aacute;s pretigiosa de barcelona ,paseo de gracia,nos encontramos&nbsp; con&nbsp; esta fant&aacute;stica vivienda de ensue&ntilde;o en una superficie de 250 m2 totalmente amueblada con todo lo necesario para tener una estancia de lujo. ...",12000,7 0/,250 m²,No indicada,4,4,,,AB2405033,,,,,,,2026-05-26
https://www.pisos.com/alquilar/casa-sarria_sant_gervasi_sarria08017-63348331187_105600/,Casa en alquiler en Sarrià en Sarrià por 15.000 €/mes,"Casa modernista catalogada rodeada de jard&iacute;n, con un marcado car&aacute;cter y una arquitectura singular que combina ladrillo y piedra en su fachada .el inmueble destaca por sus cuidados detalles decorativos en ladrillo, presentes en ventanas, barandillas del jard&iacute;n y te...",15000,sarria sant gervasi sarria 7 0/,667 m²,No indicada,10,6,,,AB2603044,,,,,,,2026-05-26
https://www.pisos.com/alquilar/apartamento-sarria_sant_gervasi_sarria08034-63414974644_105600/,Apartamento en alquiler en Sarrià en Sarrià por 4.950 €/mes,"Ubicado en una de las zonas m&aacute;s exclusivas de barcelona, en la zona alta de sarri&aacute;, encontramos este espectacular piso de alquiler. Se trata de una propiedad moderna que forma parte de uno de los desarrollos urban&iacute;sticos m&aacute;s destacados de la zona en los...",4950,sarria sant gervasi sarria 4 0/,122 m²,No indicada,3,2,,,AB2505012,,,,,,,2026-05-26
https://www.pisos.com/alquilar/apartamento-la_dreta_de_eixample08007-63356489902_105600/,Apartamento en alquiler en La Dreta de L'Eixample en La Dreta de l'Eixample por 15.000 €/mes,"Impresionante &aacute;tico de 345 m&sup2; situado en una de las ubicaciones m&aacute;s privilegiadas de barcelona, en calle valencia junto a paseo de gracia. Una propiedad &uacute;nica a cuatro vientos, completamente exterior, que combina dise&ntilde;o contempor&aacute;neo...",15000,la dreta de eixample 2 0/,345 m²,No indicada,5,6,,,AB2603055,,,,,,,2026-05-26
https://www.pisos.com/alquilar/apartamento-la_dreta_de_eixample08008-63381976111_105600/,Apartamento en alquiler en La Dreta de L'Eixample en La Dreta de l'Eixample por 7.000 €/mes,"Presentamos esta magn&iacute;fica vivienda de alto nivel, ubicada en una de las zonas m&aacute;s cotizadas de barcelona, en plena calle c&ograve;rsega entre balmes y rambla catalunya. Un piso alto y &uacute;nico por su amplitud, distribuci&oacute;n y calidad, ideal para famili...",7000,la dreta de eixample 1 0/,200 m²,No indicada,4,3,,,AB2603058,,,,,,,2026-05-26
https://www.pisos.com/alquilar/apartamento-antiga_esquerra_de_eixample08036-63342902910_105600/,Apartamento en alquiler en L'Antiga Esquerra de L'Eixample en L'Antiga Esquerra de l'Eixample por 5.950 €/mes,"&iexcl;&iexcl;&iexcl;disponible de forma inmediata para contratos de larga duraci&oacute;n!!! ubicada en la avenida diagonal, junto a la emblem&aacute;tica plaza francesc maci&agrave;, en una de las zonas m&aacute;s exclusivas y demandadas de barcelona, rodeada de tod...",5950,antiga esquerra de eixample 0 0/,215 m²,No indicada,5,3,,,AB2602058,,,,,,,2026-05-26
https://www.pisos.com/alquilar/casa-la_clota08035-63398037876_105600/,Casa en alquiler en La Clota en La Clota por 7.140 €/mes,"Alquiler de larga estancia disponible el 1 de septiembre de 2025.&nbsp; presentamos esta villa situada en la clota un tesoro oculto de barcelona, un microuniverso rural en plena ciudad que conserva su esencia rural, con or&iacute;genes que se remontan al siglo xiii, en contraste con el v...",7140,la clota 6 0/,348 m²,No indicada,8,5,,,AB2507087,,,,,,,2026-05-26
https://www.pisos.com/alquilar/apartamento-pedralbes08034-63373371301_105600/,Apartamento en alquiler en Pedralbes en Pedralbes por 7.000 €/mes,"En uno de los barrios residenciales de barcelona, cerca de todos los colegios internaciones, lleno de zonas verdes y parques, encontramos &eacute;ste fabuloso piso, junto al tenis barcelona. Se trata de un piso totalmente exterior, con amplios ventanales y mucha luz y tranquilidad. La zona ...",7000,pedralbes 1 0/,210 m²,No indicada,3,3,,,AB2604065,,,,,,,2026-05-26
https://www.pisos.com/alquilar/apartamento-el_besos_el_maresme08019-63376118028_105600/,Apartamento en alquiler en El Besòs-El Maresme en El Besòs-El Maresme por 5.145 €/mes,"Este piso de obra nueva totalmente amueblado de 95 m2 se encuentra en la zona de diagonal mar, un barrio muy comercial, muy cercano a la zona de playas y al barrio poble nou, rodeado de todo tipo de servicios y que tiene a su alcance varias opciones de transporte p&uacute;blico. En la zona d...",5145,el besos el maresme 8 0/,85 m²,No indicada,1,2,,,AB2604026-1,,,,,,,2026-05-26
https://www.pisos.com/alquilar/apartamento-gracia_la_salut08024-63404812201_105600/,Apartamento en alquiler en La Salut en La Salut por 8.500 €/mes,"Nos encontramos en la zona alta del barrio de gr&agrave;cia, en frente al parque jardins de men&eacute;ndez i pelayo y a tan solo 500 metros del park g&uuml;ell, con un magn&iacute;fico &aacute;tico de lujo con unas vistas espectaculares a toda la ciudad. El &aacute;tico ...",8500,gracia la salut 1 0/,190 m²,No indicada,3,2,,,AB2406026-1,,,,,,,2026-05-26
https://www.pisos.com/alquilar/casa-can_baro08024-63419196191_105600/,Casa en alquiler en Can Baró en Can Baró por 13.900 €/mes,"Disponible en verano (junio, julio y agosto) emblem&aacute;tica casa dise&ntilde;ada por el renombrado carlos pujol con 500 m&sup2; distribuidos cuidadosamente en 6 plantas y orientada al sur, lo que garantiza abundante luz natural y vistas panor&aacute;micas sobre barcelona. Di...",13900,can baro 1 0/,500 m²,No indicada,7,7,,,AB2411024-1,,,,,,,2026-05-26
https://www.pisos.com/alquilar/casa-pedralbes08034-63420304277_105600/,Casa en alquiler en Pedralbes en Pedralbes por 11.200 €/mes,"En el residencial barrio de pedralbes, rodeado de naturaleza, al lado del parque natural de collserola y con inmejorables vistas sobre barcelona, se encuentra esta casa de tres plantas de dise&ntilde;o cl&aacute;sico pero actual, muy elegante, en una parcela privada de 1400m&sup2; que...",11200,pedralbes 7 0/,600 m²,No indicada,5,5,,,AB2510030,,,,,,,2026-05-26
https://www.pisos.com/alquilar/piso-verdun-63353856515_101800/,Piso en alquiler en Verdun en Verdun por 2.250 €/mes,"Suministros y wifi incluido en el precio. Es menos común de lo que pensarías encontrar un apartamento tan inteligentemente distribuido y cómodo como este. Además de que acaba de ser reformado completamente este año 2024. Solo entrar en el piso tienes el baño, decorado con baldosas hidráulicas mo...",2250,verdun 5 0/,70 m²,No indicada,3,1,,,I-049CW2-W-049CW2,,1,Central,,,,2026-05-26
https://www.pisos.com/alquilar/apartamento-les_corts_barrio-63401721906_106700/,Apartamento en alquiler en Les Corts en Les Corts por 4.000 €/mes,"Nuestras tarifas inician desde 2000€, variando según la temporada y la residencia seleccionada. Para brindarte la mejor atención, por favor contáctanos y consulta disponibilidad y precio exacto para tus fechas. Disfruta de la comodidad y amplitud de este luminoso apartamento de 3 dormitorios, di...",4000,les corts barrio 6 0/,100 m²,100 m²,3,2,,,Remei 2,,,,,,,2026-05-26
https://www.pisos.com/alquilar/casa-sant_andreu_barrio-63352182102_106700/,Casa en alquiler en Sant Andreu en Sant Andreu por 8.400 €/mes,"Nuestras tarifas inician desde 2000€, variando según la temporada y la residencia seleccionada. Para brindarte la mejor atención, por favor contáctanos y consulta disponibilidad y precio exacto para tus fechas. Exclusiva villa de lujo de 5 plantas en barcelona con salón club privado, piscina, sa...",8400,sant andreu barrio 2 0/,300 m²,300 m²,4,4,,,VILLA DE LUJO Y CLUB,,,,,,,2026-05-26
https://www.pisos.com/alquilar/apartamento-sarria_sant_gervasi_sarria08034-62591789670_101800/,Apartamento en alquiler en Sarrià en Sarrià por 5.500 €/mes,"Os presentamos una vivienda de lujo en zona ajardinada del mejor barrio de barcelona. Espectacular vivienda piso de 180 m2 totalmente amueblado y equipado, reformado con materiales de primera calidad, ofrece un diseño inteligente que aprovecha cada rincón para brindar una experiencia de vida i...",5500,sarria sant gervasi sarria 0 0/,252 m²,No indicada,3,3,,,I-048X3J-W-048X3J,,,Central,,,,2026-05-26
https://www.pisos.com/alquilar/piso-la_dreta_de_eixample08010-62543640782_101800/,Piso en alquiler en La Dreta de L'Eixample en La Dreta de l'Eixample por 2.550 €/mes,"Aviso legal: la propiedad se alquila exclusivamente para uso vacacional o recreativo; por lo tanto, el contrato se fija a precio de mercado. Condición del arrendador: gran tenedor: no renta mensual: 2.550 € nota: el índice de precios y las condiciones del contrato anterior no son aplicables al tr...",2550,la dreta de eixample 2 0/,117 m²,No indicada,2,1,,,I-04965R-W-04965R,,,Central,,,,2026-05-26
https://www.pisos.com/alquilar/piso-sarria_sant_gervasi_sarria08034-62519697610_101800/,Piso en alquiler en Sarrià en Sarrià por 2.950 €/mes,"Se trata de un precioso loft dúplex de diseño, completamente reformado y amueblado. Cuenta con suelos de parquet de tarima, entrada independiente desde la calle, parking para motos y bicicletas con puerta automática y aislamiento acústico. El espacio interior ofrece un amplio salón-comedor con co...",2950,sarria sant gervasi sarria 0 0/,170 m²,No indicada,3,2,,,I-0495BT-W-0495BT,,,Central,,,,2026-05-26
https://www.pisos.com/alquilar/piso-el_fort_pienc08013-62566966752_101800/,Piso en alquiler en El Fort Pienc en El Fort Pienc por 2.300 €/mes,"Este alquiler está destinado única y exclusivamente para uso vacacional y/o recreativo. No aplica índice.propietario no gran tenedor. Ubicado en la calle marina, este elegante apartamento de 95 m² combina a la perfección diseño contemporáneo, comodidad y una ubicación privilegiada cerca del vibr...",2300,el fort pienc 2 0/,95 m²,No indicada,3,2,,,I-048XT4-W-048XT4,,,Central,,,,2026-05-26
https://www.pisos.com/alquilar/piso-la_dreta_de_eixample08010-62554060609_101800/,Piso en alquiler en La Dreta de L'Eixample en La Dreta de l'Eixample por 3.750 €/mes,"Espetacular piso en finca regia de 1885 de 220m, típico de eixample, siendo un piso por planta. Suelo original de baldosas, techos altos de 4 metros. Gran salón comedor, con dos balcones a la calle y fondo con galeria a patio interior, orientación sur. Consta de cinco habitaciones, de las cuales,...",3750,la dreta de eixample 9 0/,220 m²,No indicada,5,3,,,I-0480DM-W-0480DM,,,Central,,,,2026-05-26
https://www.pisos.com/alquilar/apartamento-barcelona_capital_eixample-62539906402_106700/,Apartamento en alquiler en Eixample en Eixample por 7.000 €/mes,"Nuestras tarifas inician desde 2000€, variando según la temporada y la residencia seleccionada. Para brindarte la mejor atención, por favor contáctanos y consulta disponibilidad y precio exacto para tus fechas. Amplio y luminoso apartamento ideal para estancias temporales en barcelona. Dispone d...",7000,eixample 2 0/,120 m²,120 m²,3,2,,,Plaza Cataluña,,,,,,,2026-05-26
https://www.pisos.com/alquilar/apartamento-les_corts_barrio-62569467080_106700/,Apartamento en alquiler en Les Corts en Les Corts por 3.700 €/mes,"Nuestras tarifas inician desde 2000€, variando según la temporada y la residencia seleccionada. Para brindarte la mejor atención, por favor contáctanos y consulta disponibilidad y precio exacto para tus fechas. Piso temporal atico reformado a estrenar en el barrio de les corts. Este ático mide ...",3700,les corts barrio 0 0/,60 m²,60 m²,2,1,,,Evelyn Penthouse,,,,,,,2026-05-26
https://www.pisos.com/alquilar/piso-barcelona_capital_eixample-62559605130_106700/,Piso en alquiler en Dreta de L'Eixample en Eixample por 3.500 €/mes,"Nuestras tarifas inician desde 2000€, variando según la temporada y la residencia seleccionada. Para brindarte la mejor atención, por favor contáctanos y consulta disponibilidad y precio exacto para tus fechas. Apartamento en alquiler con una habitación, un baño, sala y cocina. Espacios funciona...",3500,eixample 0 0/,50 m²,50 m²,1,1,,,Corsega 1,,,,,,,2026-05-26
https://www.pisos.com/alquilar/apartamento-barcelona_capital_eixample-62567721170_106700/,Apartamento en alquiler en Eixample en Eixample por 3.800 €/mes,"Nuestras tarifas inician desde 2000€, variando según la temporada y la residencia seleccionada. Para brindarte la mejor atención, por favor contáctanos y consulta disponibilidad y precio exacto para tus fechas. Piso temporal este encantador ático está situado en el barrio del eixample, en plena ...",3800,eixample 0 0/,80 m²,80 m²,2,2,,,Christina Suites,,,,,,,2026-05-26
https://www.pisos.com/alquilar/piso-ciutat_vella-62598703588_106700/,Piso en alquiler en La Barceloneta en Ciutat Vella por 3.500 €/mes,"Nuestras tarifas inician desde 2000€, variando según la temporada y la residencia seleccionada. Para brindarte la mejor atención, por favor contáctanos y consulta disponibilidad y precio exacto para tus fechas. Piso temporal gabi.. . ( de uno a once meses) piso en barceloneta este alojamiento ú...",3500,ciutat vella 8 0/,40 m²,40 m²,1,1,,,GABI,,,,,,,2026-05-26
https://www.pisos.com/alquilar/apartamento-ciutat_vella-62579695955_106700/,"Apartamento en alquiler en Sant Pere, Sta. Caterina I La Ribera en Ciutat Vella por 4.200 €/mes","Nuestras tarifas inician desde 2000€, variando según la temporada y la residencia seleccionada. Para brindarte la mejor atención, por favor contáctanos y consulta disponibilidad y precio exacto para tus fechas. Piso temporal ven a barcelona y disfruta de un encantador apartamento. Disfruta de es...",4200,ciutat vella 5 0/,96 m²,96 m²,3,2,,,Victoria Central,,,,,,,2026-05-26
https://www.pisos.com/alquilar/piso-sant_marti-62531191329_106700/,Piso en alquiler en Diagonal Mar I El Front Marítim del Poblenou en Sant Martí por 3.700 €/mes,"Nuestras tarifas inician desde 2000€, variando según la temporada y la residencia seleccionada. Para brindarte la mejor atención, por favor contáctanos y consulta disponibilidad y precio exacto para tus fechas. Vive la experiencia de alojarte en un cómodo apartamento con 2 habitaciones, 1 baño y...",3700,sant marti 9 0/,60 m²,60 m²,2,1,,,pueblo nuevo,,,,,,,2026-05-26
https://www.pisos.com/alquilar/piso-ciutat_vella-62501891691_106700/,Piso en alquiler en La Barceloneta en Ciutat Vella por 3.500 €/mes,"Nuestras tarifas inician desde 2000€, variando según la temporada y la residencia seleccionada. Para brindarte la mejor atención, por favor contáctanos y consulta disponibilidad y precio exacto para tus fechas. Piso temporal barceloneta beach appartement desconecta de la rutina en este alojamien...",3500,ciutat vella 1 0/,45 m²,45 m²,1,1,,,Barceloneta Beach,,,,,,,2026-05-26
https://www.pisos.com/alquilar/piso-les_corts_barrio08014-60006429534_100500/,Piso en alquiler en Les Corts en Les Corts por 3.900 €/mes,"Ya disponible contrato entre 6 y 11 meses lasose es una agencia inmobiliaria especializada en el mercado de barcelona, que ofrece servicios de compra, venta y alquiler de pisos mediante un equipo de expertos profesionales y su servicio personalizado, gracias a que dispone de una amplia...",3900,les corts barrio 4 0/,120 m²,115 m²,3,2,7ª,Entre 30 y 50 años,90119LP/6680,,,,,,,2026-05-26
https://www.pisos.com/alquilar/piso-la_dreta_de_eixample08010-62571556850_101800/,Piso en alquiler en La Dreta de L'Eixample en La Dreta de l'Eixample por 4.700 €/mes,"Solo alquileres vacacionales o de ocio el propietario es un gran tenedor precio del último contrato: 4. 700 € *el índice de precios no se aplica, ya que sólo es para uso vacacional. Este luminoso y elegante piso forma parte de una gran rehabilitación integral en una magnifica finca regia situada...",4700,la dreta de eixample 0 0/,260 m²,No indicada,,3,1ª,,I-048ZVR-W-048ZVR,,1,Central,Cocina equipada,,,2026-05-26
https://www.pisos.com/alquilar/piso-sant_pere_santa_caterina_la_ribera08010-62577681781_109100/,Piso en alquiler en Junto Al Arc de Triomf en Zona Premium en Sant Pere-Santa Caterina-La Ribera por 8.000 €/mes,"Exclusiva vivienda de alto standing en alquiler en una de las ubicaciones más privilegiadas y representativas de barcelona, junto al arc de triomf, el parc de la ciutadella y a pocos minutos del born y paseo sant joan. Situada en pleno corazón de la dreta de l?eixample, esta propiedad ofrece una ...",8000,sant pere santa caterina la ribera 1 0/,209 m²,168 m²,3,3,2ª,,301503,,,,,,,2026-05-26
https://www.pisos.com/alquilar/piso-la_dreta_de_eixample-61743372184_106500/,Piso en alquiler en La Dreta de L'Eixample en La Dreta de l'Eixample por 4.250 €/mes,"Esta propiedad se alquila solo por un mínimo de 32 días y un máximo de 3 meses. *exclusivamente para fines recreativos, vacacionales y turísticos* ***disponible desde el 29 de agosto de 2026** amueblado y equipado luminoso y moderno apartamento utopia en alquiler. Ubicado en ciutat vella (ciudad ...",4250,la dreta de eixample 4 0/,60 m²,60 m²,1,2,4ª,,110550039-Utopia,,,,,,,2026-05-26
https://www.pisos.com/alquilar/atico-pedralbes08034-58411316068_106500/,Ático en alquiler en Pedralbes en Pedralbes por 6.150 €/mes,"Esta propiedad sólo se alquila por un mínimo de 32 días y un máximo de 6 meses *exclusivamente para fines recreativos, vacacionales y turísticos* ***disponibilidad a partir del 30 de junio *** por favor, responde a estas preguntas: 1. ¿te gustan las puestas de sol impresionantes? 2. ¿te apatece p...",6150,pedralbes 8 0/,85 m²,85 m²,3,2,8ª,,84346729-Ferran Batik,,,,,,,2026-05-26
https://www.pisos.com/alquilar/duplex-les_tres_torres08017-55034967937_101800/,Dúplex en alquiler en Les Tres Torres en Les Tres Torres por 16.500 €/mes,"Le presentamos una de las propiedades más exclusivas que pueden encontrarse en la zona alta de barcelona: un espectacular dúplex que combina amplitud, luz natural, elegancia y funcionalidad en cada uno de sus espacios. En la planta principal se encuentran las zonas de día, cuidadosamente distrib...",16500,les tres torres 7 0/,455 m²,No indicada,3,4,,,I-030CZ3-W-030CZ3,,1,Central,Cocina equipada,,,2026-05-26
https://www.pisos.com/alquilar/atico-pedralbes-64234175490_100600/,Ático en alquiler en Pedralbes en Pedralbes por 17.000 €/mes,"Presentamos este exclusivo ático situado en el corazón de pedralbes, una zona residencial de alto nivel rodeada de naturaleza. Con una superficie de 600 m², esta propiedad de lujo ofrece una experiencia residencial sin igual. El ático consta de 4 amplias habitaciones en suite, cada una con su ba...",17000,pedralbes 0 0/,600 m²,550 m²,5,6,,,17090,,,,,,,2026-05-26
https://www.pisos.com/alquilar/piso-el_guinardo-64228931714_104700/,Piso en alquiler en El Guinardó en El Guinardó por 1.500 €/mes,"Reservas e inquietudes tipo de alojamiento - alojamiento entero términos y condiciones de alojamiento: - fecha de disponibilidad: 02/06/2026 - duración mínima del alquiler: 32 días - máximo de huéspedes: 2 - todas las facturas incluidas: no, para obtener más información visite el sitio web - a...",1500,el guinardo 4 0/,44 m²,No indicada,1,1,,,167715_20260517,,,,,,,2026-05-26
https://www.pisos.com/alquilar/piso-el_camp_en_grassot_gracia_nova08024-63389645689_101800/,Piso en alquiler en El Camp D'en Grassot-Gràcia Nova en El Camp d'en Grassot-Gràcia Nova por 2.500 €/mes,"Espacioso y luminoso piso de planta baja en gracia temporal. Cuenta con amplio y moderno salón comedor y cocina totalmente equipada. Además dispone de tres amplias habitaciones con armarios empotrados y 2 baños. El piso además cuenta con aire acondicionado (frío y calor), suelo de gres y venta...",2500,el camp en grassot gracia nova 9 0/,125 m²,No indicada,3,2,,,I-049N5T-W-049N5T,,,Central,,,,2026-05-26
https://www.pisos.com/alquilar/piso-el_barri_gotic08002-64189166269_104700/,Piso en alquiler en El Barri Gòtic en El Barri Gòtic por 1.500 €/mes,"Reservas e inquietudes tipo de alojamiento - alojamiento entero términos y condiciones de alojamiento: - fecha de disponibilidad: 01/07/2026 - duración mínima del alquiler: 32 días - máximo de huéspedes: 3 - todas las facturas incluidas: sí, para obtener más información visite el sitio web - a...",1500,el barri gotic 9 0/,80 m²,No indicada,3,1,,,45658,,,,,,,2026-05-26
https://www.pisos.com/alquilar/piso-sant_andreu_la_sagrera-64242419291_104700/,Piso en alquiler en La Sagrera en La Sagrera por 1.500 €/mes,"Reservas e inquietudes tipo de alojamiento - alojamiento entero términos y condiciones de alojamiento: - fecha de disponibilidad: 01/07/2026 - duración mínima del alquiler: 32 días - máximo de huéspedes: 2 - todas las facturas incluidas: no, para obtener más información visite el sitio web - a...",1500,sant andreu la sagrera 1 0/,45 m²,No indicada,1,1,,,168225_20260524,,,,,,,2026-05-26
https://www.pisos.com/alquilar/piso-el_raval-64228012665_104700/,Piso en alquiler en El Raval en El Raval por 1.600 €/mes,"Reservas e inquietudes tipo de alojamiento - alojamiento entero términos y condiciones de alojamiento: - fecha de disponibilidad: 01/07/2026 - duración mínima del alquiler: 32 días - máximo de huéspedes: 4 - todas las facturas incluidas: sí, para obtener más información visite el sitio web - a...",1600,el raval 5 0/,60 m²,No indicada,2,1,,,773432_20260514,,,,,,,2026-05-26
https://www.pisos.com/alquilar/piso-el_barri_gotic08002-52505944312_104700/,Piso en alquiler en El Barri Gòtic en El Barri Gòtic por 1.300 €/mes,"Reservas e inquietudes tipo de alojamiento - alojamiento entero términos y condiciones de alojamiento: - fecha de disponibilidad: 13/07/2026 - duración mínima del alquiler: 32 días - máximo de huéspedes: 4 - todas las facturas incluidas: no, para obtener más información visite el sitio web - a...",1300,el barri gotic 2 0/,50 m²,No indicada,2,1,,,94821,,,,,,,2026-05-26
https://www.pisos.com/alquilar/piso-les_corts_barrio-62520851100_106700/,Piso en alquiler en Les Corts en Les Corts por 3.700 €/mes,"Nuestras tarifas inician desde 2000€, variando según la temporada y la residencia seleccionada. Para brindarte la mejor atención, por favor contáctanos y consulta disponibilidad y precio exacto para tus fechas. Piso temporal este ático mide 55m2 recien reformado y a estrenar y es perfecto para 3...",3700,les corts barrio 0 0/,60 m²,60 m²,2,1,,,Andrea Penthouse Terrace,,,,,,,2026-05-26
https://www.pisos.com/alquilar/piso-ciutat_vella-62525175021_106700/,Piso en alquiler en Barri Gòtic en Ciutat Vella por 4.200 €/mes,"Nuestras tarifas inician desde 2000€, variando según la temporada y la residencia seleccionada. Para brindarte la mejor atención, por favor contáctanos y consulta disponibilidad y precio exacto para tus fechas. Este fascinante y elegante apartamento en el centro ubicado a una calle de las rambla...",4200,ciutat vella 1 0/,140 m²,140 m²,3,2,,,PIS_16,,,,,,,2026-05-26
https://www.pisos.com/alquilar/piso-sant_marti-62532139504_106700/,Piso en alquiler en El Camp de L'Arpa del Clot en Sant Martí por 3.700 €/mes,"Nuestras tarifas inician desde 2000€, variando según la temporada y la residencia seleccionada. Para brindarte la mejor atención, por favor contáctanos y consulta disponibilidad y precio exacto para tus fechas. Encantador apartamento en barcelona con aire acondicionado, acceso a internet adsl y ...",3700,sant marti 4 0/,100 m²,100 m²,2,1,,,PIS_13,,,,,,,2026-05-26
https://www.pisos.com/alquilar/piso-vallvidrera_el_tibidabo_les_planes08017-60878116216_104700/,Piso en alquiler en Vallvidrera-El Tibidabo-Les Planes en Vallvidrera-El Tibidabo-Les Planes por 1.650 €/mes,"Reservas e inquietudes tipo de alojamiento - alojamiento entero términos y condiciones de alojamiento: - fecha de disponibilidad: disponible ahora - duración mínima del alquiler: 32 días - máximo de huéspedes: 2 - todas las facturas incluidas: no, para obtener más información visite el sitio w...",1650,vallvidrera el tibidabo les planes 6 0/,62 m²,No indicada,2,1,,,663110,,,,,,,2026-05-26
https://www.pisos.com/alquilar/piso-el_carmel-60006821992_104700/,Piso en alquiler en El Carmel en El Carmel por 1.500 €/mes,"Reservas e inquietudes tipo de alojamiento - alojamiento entero términos y condiciones de alojamiento: - fecha de disponibilidad: 02/09/2026 - duración mínima del alquiler: 32 días - máximo de huéspedes: 2 - todas las facturas incluidas: no, para obtener más información visite el sitio web - a...",1500,el carmel 2 0/,,No indicada,1,1,,,832480,,,,,,,2026-05-26
https://www.pisos.com/alquilar/piso-el_putxet_el_farro08006-58423978386_106500/,Piso en alquiler en El Putxet-El Farró en El Putxet-El Farró por 1.950 €/mes,"Esta propiedad sólo se alquila por un mínimo de 32 días y un máximo de 3 meses *exclusivamente para fines recreativos, vacacionales y turísticos* ***disponibilidad a partir del 14 de septiembre 2026 *** amueblado y equipado nuestro encantador apartamento cocô te invita a disfrutar de una estanci...",1950,el putxet el farro 6 0/,50 m²,50 m²,1,1,,,103353363-Cocô,,,,,,,2026-05-26
https://www.pisos.com/alquilar/estudio-la_vila_de_gracia08012-63336101521_101800/,Estudio en alquiler en La Vila de Gràcia en La Vila de Gràcia por 1.887 €/mes,Descubre tu próximo hogar temporal en el corazón de vila de gracia barcelona una de las zonas más emblemáticas y con más encanto de la ciudad este acogedor piso de 50 metros cuadrados está completamente amueblado y equipado pensado para estancias temporales y ideal para una persona sola o una par...,1887,estudio la vila de gracia 1 0/,50 m²,No indicada,,1,,Más de 50 años,I-0484YE-W-0484YE,,1,Central,Cocina equipada,,,2026-05-26
https://www.pisos.com/alquilar/piso-sant_andreu-62540327050_106700/,Piso en alquiler en Sant Andreu en Sant Andreu por 3.500 €/mes,"Nuestras tarifas inician desde 2000€, variando según la temporada y la residencia seleccionada. Para brindarte la mejor atención, por favor contáctanos y consulta disponibilidad y precio exacto para tus fechas. Disfruta con tu pareja de este coqueto e intimo apartamento con detalles para una vel...",3500,sant andreu 0 0/,50 m²,50 m²,1,1,,,PIS_29,,,,,,,2026-05-26
https://www.pisos.com/alquilar/apartamento-antiga_esquerra_de_eixample08008-64251250299_105600/,Apartamento en alquiler en L'Antiga Esquerra de L'Eixample en L'Antiga Esquerra de l'Eixample por 2.600 €/mes,"Disponible en junio 2026 arrendamiento permitido &uacute;nicamente para estancias superiores a treinta y dos (32) d&iacute;as, con finalidad de ocio, vacacional, recreativa o cultural, quedando sujeta la formalizaci&oacute;n del contrato a la aportaci&oacute;n de la documentaci&a...",2600,antiga esquerra de eixample 9 0/,85 m²,No indicada,2,2,,,AB2605047-V,,,,,,,2026-05-26
https://www.pisos.com/alquilar/apartamento-sant_gervasi_galvany08021-64170199733_105600/,Apartamento en alquiler en Sant Gervasi-Galvany en Sant Gervasi-Galvany por 1.520 €/mes,"Ubicado en la tranquila y elegante calle rector ubach, en pleno coraz&oacute;n del barrio de sant gervasi&ndash;galvany, este encantador estudio en &aacute;tico ofrece una combinaci&oacute;n perfecta de comodidad, dise&ntilde;o y ubicaci&oacute;n.&nbsp; totalmente ref...",1520,sant gervasi galvany 3 0/,25 m²,No indicada,1,1,,,AB2605020-1,,,,,,,2026-05-26
https://www.pisos.com/alquilar/apartamento-ciutat_vella_la_barceloneta08003-64253624840_105600/,Apartamento en alquiler en La Barceloneta en La Barceloneta por 1.350 €/mes,"Arrendamiento permitido &uacute;nicamente para estancias superiores a treinta y dos (32) d&iacute;as, con finalidad de ocio, vacacional, recreativa o cultural, quedando sujeta la formalizaci&oacute;n del contrato a la aportaci&oacute;n de la documentaci&oacute;n que acredite d...",1350,ciutat vella la barceloneta 0 0/,40 m²,No indicada,1,1,,,AB2605038-V,,,,,,,2026-05-26
https://www.pisos.com/alquilar/piso-el_clot-64213771922_104700/,Piso en alquiler en El Clot en El Clot por 1.600 €/mes,"Reservas e inquietudes tipo de alojamiento - alojamiento entero términos y condiciones de alojamiento: - fecha de disponibilidad: 01/09/2026 - duración mínima del alquiler: 32 días - máximo de huéspedes: 4 - todas las facturas incluidas: sí, para obtener más información visite el sitio web - a...",1600,el clot 2 0/,45 m²,No indicada,2,1,,,574031_20260518,,,,,,,2026-05-26
https://www.pisos.com/alquilar/piso-la_dreta_de_eixample08008-64195517694_101800/,Piso en alquiler en La Dreta de L'Eixample en La Dreta de l'Eixample por 7.000 €/mes,"Situado en la prestigiosa calle passeig de gràcia presentamos esta lujosa vivienda justo al frente a casa milà (la pedrera). Passeig de gràcia no es solo una calle, es el escaparate máximo del poderío económico y el gusto estético de la burguesía catalana de finales del siglo xix y principio...",7000,la dreta de eixample 4 0/,,No indicada,,5,,,I-048YFH-W-048YFH,,1,Central,Cocina equipada,,,2026-05-26
https://www.pisos.com/alquilar/atico-la_dreta_de_eixample08007-64207255192_105600/,Ático en alquiler en La Dreta de L'Eixample en La Dreta de l'Eixample por 3.500 €/mes,"En la rambla de catalunya nos encontramos con un precioso &aacute;tico de aproximadamente 130m2 y unos 40m2 de terraza. La zona de d&iacute;a consta de un luminoso sal&oacute;n comedor y una cocina abierta con acceso a una tranquila y gran terraza. En la zona de noche, encontramos t...",3500,la dreta de eixample 2 0/,130 m²,No indicada,3,3,,,AB2605018-1,,,,,,,2026-05-26
https://www.pisos.com/alquilar/apartamento-la_dreta_de_eixample08010-64254547555_105600/,Apartamento en alquiler en La Dreta de L'Eixample en La Dreta de l'Eixample por 4.700 €/mes,"A pocos metros de la plaza tetu&aacute;n, sobre la gran v&iacute;a, en pleno eixample dreta de barcelona, rodeado de todo tipo de comercios, centros de ocio y medios de transporte, en una finca cl&aacute;sica, encontramos este encantador piso. La entrada se abre a un recibidor que di...",4700,la dreta de eixample 5 0/,190 m²,No indicada,4,3,,,AB2605009-1,,,,,,,2026-05-26
https://www.pisos.com/alquilar/apartamento-la_dreta_de_eixample08007-64248745022_105600/,Apartamento en alquiler en La Dreta de L'Eixample en La Dreta de l'Eixample por 11.000 €/mes,"Exclusiva vivienda de lujo en passeig de gr&agrave;cia ubicado en pleno quadrat d&rsquo;or, en la avenida m&aacute;s emblem&aacute;tica de barcelona, este espectacular piso de 220 m&sup2;, completamente reformado y amueblado a estrenar, combina elegancia, confort y unas vista...",11000,la dreta de eixample 2 0/,220 m²,No indicada,5,4,,,AB2605008,,,,,,,2026-05-26
https://www.pisos.com/alquilar/apartamento-la_dreta_de_eixample08007-63354225066_105600/,Apartamento en alquiler en La Dreta de L'Eixample en La Dreta de l'Eixample por 4.194 €/mes,"En una de las calles m&aacute;s emblem&aacute;ticas de la ciudad condal, rodeada de edificios modernistas, tiendas de lujo y restaurantes; nos encontramos con esta singular vivienda amueblada con una superficie aproximada de m&aacute;s de 150m&sup2; y 30m2 de terraza. En la zona d...",4194,la dreta de eixample 6 0/,208 m²,No indicada,3,2,,,AB2602073-1,,,,,,,2026-05-26
https://www.pisos.com/alquilar/apartamento-la_dreta_de_eixample08008-63418497872_105600/,Apartamento en alquiler en La Dreta de L'Eixample en La Dreta de l'Eixample por 2.755 €/mes,"Disponibilidad inmediata. Arrendamiento permitido &uacute;nicamente para estancias temporales, quedando sujeta la formalizaci&oacute;n del contrato a la aportaci&oacute;n de la documentaci&oacute;n que acredite dicha finalidad. Ubicado en el eixample, un lugar inmejorable al lado...",2755,la dreta de eixample 2 0/,117 m²,No indicada,3,2,,,AB2604074-1,,,,,,,2026-05-26
https://www.pisos.com/alquilar/apartamento-sant_pere_santa_caterina_la_ribera08003-63365233687_105600/,Apartamento en alquiler en Sant Pere-Santa Caterina-La Ribera en Sant Pere-Santa Caterina-La Ribera por 7.500 €/mes,"Ubicado en un pasaje privado y con una localizaci&oacute;n inmejorable a pocos pasos de plaza catalunya, el arco del triunfo y de las mejores tiendas, restaurantes y espacios culturales de barcelona, este impresionante loft de 300 m&sup2; combina car&aacute;cter arquitect&oacute;n...",7500,sant pere santa caterina la ribera 7 0/,300 m²,No indicada,2,2,,,AB2506087,,,,,,,2026-05-26
https://www.pisos.com/alquilar/apartamento-sant_marti_el_poblenou08005-63370092147_105600/,Apartamento en alquiler en El Poblenou en El Poblenou por 1.550 €/mes,"Disponibilidad inmediata.&nbsp; apartamentos de lujo para estudiantes de m&aacute;ster.&nbsp; en el nuevo barrio cosmopolita del poblenou, muy cerca de la playa de barcelona, nos encontramos con un edificio de lujo de reciente construcci&oacute;n. El edificio dispone de m&aa...",1550,sant marti el poblenou 7 0/,30 m²,No indicada,1,1,,,AB2407082-1,,,,,,,2026-05-26
https://www.pisos.com/alquilar/apartamento-la_dreta_de_eixample08010-63403838118_105600/,Apartamento en alquiler en La Dreta de L'Eixample en La Dreta de l'Eixample por 6.000 €/mes,"Maravilloso piso principal de 218m2 construidos m&aacute;s 13m2 de balcones muy disfrutables, ubicado en gran via de les corts catalanes, junto al prestigioso paseo sant joan, la plaza tetu&aacute;n, a escasos minutos de plaza catalunya, el parc de la ciudadela y la estaci&oacute; del...",6000,la dreta de eixample 8 0/,238 m²,No indicada,5,4,,,AB2304084,,,,,,,2026-05-26
https://www.pisos.com/alquilar/apartamento-la_dreta_de_eixample08010-63413866586_105600/,Apartamento en alquiler en La Dreta de L'Eixample en La Dreta de l'Eixample por 3.500 €/mes,"Disponible a partir del 1 de septiembre de 2026. Ubicado en el prestigioso quadrat d&#39;or, en pleno eixample de barcelona, rodeado de comercios, restaurantes, zonas de ocio y excelentes conexiones de transporte p&uacute;blico, encontramos este acogedor piso recientemente reformado y a ...",3500,la dreta de eixample 6 0/,210 m²,No indicada,3,3,,,AB2603027-1,,,,,,,2026-05-26
https://www.pisos.com/alquilar/piso-sant_marti_el_poblenou-63365454618_106500/,Piso en alquiler en El Poblenou en El Poblenou por 1.990 €/mes,"Alquiler temporal para uso recreativo, turístico, vacaciones. Estancia mínima 32 días. Disponible a partir del 15/7 y hasta el 1/11 piso en zona declarada tensionada en finca tradicional del poblenou, frente a un parque y muy cerca de la playa, encontramos esta fantástica planta baja con magnífic...",1990,sant marti el poblenou 8 0/,110 m²,110 m²,1,2,,,111320178-111320178,,,,,,,2026-05-26
https://www.pisos.com/alquilar/piso-sant_marti-62556435778_106700/,Piso en alquiler en Diagonal Mar I El Front Marítim del Poblenou en Sant Martí por 6.500 €/mes,"Desde dira group barcelona te presentamos este sofisticado apartamento que ofrece una experiencia de vida exclusiva en una de las zonas más cotizadas de barcelona, combinando elegancia contemporánea, amplitud y espectaculares vistas abiertas a la ciudad y al mar. La vivienda, completamente exter...",6500,sant marti 8 0/,175 m²,175 m²,3,2,,,PIS_164,,,,,,,2026-05-26
https://www.pisos.com/alquilar/estudio-barcelona_capital_eixample-62538123156_106700/,Estudio en alquiler en La Nova Esquerra de L'Eixample en Eixample por 3.500 €/mes,"Nuestras tarifas inician desde 2000€, variando según la temporada y la residencia seleccionada. Para brindarte la mejor atención, por favor contáctanos y consulta disponibilidad y precio exacto para tus fechas. Hermoso estudio de un solo ambiente, sin habitacion, una pequeña cocina, un baño, un ...",3500,estudio eixample 6 0/,31 m²,31 m²,,1,,,EST_54,,,,,,,2026-05-26
https://www.pisos.com/alquilar/apartamento-les_corts_barrio-62537683056_106700/,Apartamento en alquiler en Barri de Les Corts en Les Corts por 3.700 €/mes,"Nuestras tarifas inician desde 2000€, variando según la temporada y la residencia seleccionada. Para brindarte la mejor atención, por favor contáctanos y consulta disponibilidad y precio exacto para tus fechas. Piso temporal ven a barcelona y disfruta en george new space, un apartamento de 80m2...",3700,les corts barrio 6 0/,80 m²,80 m²,2,1,,,George New,,,,,,,2026-05-26
https://www.pisos.com/alquilar/piso-barcelona_capital_eixample-62535790831_106700/,Piso en alquiler en Dreta de L'Eixample en Eixample por 3.700 €/mes,"Nuestras tarifas inician desde 2000€, variando según la temporada y la residencia seleccionada. Para brindarte la mejor atención, por favor contáctanos y consulta disponibilidad y precio exacto para tus fechas. Piso turistico ( de uno a once meses)descubre este encantador piso en alquiler en ba...",3700,eixample 1 0/,100 m²,100 m²,2,1,,,THE CLARIS SUITES,,,,,,,2026-05-26
https://www.pisos.com/alquilar/apartamento-barcelona_capital_eixample-62565536817_106700/,Apartamento en alquiler en Eixample en Eixample por 4.400 €/mes,"Nuestras tarifas inician desde 2000€, variando según la temporada y la residencia seleccionada. Para brindarte la mejor atención, por favor contáctanos y consulta disponibilidad y precio exacto para tus fechas. Piso temporal conoce barcelona mientras te alojas en lou apartment, ubicado muy cerca...",4400,eixample 7 0/,94 m²,94 m²,4,1,,,Lou 4 Bedroom,,,,,,,2026-05-26
https://www.pisos.com/alquilar/piso-barcelona_capital_eixample-62537538263_106700/,Piso en alquiler en Dreta de L'Eixample en Eixample por 4.200 €/mes,"Nuestras tarifas inician desde 2000€, variando según la temporada y la residencia seleccionada. Para brindarte la mejor atención, por favor contáctanos y consulta disponibilidad y precio exacto para tus fechas. Piso turistico ( alessandra rambla central) (de uno a seis meses) te presentamos est...",4200,eixample 3 0/,130 m²,130 m²,3,2,,,ALESSANDRA RAMBLAS,,,,,,,2026-05-26
https://www.pisos.com/alquilar/apartamento-el_putxet_el_farro08023-62581754063_106700/,Apartamento en alquiler en El Putget I El Farró en El Putxet-El Farró por 3.800 €/mes,"Nuestras tarifas inician desde 2000€, variando según la temporada y la residencia seleccionada. Para brindarte la mejor atención, por favor contáctanos y consulta disponibilidad y precio exacto para tus fechas. Piso turistico es un apartamento turístico en alquiler en barcelona situado en el ba...",3800,el putxet el farro 3 0/,74 m²,74 m²,2,2,,,Urban Town,,,,,,,2026-05-26
https://www.pisos.com/alquilar/apartamento-barcelona_capital_eixample-62587321397_106700/,Apartamento en alquiler en Eixample en Eixample por 3.500 €/mes,"Nuestras tarifas inician desde 2000€, variando según la temporada y la residencia seleccionada. Para brindarte la mejor atención, por favor contáctanos y consulta disponibilidad y precio exacto para tus fechas. Piso turistico ¡conoce nuestro apartamento the suite! este apartamento de 60m2, par...",3500,eixample 7 0/,60 m²,60 m²,1,1,,,Sant Pau,,,,,,,2026-05-26
https://www.pisos.com/alquilar/apartamento-barcelona_capital_eixample-62516433159_106700/,Apartamento en alquiler en Eixample en Eixample por 3.500 €/mes,"Nuestras tarifas inician desde 2000€, variando según la temporada y la residencia seleccionada. Para brindarte la mejor atención, por favor contáctanos y consulta disponibilidad y precio exacto para tus fechas. Piso turistico es un apartamento que combina tendencias chic y vintage con el estilo...",3500,eixample 9 0/,60 m²,60 m²,1,1,,,Penthouse Passeig,,,,,,,2026-05-26
https://www.pisos.com/alquilar/piso-barcelona_capital_eixample-62539543511_106700/,Piso en alquiler en Dreta de L'Eixample en Eixample por 3.500 €/mes,"Nuestras tarifas inician desde 2000€, variando según la temporada y la residencia seleccionada. Para brindarte la mejor atención, por favor contáctanos y consulta disponibilidad y precio exacto para tus fechas. Piso turistico ( the ultimate central place) piso temporal este encantador piso de 6...",3500,eixample 1 0/,90 m²,90 m²,1,1,,,Ultimate Central,,,,,,,2026-05-26
https://www.pisos.com/alquilar/apartamento-barcelona_capital_eixample-62577514371_106700/,Apartamento en alquiler en Eixample en Eixample por 3.800 €/mes,"Nuestras tarifas inician desde 2000€, variando según la temporada y la residencia seleccionada. Para brindarte la mejor atención, por favor contáctanos y consulta disponibilidad y precio exacto para tus fechas. Piso turistico es un apartamento turístico en alquiler en un barrio bonito y tranqui...",3800,eixample 1 0/,80 m²,80 m²,2,2,,,Urban Town Suites III,,,,,,,2026-05-26
https://www.pisos.com/alquilar/piso-barcelona_capital_eixample-62532394040_106700/,Piso en alquiler en Dreta de L'Eixample en Eixample por 3.700 €/mes,"Nuestras tarifas inician desde 2000€, variando según la temporada y la residencia seleccionada. Para brindarte la mejor atención, por favor contáctanos y consulta disponibilidad y precio exacto para tus fechas. Piso turistico ( the claris suite ii) piso temporal de 1-11 meses este encantador p...",3700,eixample 0 0/,80 m²,80 m²,2,1,,,Claris Suits II,,,,,,,2026-05-26
https://www.pisos.com/alquilar/piso-barcelona_capital_eixample-62575398921_106700/,Piso en alquiler en Dreta de L'Eixample en Eixample por 4.200 €/mes,"Nuestras tarifas inician desde 2000€, variando según la temporada y la residencia seleccionada. Para brindarte la mejor atención, por favor contáctanos y consulta disponibilidad y precio exacto para tus fechas. ( de uno a once meses)ofrece el máximo confort disponiendo del completo equipamiento ...",4200,eixample 1 0/,120 m²,120 m²,3,2,,,MARIA,,,,,,,2026-05-26
https://www.pisos.com/alquilar/piso-nou_barris-62597212951_106700/,Piso en alquiler en Vilapicina I La Torre Llobeta en Nou Barris por 4.200 €/mes,"Nuestras tarifas inician desde 2000€, variando según la temporada y la residencia seleccionada. Para brindarte la mejor atención, por favor contáctanos y consulta disponibilidad y precio exacto para tus fechas. Confortable flat. Este encantador piso en alquiler en barcelona ofrece una excelente ...",4200,nou barris 1 0/,120 m²,120 m²,3,2,,,CONFORTABLE FLAT.c,,,,,,,2026-05-26
https://www.pisos.com/alquilar/apartamento-el_putxet_el_farro08023-62574747374_106700/,Apartamento en alquiler en El Putget I El Farró en El Putxet-El Farró por 3.800 €/mes,"Nuestras tarifas inician desde 2000€, variando según la temporada y la residencia seleccionada. Para brindarte la mejor atención, por favor contáctanos y consulta disponibilidad y precio exacto para tus fechas. Piso turistico es un apartamento turístico ubicado en el barrio de sarrià-sant gerva...",3800,el putxet el farro 4 0/,80 m²,80 m²,2,2,,,Urban Town Suites II,,,,,,,2026-05-26
https://www.pisos.com/alquilar/apartamento-barcelona_capital_eixample-62536758568_106700/,Apartamento en alquiler en Dreta de L'Eixample en Eixample por 4.000 €/mes,"Nuestras tarifas inician desde 2000€, variando según la temporada y la residencia seleccionada. Para brindarte la mejor atención, por favor contáctanos y consulta disponibilidad y precio exacto para tus fechas. Piso turistico el apartamento ¡te ofrecemos la mejor manera de conocer barcelona...",4000,eixample 8 0/,70 m²,70 m²,3,1,,,Central Place VII,,,,,,,2026-05-26
https://www.pisos.com/alquilar/piso-barcelona_capital_eixample-62598026517_106700/,Piso en alquiler en Dreta de L'Eixample en Eixample por 3.800 €/mes,"Nuestras tarifas inician desde 2000€, variando según la temporada y la residencia seleccionada. Para brindarte la mejor atención, por favor contáctanos y consulta disponibilidad y precio exacto para tus fechas. Piso turistico central place v ( de uno a once meses) este elegante piso en alquiler...",3800,eixample 7 0/,91 m²,91 m²,2,2,,,CENTRAL PLACE,,,,,,,2026-05-26
https://www.pisos.com/alquilar/piso-ciutat_vella-62523870713_106700/,"Piso en alquiler en Sant Pere, Sta. Caterina I La Ribera en Ciutat Vella por 3.800 €/mes","Nuestras tarifas inician desde 2000€, variando según la temporada y la residencia seleccionada. Para brindarte la mejor atención, por favor contáctanos y consulta disponibilidad y precio exacto para tus fechas. Piso temporal este encantador piso en alquiler en barcelona es una oportunidad única ...",3800,ciutat vella 3 0/,130 m²,130 m²,2,2,,,The central Borne.s,,,,,,,2026-05-26
https://www.pisos.com/alquilar/apartamento-sant_marti-62567964404_106700/,Apartamento en alquiler en El Poblenou en Sant Martí por 4.200 €/mes,"Nuestras tarifas inician desde 2000€, variando según la temporada y la residencia seleccionada. Para brindarte la mejor atención, por favor contáctanos y consulta disponibilidad y precio exacto para tus fechas. Piso temporal ¿buscas un apartamento acogedor en una de las zonas más vibrantes de ba...",4200,sant marti 4 0/,91 m²,91 m²,3,2,,,The Poblenou,,,,,,,2026-05-26
https://www.pisos.com/alquilar/apartamento-el_putxet_el_farro08023-62502186214_106700/,Apartamento en alquiler en El Putxet-El Farró en El Putxet-El Farró por 3.600 €/mes,"Nuestras tarifas inician desde 2000€, variando según la temporada y la residencia seleccionada. Para brindarte la mejor atención, por favor contáctanos y consulta disponibilidad y precio exacto para tus fechas. Piso turistico urban town suites iv es un apartamento turístico en alquiler en e...",3600,el putxet el farro 4 0/,80 m²,80 m²,1,2,,,Urban Town Suites IV,,,,,,,2026-05-26
https://www.pisos.com/alquilar/apartamento-sant_marti-62568564675_106700/,Apartamento en alquiler en Sant Martí en Sant Martí por 3.800 €/mes,"Nuestras tarifas inician desde 2000€, variando según la temporada y la residencia seleccionada. Para brindarte la mejor atención, por favor contáctanos y consulta disponibilidad y precio exacto para tus fechas. Piso temporal es un apartamento situado en la emblemática zona marítima de la vila ol...",3800,sant marti 5 0/,119 m²,119 m²,2,2,,,Nathalie Vila,,,,,,,2026-05-26
https://www.pisos.com/alquilar/apartamento-barcelona_capital_eixample-62513792164_106700/,Apartamento en alquiler en Eixample en Eixample por 3.700 €/mes,"Nuestras tarifas inician desde 2000€, variando según la temporada y la residencia seleccionada. Para brindarte la mejor atención, por favor contáctanos y consulta disponibilidad y precio exacto para tus fechas. Piso temporal gracia new place está ubicado en la vila de gracia, junto al barrio del...",3700,eixample 4 0/,75 m²,75 m²,2,1,,,Gracia New,,,,,,,2026-05-26
https://www.pisos.com/alquilar/apartamento-el_putxet_el_farro08023-62540849126_106700/,Apartamento en alquiler en El Putxet-El Farró en El Putxet-El Farró por 3.800 €/mes,"Nuestras tarifas inician desde 2000€, variando según la temporada y la residencia seleccionada. Para brindarte la mejor atención, por favor contáctanos y consulta disponibilidad y precio exacto para tus fechas. Piso turistico urban town suites terrace ¿te apetece descansar en un apartamento...",3800,el putxet el farro 6 0/,110 m²,110 m²,2,2,,,Urban Town Suites Terrace,,,,,,,2026-05-26
https://www.pisos.com/alquilar/piso-barcelona_capital_eixample-62513159211_106700/,Piso en alquiler en Fort Pienc en Eixample por 3.700 €/mes,"Nuestras tarifas inician desde 2000€, variando según la temporada y la residencia seleccionada. Para brindarte la mejor atención, por favor contáctanos y consulta disponibilidad y precio exacto para tus fechas. Piso turistico te presentamos este hermoso piso en alquiler temporal ubicado en la v...",3700,eixample 1 0/,100 m²,100 m²,2,1,,,SAGRADA Penthouse.c,,,,,,,2026-05-26
https://www.pisos.com/alquilar/piso-sarria_sant_gervasi_sarria-62553385642_106700/,Piso en alquiler en Sant Gervasi- Galvany en Sarrià por 4.500 €/mes,"Nuestras tarifas inician desde 2000€, variando según la temporada y la residencia seleccionada. Para brindarte la mejor atención, por favor contáctanos y consulta disponibilidad y precio exacto para tus fechas. Piso david. ( de uno a once meses) apartamento temporal. De 1 a 11 meses. Descubre es...",4500,sarria sant gervasi sarria 2 0/,130 m²,130 m²,4,2,,,PISO DAVID,,,,,,,2026-05-26
https://www.pisos.com/alquilar/apartamento-barcelona_capital_eixample-62534057080_106700/,Apartamento en alquiler en Eixample en Eixample por 4.200 €/mes,"Nuestras tarifas inician desde 2000€, variando según la temporada y la residencia seleccionada. Para brindarte la mejor atención, por favor contáctanos y consulta disponibilidad y precio exacto para tus fechas. Piso temporal es un apartamento situado en el barrio del eixample. Este ático mide 12...",4200,eixample 0 0/,120 m²,120 m²,3,2,,,Charlies Penthouse Terrace,,,,,,,2026-05-26
https://www.pisos.com/alquilar/piso-barcelona_capital_eixample-62559266223_106700/,Piso en alquiler en Dreta de L'Eixample en Eixample por 3.800 €/mes,"Nuestras tarifas inician desde 2000€, variando según la temporada y la residencia seleccionada. Para brindarte la mejor atención, por favor contáctanos y consulta disponibilidad y precio exacto para tus fechas. Piso turistico este encantador piso en alquiler temporal en barcelona es la oportuni...",3800,eixample 3 0/,91 m²,91 m²,2,2,,,THE CENTRAL PLACE V.s,,,,,,,2026-05-26
https://www.pisos.com/alquilar/apartamento-barcelona_capital_eixample-62534164172_106700/,Apartamento en alquiler en Sagrada Família en Eixample por 3.800 €/mes,"Nuestras tarifas inician desde 2000€, variando según la temporada y la residencia seleccionada. Para brindarte la mejor atención, por favor contáctanos y consulta disponibilidad y precio exacto para tus fechas. Piso turistico es un apartamento situado en la cuarta planta de un edificio modernis...",3800,eixample 2 0/,74 m²,74 m²,2,2,,,Plaza Sagrada,,,,,,,2026-05-26
https://www.pisos.com/alquilar/piso-barcelona_capital_eixample-62527421984_106700/,Piso en alquiler en Dreta de L'Eixample en Eixample por 4.200 €/mes,"Nuestras tarifas inician desde 2000€, variando según la temporada y la residencia seleccionada. Para brindarte la mejor atención, por favor contáctanos y consulta disponibilidad y precio exacto para tus fechas. Piso turistico ( the living apartament i )alquiler temporal de 1-11 meses te present...",4200,eixample 4 0/,150 m²,150 m²,3,2,,,The living apartment,,,,,,,2026-05-26
https://www.pisos.com/alquilar/apartamento-barcelona_capital-60893460689_105600/,Apartamento en alquiler en Barcelona Capital en Barcelona Capital por 7.000 €/mes,"Un lujoso apartamento está situado en passeig de gràcia, en el corazón de barcelona. Ubicado en el lugar más de moda de barcelona, cerca de las boutiques de marcas famosas, restaurantes. El apartamento está situado en un edificio antiguo con un conserje, en la 6ª planta, y tiene tres ventanas ...",7000,9 0/,210 m²,No indicada,4,4,,,12905R,,,,,,,2026-05-26
https://www.pisos.com/alquilar/apartamento-barcelona_capital-58337897260_105600/,Apartamento en alquiler en Barcelona Capital en Barcelona Capital por 3.630 €/mes,"Amplio piso de 115,60 m2 ubicado en una de las zonas de más prestigiosas de la ciudad – el barrio bonanova. Un lugar perfecto y tranquilo para vivir en familia con niños y cerca de los colegios internacionales mas privilegiados y no muy lejos del centro de la ciudad. Esta zona ofrece la calidad...",3630,0 0/,115 m²,No indicada,3,2,,,12398R,,,,,,,2026-05-26
https://www.pisos.com/alquilar/estudio-el_raval-64251283773_104700/,Estudio en alquiler en El Raval en El Raval por 1.500 €/mes,"Reservas e inquietudes tipo de alojamiento - alojamiento entero términos y condiciones de alojamiento: - fecha de disponibilidad: 21/09/2026 - duración mínima del alquiler: 32 días - máximo de huéspedes: 3 - todas las facturas incluidas: sí, para obtener más información visite el sitio web - a...",1500,estudio el raval 3 0/,40 m²,No indicada,,1,,,8293_20260525,,,,,,,2026-05-26
https://www.pisos.com/alquilar/estudio-el_fort_pienc-64227930881_104700/,Estudio en alquiler en El Fort Pienc en El Fort Pienc por 1.500 €/mes,"Reservas e inquietudes tipo de alojamiento - alojamiento entero términos y condiciones de alojamiento: - fecha de disponibilidad: 07/07/2026 - duración mínima del alquiler: 32 días - máximo de huéspedes: 4 - todas las facturas incluidas: sí, para obtener más información visite el sitio web - a...",1500,estudio el fort pienc 1 0/,40 m²,No indicada,,1,,,172493_20260514,,,,,,,2026-05-26
https://www.pisos.com/alquilar/estudio-la_vila_de_gracia08012-64181947593_104700/,Estudio en alquiler en La Vila de Gràcia en La Vila de Gràcia por 1.100 €/mes,"Reservas e inquietudes tipo de alojamiento - alojamiento entero términos y condiciones de alojamiento: - fecha de disponibilidad: 01/09/2026 - duración mínima del alquiler: 32 días - máximo de huéspedes: 2 - todas las facturas incluidas: sí, para obtener más información visite el sitio web - a...",1100,estudio la vila de gracia 3 0/,20 m²,No indicada,,1,,,442282_20260512,,,,,,,2026-05-26
https://www.pisos.com/alquilar/estudio-el_raval-64243077907_104700/,Estudio en alquiler en El Raval en El Raval por 1.200 €/mes,"Reservas e inquietudes tipo de alojamiento - alojamiento entero términos y condiciones de alojamiento: - fecha de disponibilidad: 15/09/2026 - duración mínima del alquiler: 32 días - máximo de huéspedes: 2 - todas las facturas incluidas: no, para obtener más información visite el sitio web - a...",1200,estudio el raval 7 0/,29 m²,No indicada,,1,,,203827_20260509,,,,,,,2026-05-26
https://www.pisos.com/alquilar/estudio-la_vila_de_gracia08012-62537020340_101800/,Estudio en alquiler en La Vila de Gràcia en La Vila de Gràcia por 1.500 €/mes,"Coqueto estudio temporal en el barrio de gracia. Este luminoso estudio totalmente amueblado cuenta con una cocina totalmente equipada, salón y zona separada con cama y escritorio. También cuenta con baño con ducha. El piso cuenta también con un agradable balcón. En cumplimiento de la ley 12/2023...",1500,estudio la vila de gracia 0 0/,27 m²,No indicada,,1,1ª,,I-0495VF-W-0495VF,,,Central,,,,2026-05-26
https://www.pisos.com/alquilar/piso-sant_andreu_barrio-64170005968_104700/,Piso en alquiler en Sant Andreu en Sant Andreu por 1.500 €/mes,"Reservas e inquietudes tipo de alojamiento - alojamiento entero términos y condiciones de alojamiento: - fecha de disponibilidad: 03/07/2026 - duración mínima del alquiler: 32 días - máximo de huéspedes: 2 - todas las facturas incluidas: no, para obtener más información visite el sitio web - a...",1500,sant andreu barrio 8 0/,43 m²,No indicada,1,1,,,270597_20260519,,,,,,,2026-05-26
https://www.pisos.com/alquilar/piso-ciutat_vella-62500069747_106700/,"Piso en alquiler en Sant Pere, Sta. Caterina I La Ribera en Ciutat Vella por 3.700 €/mes","Nuestras tarifas inician desde 2000€, variando según la temporada y la residencia seleccionada. Para brindarte la mejor atención, por favor contáctanos y consulta disponibilidad y precio exacto para tus fechas. Piso temporal es un apartamento que se encuentra en el barrio del borne, amplio, lumi...",3700,ciutat vella 7 0/,80 m²,80 m²,2,1,,,The Borne,,,,,,,2026-05-26
https://www.pisos.com/alquilar/apartamento-barcelona_capital-60894221564_105600/,Apartamento en alquiler en Barcelona Capital en Barcelona Capital por 2.300 €/mes,"Esta vivienda destaca por su magnífica reforma integral que fusiona un diseño moderno con la máxima funcionalidad en una ubicación privilegiada. Su carácter totalmente exterior garantiza una luminosidad excepcional en todas las estancias, convirtiéndola en un refugio de paz y confort absoluto. La...",2300,4 0/,97 m²,No indicada,3,1,,,173786,,,,,,,2026-05-26
https://www.pisos.com/alquilar/apartamento-barcelona_capital-60067979103_105600/,Apartamento en alquiler en Barcelona Capital en Barcelona Capital por 3.300 €/mes,Hermoso ático de 5 habitaciones con terraza en l'eixample. Se ofrece un contrato de larga estancia. Este piso espectacular esta en la novena planta con ascensor. Luz natural en todo el piso. 155 m² más una terraza de 40 m². Amplio salón-comedor con dos salidas a la terraza. 5 dormitorios + 2 ...,3300,3 0/,,No indicada,5,3,,,178850,,,,,,,2026-05-26
https://www.pisos.com/alquilar/apartamento-barcelona_capital-60060275339_105600/,Apartamento en alquiler en Barcelona Capital en Barcelona Capital por 1.950 €/mes,"Piso amplio y luminoso ubicacion prime en la nova esquerra de l'eixample muy conveniente cerca de plaza francesc macia. Esta muy bien comunicado de buses, tram y trenes tan solo 10 minutos a pie de l’illa diagonal y rodeado por avenida josep tarradellas y avenida de sarrià, este piso de 100 m...",1950,9 0/,,No indicada,4,2,,,177898,,,,,,,2026-05-26
https://www.pisos.com/alquilar/apartamento-barcelona_capital-59215235073_105600/,Apartamento en alquiler en Barcelona Capital en Barcelona Capital por 2.300 €/mes,"Este piso hermoso de alquiler muy luminoso con mucho espacio muy centrico en la dreta de l'eixample y con excelente ubicacion rodeado de colegios, supermercados, lugares de visitas como la sagrada familia y muy bien conectado cerca de la linea l4 joanic, l2 y l5 sagrada familia asi como tambi...",2300,3 0/,,No indicada,2,2,,,170693,,,,,,,2026-05-26
https://www.pisos.com/alquilar/apartamento-barcelona_capital-59192751494_105600/,Apartamento en alquiler en Barcelona Capital en Barcelona Capital por 3.840 €/mes,"Oí realtor presenta en exclusiva, precioso piso en alquiler a estrenar en el eixample derecho de barcelona. Hermosa obra creada por el ingeniero urbanístico ildefonso cerdá en la década de 1820 que va desde el noreste del paseo de gracia hasta el paseo de sant joan. Prestigiosa zona residencial d...",3840,4 0/,,No indicada,6,3,,,62683,,,,,,,2026-05-26
https://www.pisos.com/alquilar/apartamento-barcelona_capital-59229384791_105600/,Apartamento en alquiler en Barcelona Capital en Barcelona Capital por 1.820 €/mes,"Oi realtor presenta en exclusiva, piso en alquiler situado en fort pienc, barrio integrado al distrito eixample, en el centro de barcelona. Solo a 5 minutos a pie de la estación de metro marina. Es una de las zona mas exclusivas de la ciudad, residencial, áreas verdes, jardines, plazas, con ampli...",1820,1 0/,90 m²,No indicada,2,2,,,62669,,,,,,,2026-05-26
https://www.pisos.com/alquilar/apartamento-barcelona_capital-59238533570_105600/,Apartamento en alquiler en Barcelona Capital en Barcelona Capital por 2.600 €/mes,"Apartamento de situado en una 7ºplanta de altura, exterior. Impecable, todo nuevo. Consta de 4 dormitorios (3 de ellos dobles), 2 baños, amplio salón-comedor, cocina independiente, gran balcón a calle. Suelo de parquet, aire acondicionado, calefacción. Se alquila totalmente amueblado. Excelente ...",2600,0 0/,100 m²,No indicada,4,2,,,00219,,,,,,,2026-05-26
https://www.pisos.com/alquilar/apartamento-barcelona_capital-59259403859_105600/,Apartamento en alquiler en Barcelona Capital en Barcelona Capital por 2.500 €/mes,"Disponible desde el 1 de julio de 2025 · estancias entre 32 días y 11 meses luminoso piso de 110 m² en la 5ª planta con ascensor, ubicado en una zona residencial tranquila junto a la estación de la sagrera-meridiana. Rodeado de zonas verdes, con excelente conexión a metro (l1 y l5), tren, autobu...",2500,9 0/,,No indicada,4,2,,,142283,,,,,,,2026-05-26
https://www.pisos.com/alquilar/apartamento-barcelona_capital-59262956329_105600/,Apartamento en alquiler en Barcelona Capital en Barcelona Capital por 1.600 €/mes,"ático excepcional en alquiler en barcelona ¡descubra su nuevo hogar con vistas y luz inigualables! ponemos a su disposición este magnífico ático de 79 m² construidos (68 m² útiles), completamente amueblado y equipado, ubicado en una 4ª planta exterior con ascensor en el carrer rubens, una z...",1600,9 0/,,No indicada,2,1,,,162283,,,,,,,2026-05-26
https://www.pisos.com/alquilar/apartamento-barcelona_capital-59196551782_105600/,Apartamento en alquiler en Barcelona Capital en Barcelona Capital por 6.100 €/mes,"Oi realtor presenta en exclusiva, piso en alquiler situado en la avenida diagonal, junto a sagrada familia, en el distrito del eixample. Es uno de los mejores lugares para vivir en la ciudad, residencial, tranquilo, céntrico, con calles iluminadas, llenas de vecinos y transeúntes que disfrutan pa...",6100,2 0/,240 m²,No indicada,3,3,,,62676,,,,,,,2026-05-26
https://www.pisos.com/alquilar/apartamento-barcelona_capital-59168478698_105600/,Apartamento en alquiler en Barcelona Capital en Barcelona Capital por 2.250 €/mes,"Oi realtor presenta en exclusiva piso en alquiler tipo loft, en el elegante y exclusivo passeig de gràcia de barcelona. Los detalles del piso en alquiler en barcelona esta espectacular y luminosa propiedad con superficie de 85 m2 está organizada en amplios espacios abiertos. Tiene una pequeña ...",2250,8 0/,85 m²,No indicada,1,1,,,61944,,,,,,,2026-05-26
https://www.pisos.com/alquilar/apartamento-barcelona_capital-59171433980_105600/,Apartamento en alquiler en Barcelona Capital en Barcelona Capital por 2.700 €/mes,"Hermoso apartamento turístico en plaza españa presentamos grandiosa oportunidad de vivir en uno de los espacios más emblemáticos de la capital catalana (la plaza españa), una de las zonas más transitadas, ya que en ella confluyen varias calles y arterias principales de la ciudad, se encuentra en...",2700,0 0/,89 m²,No indicada,4,1,,,65724,,,,,,,2026-05-26
https://www.pisos.com/alquilar/apartamento-barcelona_capital-59228109194_105600/,Apartamento en alquiler en Barcelona Capital en Barcelona Capital por 2.950 €/mes,"Elegancia temporal en el corazón de gràcia – piso en alquiler en finca señorial alquiler temporal | contrato máximo 11 meses (imprescindible justificante de estancia temporal) situado en el barrio de gràcia, uno de los más emblemáticos y deseados de barcelona, este piso de 129 m² destaca por su...",2950,4 0/,129 m²,No indicada,2,2,,,141545,,,,,,,2026-05-26
https://www.pisos.com/alquilar/apartamento-barcelona_capital-59212093749_105600/,Apartamento en alquiler en Barcelona Capital en Barcelona Capital por 2.000 €/mes,"Oi realtor presenta en exclusiva, piso en alquiler en la calle industria, barrio el camp de l'arpa del clot, en el distrito sant martí, cerca del centro de barcelona. Es una zona residencial, tranquila, familiar, que ha mantenido algunos pasajes y estructuras urbanísticas propias del siglo x...",2000,9 0/,79 m²,No indicada,2,1,,,60143,,,,,,,2026-05-26
https://www.pisos.com/alquilar/apartamento-barcelona_capital-59187404227_105600/,Apartamento en alquiler en Barcelona Capital en Barcelona Capital por 3.900 €/mes,"Oi real estate presenta en exclusiva un ático de alto standing en alquiler, situado en finca del año 2009, en una de las zonas más céntricas de la ciudad de barcelona. Los detalles del ático en alquiler en barcelona se trata de un ático en alquiler en finca con ascensor distribuido en superfic...",3900,7 0/,138 m²,No indicada,3,4,,,58039,,,,,,,2026-05-26
https://www.pisos.com/alquilar/apartamento-barcelona_capital-59260312847_105600/,Apartamento en alquiler en Barcelona Capital en Barcelona Capital por 2.600 €/mes,"¡bienvenido a tu nuevo hogar! este encantador piso en alquiler se encuentra en una ubicación privilegiada con orientación suroeste, lo que garantiza una excelente iluminación natural durante todo el día. Con un estado casi nuevo y una antigüedad de menos de un año, este espacio está listo para qu...",2600,7 0/,117 m²,No indicada,2,2,,,113620,,,,,,,2026-05-26
https://www.pisos.com/alquilar/apartamento-barcelona_capital-59171328508_105600/,Apartamento en alquiler en Barcelona Capital en Barcelona Capital por 1.850 €/mes,"Pisazo nuevo a estrenar totalmente reformada en el barrio de gracia a pasos de la sagrada familia. Dispone de 3 habitaciones, amplio comedor, salón, cocina equipada, lavabo, cuarto limpieza. Muy centrico y bien comunicado, con ascensor. Piso se alquila totalmente amueblado. Tambien esta la opcio...",1850,8 0/,,No indicada,3,1,,,162261,,,,,,,2026-05-26
https://www.pisos.com/alquilar/apartamento-barcelona_capital-59261318774_105600/,Apartamento en alquiler en Barcelona Capital en Barcelona Capital por 2.750 €/mes,"Oi real estate presenta en exclusiva ático en alquiler en l'antiga esquerra de l'eixample, barcelona. Barrio emblemático de la ciudad condal donde puedes disfrutar del paseo, las compras y el ocio, una caminata por la peatonal enric granados define la zona a la perfección. La vida en l&#...",2750,4 0/,130 m²,No indicada,4,1,,,109251,,,,,,,2026-05-26
https://www.pisos.com/alquilar/apartamento-barcelona_capital-59259844401_105600/,Apartamento en alquiler en Barcelona Capital en Barcelona Capital por 1.700 €/mes,"Piso nuevo a estrenar totalmente reformada en el barrio de gracia a pasos de la sagrada familia. Dispone de 2 habitaciones, amplio comedor, salón, cocina equipada, lavabo, cuarto limpieza. Muy centrico y bien comunicado, con ascensor. Piso se alquila totalmente amueblado. Tambien esta la opcion ...",1700,1 0/,,No indicada,2,1,,,156638,,,,,,,2026-05-26
https://www.pisos.com/alquilar/apartamento-barcelona_capital-59261965500_105600/,Apartamento en alquiler en Barcelona Capital en Barcelona Capital por 1.350 €/mes,"Este acogedor y reformado piso de 40 m² se encuentra en una ubicación privilegiada, justo en carrer del carme, una calle vibrante llena de bares, restaurantes y supermercados, y a pocos pasos del famoso mercado de la boqueria y de la emblemática rambla. El alojamiento cuenta con una habitación l...",1350,0 0/,40 m²,No indicada,1,1,,,117341,,,,,,,2026-05-26
https://www.pisos.com/alquilar/apartamento-barcelona_capital-59266512575_105600/,Apartamento en alquiler en Barcelona Capital en Barcelona Capital por 2.500 €/mes,"Oi realtor presenta en exclusiva, piso en alquiler en la avenida d'eduard maristany, situado en diagonal mar, en el distrito sant martí. Es una zona residencial, de clase media alta, amplias áreas verdes, parque, playa, grandes hoteles, con mucha actividad comercial en los modernos bares y re...",2500,5 0/,60 m²,No indicada,1,1,,,62618,,,,,,,2026-05-26
https://www.pisos.com/alquilar/apartamento-barcelona_capital-59253878400_105600/,Apartamento en alquiler en Barcelona Capital en Barcelona Capital por 2.000 €/mes,"Oi realtor presenta en exclusiva, precioso piso en alquiler en el born, barcelona. Los detalles del piso en alquiler en barcelona se trata de un piso en alquiler, de 70m2, distribuido en salón comedor, cocina tipo office. La zona de noche cuenta con una (1) habitacion doble, un altillo con sof...",2000,0 0/,70 m²,No indicada,1,1,,,55971,,,,,,,2026-05-26
https://www.pisos.com/alquilar/apartamento-barcelona_capital-59261001193_105600/,Apartamento en alquiler en Barcelona Capital en Barcelona Capital por 2.200 €/mes,"En el distrito de la teixonera nos encontramos éste precioso piso tipo chalet dividido en tres plantas. Disponemos de dos (2) habitaciones dobles y una (1) individual, cocina americana y dos (2) baños completos distribuidos de la siguiente manera: según entramos nos encontramos con un recibidor q...",2200,3 0/,185 m²,No indicada,3,2,,,65539,,,,,,,2026-05-26
https://www.pisos.com/alquilar/apartamento-barcelona_capital-59177519963_105600/,Apartamento en alquiler en Barcelona Capital en Barcelona Capital por 2.180 €/mes,"Oi realtor presenta en exclusiva, piso en alquiler situado en la calle sardenya, camp d'en grassot i gràcia nova, barrio integrado al distrito gracia. A solo siete minutos de la estación de metro joanic y a doce minutos de la estación de metro alfons x. Es una zona residencial, tranquila, mo...",2180,3 0/,75 m²,No indicada,3,2,,,62721,,,,,,,2026-05-26
https://www.pisos.com/alquilar/apartamento-barcelona_capital-59200273427_105600/,Apartamento en alquiler en Barcelona Capital en Barcelona Capital por 2.320 €/mes,Oi realtor presenta en exclusiva piso en alquiler en el eixample dreta. Una de las zonas más exclusivas de barcelona. Los edificios más arquetípicos se pueden encontrar dentro de esta zona. Se trata de un urbanismo muy peculiar creado por ildefons cerdà. El barrio está repleto de comercios que g...,2320,7 0/,140 m²,No indicada,4,2,,,62678,,,,,,,2026-05-26
https://www.pisos.com/alquilar/apartamento-barcelona_capital-59231209683_105600/,Apartamento en alquiler en Barcelona Capital en Barcelona Capital por 2.200 €/mes,"Descubre este luminoso piso de 75 m² con terraza privada de 20 m², ideal como vivienda temporal en la cálida barcelona. Situado en la carrer espronceda (poblenou), en una zona residencial tranquila y rodeada de áreas verdes, este piso ofrece un salón comedor elegante con cocina americana totalmen...",2200,3 0/,,No indicada,2,2,,,127569,,,,,,,2026-05-26
https://www.pisos.com/alquilar/apartamento-barcelona_capital-59206288326_105600/,Apartamento en alquiler en Barcelona Capital en Barcelona Capital por 1.625 €/mes,"El apartamento se compone de tres habitaciones dobles: una de ellas dispone de una cama doble; la segunda tiene dos camas individuales, una de ellas cama nido y el tercer dormitorio dispone de una cama individual. Luminosa sala de estar con sofá, chimenea y una mesa con 6 sillas. Cocina totalment...",1625,6 0/,,No indicada,3,2,,,107228,,,,,,,2026-05-26
https://www.pisos.com/alquilar/apartamento-barcelona_capital-59191366827_105600/,Apartamento en alquiler en Barcelona Capital en Barcelona Capital por 1.575 €/mes,"Acogedor y luminoso piso reformado en el putxet cómodo y acogedor en una ubicación tranquila y bien comunicada. Este encantador apartamento de 55 m² se encuentra en una de las zonas residenciales más agradables y tranquilas de barcelona, junto al parque del putxet. Recién reformado y pintado, con...",1575,7 0/,,No indicada,1,1,,,157868,,,,,,,2026-05-26
https://www.pisos.com/alquilar/apartamento-barcelona_capital-59206038955_105600/,Apartamento en alquiler en Barcelona Capital en Barcelona Capital por 2.800 €/mes,Características: - tipo de inmueble: piso - orientación: este - estado: muy bien - antigüedad: 20 a 30 años - ascensor: sí - amueblado: sí - consumo energía: c 1 kw h m² / año - emisiones: c 1 kg co₂ m² / año - aire acondicionado - armarios - calefacción - parquet - electrodomésticos - horno - l...,2800,5 0/,,No indicada,4,2,,,133517,,,,,,,2026-05-26
https://www.pisos.com/alquilar/apartamento-barcelona_capital-59206371288_105600/,Apartamento en alquiler en Barcelona Capital en Barcelona Capital por 2.500 €/mes,"Renta hasta 11 meses moderno apartamento totalmente reformado con balcón en una ubicación privilegiada en poblenou, a 8 minutos a pie de la playa de marbella. Este impresionante apartamento, totalmente reformado, ofrece lo mejor de la vida contemporánea en uno de los barrios más codiciados de b...",2500,8 0/,,No indicada,2,2,,,142229,,,,,,,2026-05-26
https://www.pisos.com/alquilar/apartamento-barcelona_capital-59190990575_105600/,Apartamento en alquiler en Barcelona Capital en Barcelona Capital por 1.600 €/mes,"Alquiler de piso en el born barcelona en el corazón del céntrico e histórico barrio del born, encontramos este lujoso piso de diseño totalmente rehabilitado a estrenar. Se trata de un edificio histórico reformado . Consta de 71m2 con una terraza comunitaria 2 hab, 1 baño,dos balcones, amplio y ...",1600,5 0/,71 m²,No indicada,2,1,,,74179,,,,,,,2026-05-26
https://www.pisos.com/alquilar/apartamento-barcelona_capital-59209242218_105600/,Apartamento en alquiler en Barcelona Capital en Barcelona Capital por 1.650 €/mes,"ático en alquiler en eixample izquierdo barcelona ¡vive en el corazón de barcelona! presentamos este exclusivo ático en alquiler en eixample izquierdo, una de las zonas más prestigiosas de la ciudad. Este elegante y luminoso ático ha sido completamente reformado para ofrecer un espacio moderno y...",1650,8 0/,60 m²,No indicada,1,2,,,83871,,,,,,,2026-05-26
https://www.pisos.com/alquilar/apartamento-barcelona_capital-59188943837_105600/,Apartamento en alquiler en Barcelona Capital en Barcelona Capital por 2.780 €/mes,"Oi realtor presenta en exclusiva, piso en alquiler situado en la calle independencia, la sagrada familia, distrito del eixample. Es una de las mejores zonas para vivir, residencial, tranquila, sus calles estan muy iluminadas y se puede transitar con seguridad de día o de noche sin tener ningún pr...",2780,7 0/,160 m²,No indicada,5,2,,,62673,,,,,,,2026-05-26
https://www.pisos.com/alquilar/apartamento-barcelona_capital-59233762473_105600/,Apartamento en alquiler en Barcelona Capital en Barcelona Capital por 3.000 €/mes,"descripción este encantador apartamento reformado combina confort moderno con detalles arquitectónicos originales. Dispone de un espacioso salón-comedor con sofá amplio, smart tv y una mesa para 4–6 personas, ideal para disfrutar en compañía. Cuenta con tres balcones exteriores que llenan el esp...",3000,3 0/,,No indicada,2,2,,,141619,,,,,,,2026-05-26
https://www.pisos.com/alquilar/apartamento-barcelona_capital-59200585910_105600/,Apartamento en alquiler en Barcelona Capital en Barcelona Capital por 2.200 €/mes,"Piso dúplex en alquiler – sants, barcelona contrato de larga estancia preferible. Alquila este piso dúplex en muy buen estado, ubicado en una zona excelente de sants, a pasos de la línea l1 (hostafrancs), a 5 minutos de sants estació (renfe), y junto al parque de la espanya industrial. Disfrut...",2200,0 0/,,No indicada,3,2,,,160336,,,,,,,2026-05-26
https://www.pisos.com/alquilar/apartamento-barcelona_capital-59229959477_105600/,Apartamento en alquiler en Barcelona Capital en Barcelona Capital por 2.100 €/mes,"Oi realtor presenta en exclusiva, piso en alquiler situado en la calle cartagena, barrio la sagrada familia, en el extremo norte del distrito del eixample. A solo un minuto tenemos la estación de metro sant pau-dos de maig. Es una de las mejores zonas para vivir, residencial, tranquila, se puede ...",2100,7 0/,,No indicada,3,2,,,62701,,,,,,,2026-05-26
https://www.pisos.com/alquilar/apartamento-barcelona_capital-59213484179_105600/,Apartamento en alquiler en Barcelona Capital en Barcelona Capital por 2.199 €/mes,"Oi realtor presenta en exclusiva, precioso piso en alquiler en raval, barcelona. Los detalles del piso en alquiler en barcelona se trata de un piso en alquiler, de 81m2, distribuido en salón comedor, cocina independiente. La zona de noche cuenta con cuatro (04) habitaciones tres dobles y una i...",2199,9 0/,81 m²,No indicada,4,1,,,55966,,,,,,,2026-05-26
https://www.pisos.com/alquilar/apartamento-barcelona_capital-59259518698_105600/,Apartamento en alquiler en Barcelona Capital en Barcelona Capital por 2.700 €/mes,"Oi real estate presenta en exclusiva piso en alquiler situado en el gotic, barcelona. Situado en pleno gótico, en calle duc, este piso en alquiler tiene un gran acceso a restaurantes, locales de todo tipo, conexiones a la red metropolitana de transporte de barcelona, las ramblas, plaza catalunya...",2700,8 0/,123 m²,No indicada,4,2,,,03190,,,,,,,2026-05-26
https://www.pisos.com/alquilar/apartamento-barcelona_capital-59188039515_105600/,Apartamento en alquiler en Barcelona Capital en Barcelona Capital por 2.800 €/mes,"¡descubre este espectacular piso-ático prácticamente nuevo, construido en 2020, ubicado en una de las mejores calles de barcelona, el paseo sant joan, en el emblemático quadrat d'or de la ciudad! este encantador hogar combina la elegancia de una finca de principios del siglo xx con las comodi...",2800,5 0/,160 m²,No indicada,2,2,,,113084,,,,,,,2026-05-26
https://www.pisos.com/alquilar/apartamento-barcelona_capital-59193423676_105600/,Apartamento en alquiler en Barcelona Capital en Barcelona Capital por 1.550 €/mes,"Piso situado en edificio catalogado, en el antiguo hostal de sarrià de unos 64m2 de vivienda y un total de 20m2 de terrazas entre las dos terrazas que tiene el piso. Consta de tres plantas, todas con suelos de parquet, calefacción y aacc en el salón comedor y en la habitación principal. La planta...",1550,6 0/,,No indicada,2,2,,,154507,,,,,,,2026-05-26
https://www.pisos.com/alquilar/apartamento-barcelona_capital-59238685245_105600/,Apartamento en alquiler en Barcelona Capital en Barcelona Capital por 2.000 €/mes,"Alquiler de piso – la nova esquerra de l’eixample, barcelona precio: 2.000 €/mes superficie: 82 m² (80 m² útiles) habitaciones: 3 planta: 2ª exterior con ascensor tipo de alquiler: temporada descripción general ¡piso en alquiler con ascensor! esta acogedora vivienda de 80 m² útiles es perfect...",2000,5 0/,,No indicada,3,1,,,159961,,,,,,,2026-05-26
https://www.pisos.com/alquilar/apartamento-barcelona_capital-59188392822_105600/,Apartamento en alquiler en Barcelona Capital en Barcelona Capital por 2.500 €/mes,"Oi realtor presenta en exclusiva, espectacular piso en alquiler en el centro de la preciosa ciudad de barcelona. Los detalles del piso en al alquiler en barcelona. Se trata de un piso de 175m2, distribuido en salón comedor con salidas a balcón, cocina equipada con horno pirolitico, inducción, ...",2500,2 0/,151 m²,No indicada,3,2,,,56154,,,,,,,2026-05-26
https://www.pisos.com/alquilar/apartamento-barcelona_capital-59167083534_105600/,Apartamento en alquiler en Barcelona Capital en Barcelona Capital por 2.300 €/mes,"Apartamento privado completo solo para ti! es un apartamento moderno y de estilo lujoso muy cómodo para garantizar una estancia estupenda cuando estás en barcelona. Cuenta con dos habitaciones (1 suite) y dos baños completos, ambos con corrientes de agua presurizada. Piso disponible para 1ro de d...",2300,4 0/,,No indicada,2,2,,,166485,,,,,,,2026-05-26
https://www.pisos.com/alquilar/apartamento-barcelona_capital-59217095449_105600/,Apartamento en alquiler en Barcelona Capital en Barcelona Capital por 3.500 €/mes,"Magnifico ático reformado en el privilegiado barrio de les tres torres a cuatro vientos, soleado con tres habitaciones, terraza y dos plazas de parking. El piso consta de tres habitaciones, una suite con un gran baño completo, vestidor y salida a un balcón exclusivo, otra doble y una individual p...",3500,9 0/,,No indicada,3,2,,,142843,,,,,,,2026-05-26
https://www.pisos.com/alquilar/apartamento-barcelona_capital-59263662297_105600/,Apartamento en alquiler en Barcelona Capital en Barcelona Capital por 2.350 €/mes,"Piso en alquiler en el centro de barcelona ¡tu hogar ideal en el corazón de la ciudad te está esperando! este espectacular piso estará disponible para alquiler desde abril hasta noviembre y se sitúa a solo 200 metros de las ramblas, en uno de los barrios más vibrantes y emblemáticos de barcelona...",2350,7 0/,,No indicada,3,1,,,124277,,,,,,,2026-05-26
https://www.pisos.com/alquilar/apartamento-barcelona_capital-59254728347_105600/,Apartamento en alquiler en Barcelona Capital en Barcelona Capital por 2.200 €/mes,"Sobreático totalmente reformado en 2023 obra acabada en marzo 2023, limpio, nuevo, tranquilo y muy silencioso. Un vecino por planta. Compuesto por (3*) 2 habitaciones mas (1) amplio estudio con vistas panorámicas a toda la ciudad, espacio ideal ideal para trabajar desde casa. El sobre ático est...",2200,7 0/,140 m²,No indicada,3,2,,,75084,,,,,,,2026-05-26
https://www.pisos.com/alquilar/apartamento-barcelona_capital-59198166214_105600/,Apartamento en alquiler en Barcelona Capital en Barcelona Capital por 1.750 €/mes,"¡descubre tu nuevo hogar en el raval! este encantador apartamento en alquiler temporal, disponible ya y con un máximo de 11 meses, es perfecto para quienes buscan comodidad y estilo en el corazón de barcelona. Con una superficie total de 57 m², este espacio está diseñado para que te sientas como...",1750,4 0/,57 m²,No indicada,1,2,,,116084,,,,,,,2026-05-26
https://www.pisos.com/alquilar/apartamento-barcelona_capital-59243395239_105600/,Apartamento en alquiler en Barcelona Capital en Barcelona Capital por 2.500 €/mes,"Esta moderna propiedad en alquiler destaca por su diseño funcional de concepto abierto y por su envidiable equipamiento comunitario. Ubicado a escasos metros de la parada de metro de poblenou, este piso no solo ofrece la comodidad de tener una plaza de garaje incluida en el precio, sino también e...",2500,9 0/,,No indicada,2,1,,,155196,,,,,,,2026-05-26
https://www.pisos.com/alquilar/apartamento-barcelona_capital-59266010477_105600/,Apartamento en alquiler en Barcelona Capital en Barcelona Capital por 4.160 €/mes,"Oi realtor presenta en exclusiva, piso en alquiler situado en el paseo de gracia, eixample derecho, barrio integrado al distrito eixample, en pleno centro de barcelona. Es uno de los lugares más exclusivos de la ciudad, con intensa actividad comercial todo el año, alberga el mayor número de tie...",4160,7 0/,240 m²,No indicada,3,3,,,62677,,,,,,,2026-05-26
https://www.pisos.com/alquilar/apartamento-barcelona_capital-59172003387_105600/,Apartamento en alquiler en Barcelona Capital en Barcelona Capital por 2.500 €/mes,"Apartamento de lujo con vistas panorámicas y únicas a la sagrada familia. Reformado, completamente amueblado y listo para entrar a vivir. Superficie de 65 m². Dispone de una habitación con cama doble y otra con dos camas individuales. Ambas habitaciones cuentan con balcón, armarios empotrados de...",2500,7 0/,,No indicada,2,2,,,109283,,,,,,,2026-05-26
https://www.pisos.com/alquilar/casa-barcelona_capital-59188946560_105600/,Casa en alquiler en Barcelona Capital en Barcelona Capital por 2.790 €/mes,"Oirealestate presenta en exclusiva casa única en sant andreu, barcelona, perfecta para quienes buscan un espacio tranquilo, con carácter y serenidad. Sant andreu, una de las zonas más encantadoras de barcelona, esta casa se presenta como una oportunidad única para disfrutar de un hogar con perso...",2790,0 0/,230 m²,No indicada,2,2,,,102127,,,,,,,2026-05-26
https://www.pisos.com/alquilar/apartamento-barcelona_capital-59171986260_105600/,Apartamento en alquiler en Barcelona Capital en Barcelona Capital por 1.880 €/mes,"Presentamos en exclusiva este magnífico ático en alquiler, con una superficie de 95 m², situado en el vibrante barrio de sant antoni, barcelona. Este espacio combina comodidad y estilo, ideal para quienes buscan un hogar acogedor en una de las zonas más dinámicas de la ciudad. Condiciones del al...",1880,0 0/,95 m²,No indicada,2,1,,,46192,,,,,,,2026-05-26
https://www.pisos.com/alquilar/apartamento-barcelona_capital-59183292383_105600/,Apartamento en alquiler en Barcelona Capital en Barcelona Capital por 1.890 €/mes,"¡descubre este soleado apartamento en alquiler en el corazón de barcelona! con una ubicación excepcional, este piso de 74 metros cuadrados es todo exterior y cuenta con una amplia habitación doble, con armarios empotrados en madera lacada, área de vestidor, todo funcional y organizado, lo que lo ...",1890,3 0/,,No indicada,1,2,,,100259,,,,,,,2026-05-26
https://www.pisos.com/alquilar/apartamento-barcelona_capital-59260731331_105600/,Apartamento en alquiler en Barcelona Capital en Barcelona Capital por 5.000 €/mes,"Amplio y elegante piso amueblado de 220 m² con terraza soleada, totalmente reformado y muy luminoso. Cuenta con 4 habitaciones con posibilidad de ampliar hasta 7, dos suites con baño, cocina office, lavadero, un baño completo y un aseo. Ideal para familias grandes o con personas mayores que busqu...",5000,1 0/,,No indicada,4,3,,,147651,,,,,,,2026-05-26
https://www.pisos.com/alquilar/apartamento-barcelona_capital-59265722811_105600/,Apartamento en alquiler en Barcelona Capital en Barcelona Capital por 3.400 €/mes,"Oi realtor presenta en exclusiva, piso en alquiler en la gran vía de les corts catalanes, situada en el eixample izquierdo, en pleno centro de barcelona. Es uno de los lugares más exclusivos de la ciudad, residencial, áreas verdes, con gran calidad de vida, grandes avenidas con magnífica ilumina...",3400,1 0/,195 m²,No indicada,6,3,,,62675,,,,,,,2026-05-26
https://www.pisos.com/alquilar/apartamento-barcelona_capital-59192085335_105600/,Apartamento en alquiler en Barcelona Capital en Barcelona Capital por 2.100 €/mes,"Oi realtor presenta en exclusiva, piso en alquiler situado en la calle diputació, eixample derecho, barrio integrado al distrito eixample. A solo cinco minutos de la estación de metro tetuán y monumental. Es una de las mejores zonas para vivir, residencial, tranquila, cómoda, con mucha actividad ...",2100,5 0/,,No indicada,3,1,,,62702,,,,,,,2026-05-26
https://www.pisos.com/alquilar/apartamento-barcelona_capital-59206818656_105600/,Apartamento en alquiler en Barcelona Capital en Barcelona Capital por 2.140 €/mes,"Piso en alquiler en calle de ramon turró (junto a universidad pompeu i fabra). La vila olímpica del poblenou, barcelona. ver mapa 2.140 €/mes 100 m² / 4 hab. / 2 baños/ planta 1ª exterior con ascensor. Con amplia piscina, zona comunitaria ajardinada y pista deportiva. Comen...",2140,6 0/,,No indicada,4,2,,,144708,,,,,,,2026-05-26
https://www.pisos.com/alquilar/apartamento-barcelona_capital-59214603335_105600/,Apartamento en alquiler en Barcelona Capital en Barcelona Capital por 1.500 €/mes,"Piso de alquiler corta estancia máximo 11 meses ¡bienvenido a tu nuevo hogar en el corazón de la barceloneta, barcelona! este luminoso y espacioso piso ofrece una experiencia de vida única en una de las zonas más emblemáticas de la ciudad. Ubicado a solo unos 120 metros del mar, podrás disfruta...",1500,5 0/,45 m²,No indicada,1,1,,,95830,,,,,,,2026-05-26
https://www.pisos.com/alquilar/apartamento-barcelona_capital-59192974457_105600/,Apartamento en alquiler en Barcelona Capital en Barcelona Capital por 1.800 €/mes,"Espectacular piso reformado con acabados de alta calidad y diseño moderno en un edificio clásico del eixample modernista, a solo dos manzanas de paseo de gracia. Al entrar en la propiedad de 70m2 construidos encontramos que el espacio fluye gracias a la pared medianera de ladrillo que aporta cal...",1800,7 0/,65 m²,No indicada,2,2,,,61813,,,,,,,2026-05-26
https://www.pisos.com/alquilar/apartamento-barcelona_capital-59247557001_105600/,Apartamento en alquiler en Barcelona Capital en Barcelona Capital por 3.000 €/mes,"Situado en el vibrante barrio de el poblenou, sant martí, barcelona capital, en la calle d'espronceda, se encuentra este luminoso piso decorado con gusto y disponible para alquiler temporal. Disponible a partir del 18 de junio para estancias mínimas de 6 meses con justificación del motivo. E...",3000,1 0/,,No indicada,3,2,,,141329,,,,,,,2026-05-26
https://www.pisos.com/alquilar/apartamento-barcelona_capital-59173259136_105600/,Apartamento en alquiler en Barcelona Capital en Barcelona Capital por 3.000 €/mes,"Precioso piso recién reformado y completamente amueblado, disponible para alquiler temporal en la prestigiosa zona de eixample dreta, en el corazón de barcelona. Situado a pocos pasos del emblemático paseo de gracia, estarás rodeado de los mejores restaurantes y tiendas de lujo, y a solo 5 minuto...",3000,6 0/,,No indicada,2,1,,,101706,,,,,,,2026-05-26
https://www.pisos.com/alquilar/apartamento-barcelona_capital-59215386449_105600/,Apartamento en alquiler en Barcelona Capital en Barcelona Capital por 2.400 €/mes,"En alquiler magnífico piso totalmente reformado en el corazón de la barceloneta, una de las zonas con más encanto de barcelona. Con una superficie de 127 m², esta vivienda ofrece un ambiente moderno, acogedor y funcional, ideal para quienes buscan confort y estilo frente al mar. El piso dispone ...",2400,9 0/,127 m²,No indicada,3,2,,,130882,,,,,,,2026-05-26
https://www.pisos.com/alquilar/apartamento-barcelona_capital-59166855897_105600/,Apartamento en alquiler en Barcelona Capital en Barcelona Capital por 2.900 €/mes,"Oportunidad única en el corazón del eixample derecho. Este espectacular ático reformado de 44 m² construidos, con una impresionante terraza privada de 60 m², combina el encanto de la arquitectura clásica barcelonesa con el confort moderno, ofreciendo un espacio único para disfrutar del estilo de ...",2900,7 0/,,No indicada,1,1,,,163062,,,,,,,2026-05-26
https://www.pisos.com/alquilar/apartamento-barcelona_capital-59264377525_105600/,Apartamento en alquiler en Barcelona Capital en Barcelona Capital por 1.200 €/mes,"Alquilar temporal. Moderno piso interior completamente amueblado con todos los gastos (luz, gas, agua, wifi, comunidad) incl también. Tiene un habitación doble con pequeño balcón al patio interior. Baño con bañera y ducha. Salón comedor y cocina amueblado, con ventanas al patios interior. Pe...",1200,5 0/,,No indicada,1,1,,,118200,,,,,,,2026-05-26
https://www.pisos.com/alquilar/apartamento-barcelona_capital-59218523216_105600/,Apartamento en alquiler en Barcelona Capital en Barcelona Capital por 2.350 €/mes,"Oi realtor presenta en exclusiva, piso en alquiler en el pasaje de garcia fària, situado en diagonal mar, en el distrito sant martí. Es una zona en primera línea de mar, nueva, residencial, con abundantes áreas verdes, parque, playa y numerosas construcciones modernas. Con mucha actividad comerci...",2350,6 0/,146 m²,No indicada,2,2,,,62760,,,,,,,2026-05-26
https://www.pisos.com/alquilar/apartamento-barcelona_capital-59171753108_105600/,Apartamento en alquiler en Barcelona Capital en Barcelona Capital por 3.000 €/mes,"Magnífico apartamento totalmente amueblado en alquiler y situado en la zona del turó park, una de las mejores zonas de barcelona. Una vivienda de 220m² distribuidos en un salón comedor de 50 m² y 3 dormitorios (uno de ellos suite con vestidor). El apartamento tiene 3 baños completos, uno de ello...",3000,8 0/,240 m²,No indicada,3,3,,,00530,,,,,,,2026-05-26
https://www.pisos.com/alquilar/apartamento-barcelona_capital-59261051594_105600/,Apartamento en alquiler en Barcelona Capital en Barcelona Capital por 2.250 €/mes,"Solo contrato temporal de 1 a 5 años honorarios a cargo del inquilino. Estupendo piso en alquiler en poblenou, próximo a diagonal mar, una vivienda muy soleada y con una gran terraza para celebrar agradables veladas. Muy bien situado, a sólo 3 calles del mar y cerca de la av. Diagonal y el pa...",2250,4 0/,100 m²,No indicada,3,2,,,38812,,,,,,,2026-05-26
https://www.pisos.com/alquilar/apartamento-barcelona_capital-59263903722_105600/,Apartamento en alquiler en Barcelona Capital en Barcelona Capital por 3.000 €/mes,"El distrito de la teixonera, el tercero más extenso de la ciudad, está situado en el noreste de barcelona, entre los de gràcia y nou barris, y se caracteriza por su relieve accidentado con montañas, colinas y valles. Sus abundantes zonas verdes lo convierten en uno de los espacios más atractivos ...",3000,2 0/,185 m²,No indicada,3,2,,,64344,,,,,,,2026-05-26
https://www.pisos.com/alquilar/apartamento-barcelona_capital-59197144389_105600/,Apartamento en alquiler en Barcelona Capital en Barcelona Capital por 1.700 €/mes,"Piso completamente reformado y amueblado en el corazon de barcelona!, ubicado en una finca histórica de 1900 totalmente rehabilitada, con ascensor y servicio de vigilancia. Ideal para quienes buscan vivir en el corazón del centro histórico de barcelona, a pasos de teatros, museos, tiendas, restau...",1700,9 0/,,No indicada,2,1,,,150592,,,,,,,2026-05-26
https://www.pisos.com/alquilar/casa-barcelona_capital-59173515190_105600/,Casa en alquiler en Barcelona Capital en Barcelona Capital por 2.200 €/mes,"Oi realtor presenta en exclusiva, casa en alquiler muy luminosa con tres (3) terrazas, sin amueblar. Ubicada en la mejor zona de barcelona, el barrio pedralbes. Los detalles de la casa en alquiler casa en alquiler, toda exterior con superficie de 185m2 construidos, de los cuales 35m2 correspond...",2200,0 0/,185 m²,No indicada,4,2,,,63094,,,,,,,2026-05-26
https://www.pisos.com/alquilar/estudio-el_barri_gotic08002-64229006972_104700/,Estudio en alquiler en El Barri Gòtic en El Barri Gòtic por 1.000 €/mes,"Reservas e inquietudes tipo de alojamiento - alojamiento entero términos y condiciones de alojamiento: - fecha de disponibilidad: 15/07/2026 - duración mínima del alquiler: 32 días - máximo de huéspedes: 2 - todas las facturas incluidas: no, para obtener más información visite el sitio web - a...",1000,estudio el barri gotic 2 0/,28 m²,No indicada,,1,,,38179_20260517,,,,,,,2026-05-26
https://www.pisos.com/alquilar/apartamento-eixample_sant_antoni08015-63399426964_105600/,Apartamento en alquiler en Sant Antoni en Sant Antoni por 8.000 €/mes,"En el codiciado barrio de l&rsquo;eixample esquerra, encontramos esta joya &uacute;nica: un aut&eacute;ntico oasis en el coraz&oacute;n de barcelona. Este magn&iacute;fico d&uacute;plex combina el encanto de la arquitectura hist&oacute;rica con comodidades modernas, de...",8000,eixample sant antoni 4 0/,625 m²,No indicada,,3,,,AB2501063-1,,,,,,,2026-05-26
https://www.pisos.com/alquilar/apartamento-barcelona_capital-59250032011_105600/,Apartamento en alquiler en Barcelona Capital en Barcelona Capital por 1.400 €/mes,"Piso muy acogedor en una zona prime antiga esquerra de l’eixample. Consta de 1 habitación es de tamaño normal con su armario y la otra pequeña tambien con armario. Ideal 1 persona o 1 pareja. Interesados tienen que tener un justificante de temporalidad. Todos los gastos (gas, luz, agua) no estan...",1400,1 0/,,No indicada,2,1,,,138792,,,,,,,2026-05-26
https://www.pisos.com/alquilar/apartamento-barcelona_capital-59235467744_105600/,Apartamento en alquiler en Barcelona Capital en Barcelona Capital por 2.600 €/mes,"Este luminoso y moderno piso se encuentra en excelente estado, completamente amueblado y listo para entrar a vivir de inmediato. Ubicado en la 2ª planta exterior de una finca con ascensor, ofrece comodidad, funcionalidad y tranquilidad en cada rincón, ideal para quienes buscan un hogar acogedor y...",2600,4 0/,75 m²,No indicada,3,1,,,141599,,,,,,,2026-05-26
https://www.pisos.com/alquilar/apartamento-barcelona_capital-59227702618_105600/,Apartamento en alquiler en Barcelona Capital en Barcelona Capital por 2.600 €/mes,"Descubre este precioso ático en alquiler en barcelona, totalmente amueblado y listo para entrar a vivir. Con una terraza amplia y soleada, este piso ofrece un espacio perfecto para disfrutar al aire libre en pleno corazón de la ciudad. El ático cuenta con 1 habitación doble, 1 habitación individ...",2600,8 0/,,No indicada,3,1,,,149254,,,,,,,2026-05-26
https://www.pisos.com/alquilar/apartamento-barcelona_capital-59176352192_105600/,Apartamento en alquiler en Barcelona Capital en Barcelona Capital por 2.600 €/mes,"Piso moderno ubicado en una 3ra planta, totalmente amueblado de 3 dormitorios (2 con cama king size, 1 habitacion mediana) y la cocina totalmente equipada (horno, vitroceramica) consta de balcón y espacio de trabajo en cada dormitorio. Disponible el dia 10 de noviembre 2025! características: ...",2600,2 0/,,No indicada,3,1,,,90084,,,,,,,2026-05-26
https://www.pisos.com/alquilar/apartamento-barcelona_capital-59264502725_105600/,Apartamento en alquiler en Barcelona Capital en Barcelona Capital por 2.600 €/mes,"Les presentamos este hermoso piso de alquiler temporal por 11 meses ubicado en les corts. Perfecto para de estudiantes que esten realizando masters o perfeccionamiento profesional. Excelente piso cuenta con cuatro habitaciones, dos baños con bañera y bidet, amplio salon al frente con vidrios clim...",2600,5 0/,,No indicada,4,2,,,154348,,,,,,,2026-05-26
https://www.pisos.com/alquilar/apartamento-barcelona_capital-59229500315_105600/,Apartamento en alquiler en Barcelona Capital en Barcelona Capital por 2.120 €/mes,"Oi realtor presenta en exclusiva, piso en alquiler situado entre la avenida diagonal y calle córcega, en el distrito eixample izquierdo. A solo tres minutos de la estación de metro provença y a solo siete minutos andando de la estación de metro diagonal. Además, de estar rodeado de todo tipo de c...",2120,5 0/,80 m²,No indicada,3,2,,,62732,,,,,,,2026-05-26
https://www.pisos.com/alquilar/apartamento-barcelona_capital-59170901945_105600/,Apartamento en alquiler en Barcelona Capital en Barcelona Capital por 2.500 €/mes,"Apartamento hermoso muy moderno con vistas panorámicas y únicas a la sagrada familia. Piso totalmente reformado, completamente amueblado y listo para entrar a vivir. Superficie de 65 m². Alquiler de temporada 11 meses maximo. No tiene ascensor. Dispone de una habitación con cama doble y otra con...",2500,5 0/,,No indicada,2,1,,,160082,,,,,,,2026-05-26
https://www.pisos.com/alquilar/piso-ciutat_vella_la_barceloneta08003-58427710301_109200/,Piso en alquiler en La Barceloneta en La Barceloneta por 1.870 €/mes,"The apartment consists of 2 bedrooms with double beds in each and a dressing room or storage room, with a bathroom equipped with a shower. It is located in the attractive barceloneta neighbourhood, just 5 minutes from the beach. This apartment is very well connected and can be easily reached by ...",1870,ciutat vella la barceloneta 1 0/,85 m²,No indicada,,,,,ut1364274,,,Central,,,,2026-05-26
https://www.pisos.com/alquilar/piso-sants_badal-58345285844_109200/,Piso en alquiler en Sants-Badal en Sants-Badal por 1.400 €/mes,"🏡 bright and cozy apartment in vibrant sants, barcelona! 🏡 apartment features 🌟 nestled on the fourth floor, this charming apartment offers a bright, harmonious, and cozy living space in the heart of barcelona''s sants district. The modern design combines comfort with style, creating a warm lo...",1400,sants badal 4 0/,35 m²,No indicada,,,,,ut1522367,,,,,,,2026-05-26
https://www.pisos.com/alquilar/piso-el_raval08001-58348226712_109200/,Piso en alquiler en El Raval en El Raval por 2.800 €/mes,"This brand-new apartment offers a modern, functional, and bright design. It has been thoughtfully designed for comfortable stays and has everything you need to feel at home from day one. Layout spacious and bright living room with contemporary furniture and access to the balcony. Fully equippe...",2800,el raval 2 0/,91 m²,No indicada,,,,,ut1660218,,,,,,,2026-05-26
https://www.pisos.com/alquilar/piso-ciutat_vella_la_barceloneta08003-57580431216_109200/,Piso en alquiler en La Barceloneta en La Barceloneta por 1.800 €/mes,"English-cozy apartment in barceloneta – just 1 minute from the beach summary this cozy apartment will be your perfect home during your stay in barcelona (although you might fall so in love that you won’t want to leave). Designed for a maximum of 3 people, it combines functionality, comfort, and ...",1800,ciutat vella la barceloneta 6 0/,36 m²,No indicada,,,,,ut1222681,,,,,,,2026-05-26
https://www.pisos.com/alquilar/piso-sant_marti_el_poblenou08005-57528293952_109200/,Piso en alquiler en El Poblenou en El Poblenou por 2.300 €/mes,"English-elegant and luxurious apartment with jacuzzi – poblenou, barcelona looking for a modern, bright, and well-located apartment for your temporary stay in barcelona? this recently renovated apartment, decorated in an elegant style, is just a few meters from the beach and in the heart of the ...",2300,sant marti el poblenou 2 0/,70 m²,No indicada,,,,,ut1507148,,,,,,,2026-05-26
https://www.pisos.com/alquilar/piso-ciutat_vella_la_barceloneta08003-57526560118_109200/,Piso en alquiler en La Barceloneta en La Barceloneta por 2.000 €/mes,"English-elegant apartment in barceloneta – just steps from the beach looking for a modern, bright, and recently renovated apartment for your temporary stay in barcelona? this apartment, furnished with high-quality furniture and equipped with all the comforts, is located in the heart of barcelone...",2000,ciutat vella la barceloneta 8 0/,45 m²,No indicada,,,,,ut1552473,,,,,,,2026-05-26
https://www.pisos.com/alquilar/piso-la_nova_esquerra_de_eixample08015-56741844594_109200/,Piso en alquiler en La Nova Esquerra de L'Eixample en La Nova Esquerra de l'Eixample por 3.000 €/mes,"Seasonal apartment in eixample with stunning sunny terrace enjoy the city from this spacious and bright seasonal rental, ideally located in the heart of eixample. With a modern and functional design, this home offers the perfect balance between indoor comfort and outdoor living. It features: 3 do...",3000,la nova esquerra de eixample 4 0/,123 m²,No indicada,,,,,ut1646964,,,,,,,2026-05-26
https://www.pisos.com/alquilar/piso-eixample_sant_antoni08015-55842646979_109200/,Piso en alquiler en Sant Antoni en Sant Antoni por 2.000 €/mes,"Modern 1 bedroom apartment located in central part of barcelona, near famous sant antoni market and walking distance to pl. Catalunya. It is fully furnished and equipped. Apartment has 1 bedroom with double bed and access to lovely balcony living room with comfortable sofa, tv, a nice small balc...",2000,eixample sant antoni 9 0/,65 m²,No indicada,,,,,ut1619317,,,,,,,2026-05-26
https://www.pisos.com/alquilar/piso-vilapicina_la_torre_llobeta08031-55924160213_109200/,Piso en alquiler en Vilapicina-La Torre Llobeta en Vilapicina-La Torre Llobeta por 2.062 €/mes,"Ideal apartment for students, very central with all services at street level, very bright and beautiful views of the city of barcelona, ​​​​it is delivered fully furnished and equipped with everything, bed linen, towels, fully equipped kitchen, equipped bathrooms, etc. , the price varies dependin...",2062,vilapicina la torre llobeta 3 0/,75 m²,No indicada,,,,,ut1548702,,,Central,,,,2026-05-26
https://www.pisos.com/alquilar/piso-el_fort_pienc08013-55848777025_109200/,Piso en alquiler en El Fort Pienc en El Fort Pienc por 2.000 €/mes,"Fully-equipped studio apartment in a co-living building. Enjoy the privacy and comfort of your own apartment, while you also enjoy the common areas to work, study and socialise with your neighbours, and fully experience a community way of living. In this fully automated building, you will have t...",2000,el fort pienc 5 0/,25 m²,No indicada,,,,,ut1349541,,,Central,,,,2026-05-26
https://www.pisos.com/alquilar/piso-sant_marti_el_poblenou08005-55834932446_109200/,Piso en alquiler en El Poblenou en El Poblenou por 3.714 €/mes,"💢💢💢 the apartment in barcelona has 2 bedrooms and has capacity for 4 people. The apartment is 90 m2. The accommodation is equipped with the following items: lift, washing machine, dryer, iron, internet (wi-fi), balcony, electric heating, air-conditioned, 1 tv. In the open plan kitchen, ref...",3714,sant marti el poblenou 6 0/,90 m²,No indicada,,,,,ut1532430,,,,,,,2026-05-26
https://www.pisos.com/alquilar/piso-el_fort_pienc08013-55892614930_109200/,Piso en alquiler en El Fort Pienc en El Fort Pienc por 1.800 €/mes,"Alquiler vacacional precioso inmueble de 40m2 amueblado en alquiler, ubicado en el eixample de barcelona desde donde podrás contar con una perfecta comunicación tanto de transporte público (metro, autobús y tranvía) como de todo tipo de comercios y a muy pocos metros de sagrada familia. Este boni...",1800,el fort pienc 0 0/,40 m²,No indicada,,,,,ut1565011,,,,,,,2026-05-26
https://www.pisos.com/alquilar/piso-el_barri_gotic08002-55917737616_109200/,Piso en alquiler en El Barri Gòtic en El Barri Gòtic por 2.940 €/mes,"3-bedroom apartment in the center of barcelona, very close to la rambla, el born, and barceloneta. It features wi-fi internet connection, air conditioning, and a safe. You will also find a fully equipped kitchen, two bathrooms, and a bright living room with a comfortable sofa, smart tv, tables, ...",2940,el barri gotic 6 0/,80 m²,No indicada,,,,,ut1612648,,,Central,,,,2026-05-26
https://www.pisos.com/alquilar/piso-la_nova_esquerra_de_eixample08015-55905875782_109200/,Piso en alquiler en La Nova Esquerra de L'Eixample en La Nova Esquerra de l'Eixample por 2.935 €/mes,"English-apartment in the heart of barcelona – l’eixample looking for a comfortable, bright, and well-connected place for your temporary stay in barcelona? this spacious apartment, fully furnished and ready to move in, is ideal for stays from 1 to 11 months. Apartment features: maximum capacity:...",2935,la nova esquerra de eixample 2 0/,90 m²,No indicada,,,,,ut1507144,,,Central,,,,2026-05-26
https://www.pisos.com/alquilar/piso-provencals_del_poblenou08020-55932889355_109200/,Piso en alquiler en Provençals del Poblenou en Provençals del Poblenou por 2.700 €/mes,"English-elegant apartment in poblenou – bright, modern and with balcony summary this elegant 3-bedroom apartment, located in poblenou, one of barcelona’s trendiest neighborhoods, offers a comfortable and functional stay in an unbeatable setting. With capacity for up to 4 people, it is perfect fo...",2700,provencals del poblenou 5 0/,80 m²,No indicada,,,,,ut1565119,,,,,,,2026-05-26
https://www.pisos.com/alquilar/piso-eixample_sant_antoni08015-55835690098_109200/,Piso en alquiler en Sant Antoni en Sant Antoni por 2.430 €/mes,"Modern and renovated 2 bedroom apartment near sant antoni market. You can walk only in 10 min to main square plaza catalunya apartment has been designed and prepared to make your stay comfortable. It has 2 double bedrooms, open space kitchen with dining table. Both bedrooms and living room have s...",2430,eixample sant antoni 8 0/,72 m²,No indicada,,,,,ut1637602,,,,,,,2026-05-26
https://www.pisos.com/alquilar/piso-la_sagrada_familia08013-55838168637_109200/,Piso en alquiler en La Sagrada Família en La Sagrada Família por 2.000 €/mes,"Newly renovated 3 bedroom apartment (2 doubles). Located in an ideal area, a few meters from the metro and the glories shopping center. The building has an elevator. The apartment is perfectly equipped with air conditioning and heat pump, kitchen utensils, television, washing machine, hair dryer,...",2000,la sagrada familia 7 0/,110 m²,No indicada,,,,,ut1088088,,,,,,,2026-05-26
https://www.pisos.com/alquilar/casa-el_besos_el_maresme08019-55872066427_109200/,Casa en alquiler en El Besòs-El Maresme en El Besòs-El Maresme por 1.194 €/mes,"🎓 student residence in barcelona with pool and gym!! 🏋️‍♂️🏊‍♀️ utilities = 150 euros per month including evrything ... No surprise 🏠 in addition to the room, there are great communal spaces where you can interact with other residents and feel part of the community. Our communal spaces includ...",1194,el besos el maresme 7 0/,13 m²,No indicada,,,,,ut1534720,,,Central,,,,2026-05-26
https://www.pisos.com/alquilar/piso-el_besos_el_maresme08019-55848426121_109200/,Piso en alquiler en El Besòs-El Maresme en El Besòs-El Maresme por 1.573 €/mes,Student residence in barcelona with pool and gym !! furnished and fully-equipped studio with a focus on your privacy or that of your couple. It includes a range of storage solutions integrated into four optimised and more spacious spaces : study area -close to natural light -desk lamp -desk cha...,1573,el besos el maresme 1 0/,24 m²,No indicada,,,,,ut1534730,,,Central,,,,2026-05-26
https://www.pisos.com/alquilar/casa-el_besos_el_maresme08019-55847835456_109200/,Casa en alquiler en El Besòs-El Maresme en El Besòs-El Maresme por 1.085 €/mes,"🎓 student residence in barcelona with pool and gym!! 🏋️‍♂️🏊‍♀️ utilities = 150 euros per month including evrything ... No surprise 🏠 in addition to the room, there are great communal spaces where you can interact with other residents and feel part of the community. Our communal spaces inclu...",1085,el besos el maresme 6 0/,12 m²,No indicada,,,,,ut1536610,,,Central,,,,2026-05-26
https://www.pisos.com/alquilar/piso-provencals_del_poblenou08020-55922239730_109200/,Piso en alquiler en Provençals del Poblenou en Provençals del Poblenou por 2.600 €/mes,"English-stunning duplex in poblenou – modern, bright and minutes from the beach summary this spectacular duplex apartment in poblenou, one of barcelona’s most vibrant neighborhoods, offers a unique environment to live, work, or enjoy a temporary stay. With capacity for up to 4 people, it has bee...",2600,provencals del poblenou 0 0/,75 m²,No indicada,,,,,ut1507170,,,,,,,2026-05-26
https://www.pisos.com/alquilar/piso-la_vila_olimpica_del_poblenou08005-55929256721_109200/,Piso en alquiler en La Vila Olímpica del Poblenou en La Vila Olímpica del Poblenou por 2.750 €/mes,"Modern 2 bedroom apartment in poblenou with a maximum capacity for 3 people very close to the beach. Area is super nice, super local, you can walk to the beach. The apartment has an equipped kitchen, a spacious living room with a sofa, small table and tv. It has 2 rooms and one bathroom, fully e...",2750,la vila olimpica del poblenou 1 0/,65 m²,No indicada,,,,,ut1000978,,,Central,,,,2026-05-26
https://www.pisos.com/alquilar/piso-sant_andreu_navas08027-55871512610_109200/,Piso en alquiler en Navas en Navas por 2.000 €/mes,"Apartamento en sobreático con terraza privada y vistas espectaculares de la ciudad. Esta acogedora vivienda se distribuye en dos dormitorios, uno matrimonial y otro individual, pensados para ofrecer comodidad y funcionalidad. Cuenta con una cocina práctica y bien equipada, un baño completo y un ...",2000,sant andreu navas 0 0/,85 m²,No indicada,,,,,ut1585668,,,,,,,2026-05-26
https://www.pisos.com/alquilar/piso-el_fort_pienc08013-55861553204_109200/,Piso en alquiler en El Fort Pienc en El Fort Pienc por 1.800 €/mes,"Alquiler vacacional precioso estudio de 40m2 amueblado en alquiler, ubicado en el eixample de barcelona desde donde podrás contar con una perfecta comunicación tanto de transporte público (metro, autobús y tranvía) como de todo tipo de comercios pocos metros de sagrada familia. Este bonito estudi...",1800,el fort pienc 4 0/,40 m²,No indicada,,,,,ut1537232,,,,,,,2026-05-26
https://www.pisos.com/alquilar/piso-el_raval08001-55870116135_109200/,Piso en alquiler en El Raval en El Raval por 2.700 €/mes,Enjoy the comforts & convenience while staying at this cozy 60m2 home with quirky decor and all amenities - right in the heart of barcelona. Conveniently located in el raval and only a 10-15min stroll from all major districts. Lose yourself in the center of action while retreating to your quiet ...,2700,el raval 5 0/,62 m²,No indicada,,,,,ut1268735,,,Central,,,,2026-05-26
https://www.pisos.com/alquilar/piso-la_vila_de_gracia08024-55841797097_109200/,Piso en alquiler en La Vila de Gràcia en La Vila de Gràcia por 2.400 €/mes,"Located in a quiet and well-connected area, this apartment is perfect for those looking for comfort and space. It consists of: 2 double bedrooms for a comfortable rest. Spacious dining room to enjoy meals and family moments. Full bathroom with all services. Open and fully equipped kitchen. The a...",2400,la vila de gracia 7 0/,75 m²,No indicada,,,,,ut1601628,,,,,,,2026-05-26
https://www.pisos.com/alquilar/piso-el_raval08001-55887081680_109200/,Piso en alquiler en El Raval en El Raval por 2.350 €/mes,"Beautiful apartment in the city center a cozy and spacious two-room apartment is available for rent, located in the very heart of the city. This apartment is ideal for both family living and business trips. Description: - location: central district of the city, close to supermarkets, restaurant...",2350,el raval 0 0/,40 m²,No indicada,,,,,ut1520574,,,,,,,2026-05-26
https://www.pisos.com/alquilar/piso-el_barri_gotic08002-55838777146_109200/,Piso en alquiler en El Barri Gòtic en El Barri Gòtic por 1.970 €/mes,"2-bedroom apartment in the center of barcelona, very close to la rambla, el born and barceloneta. It has wi-fi internet connection, air conditioning and a safe. You will also find a fully equipped kitchen, a bathroom and a bright living room with a comfortable sofa, smart tv, tables and chairs. ...",1970,el barri gotic 6 0/,70 m²,No indicada,,,,,ut1569132,,,Central,,,,2026-05-26
https://www.pisos.com/alquilar/piso-el_putxet_el_farro08022-55895976299_109200/,Piso en alquiler en El Putxet-El Farró en El Putxet-El Farró por 2.600 €/mes,"Apartamento soleado y espacioso en la zona alta de barcelona bienvenido a este encantador apartamento situado en la prestigiosa zona alta de barcelona. Con tres habitaciones, dos individuales y una doble, este luminoso apartamento es perfecto para familias, parejas o grupos de amigos que deseen ...",2600,el putxet el farro 9 0/,110 m²,No indicada,,,,,ut1492868,,,,,,,2026-05-26
https://www.pisos.com/alquilar/piso-el_camp_de_arpa_del_clot08026-55926920083_109200/,Piso en alquiler en El Camp de L'Arpa del Clot en El Camp de l'Arpa del Clot por 2.950 €/mes,"English-apartment mallorca – elegant and bright with 3 bedrooms and 2 bathrooms in barcelona’s eixample – monthly rental looking for a central, bright, and well-connected apartment for your temporary stay in barcelona? this impressive apartment in the heart of the eixample, just steps away from ...",2950,el camp de arpa del clot 3 0/,100 m²,No indicada,,,,,ut1274986,,,,,,,2026-05-26
https://www.pisos.com/alquilar/piso-el_raval08001-55854633503_109200/,Piso en alquiler en El Raval en El Raval por 2.333 €/mes,"Beautiful spacious 3 bed top floor apt 10 minutes to la rambla, flooded with light & stunning views of the city, montjuic park & the port of barcelona. Modernised & fully equipped for longer stays this apartment has a tasteful neutral decor, wooden floors throughout and two balconies. With tren...",2333,el raval 3 0/,85 m²,No indicada,,,,,ut1013733,,,,,,,2026-05-26
https://www.pisos.com/alquilar/estudio-el_fort_pienc-64246411887_104700/,Estudio en alquiler en El Fort Pienc en El Fort Pienc por 1.500 €/mes,"Reservas e inquietudes tipo de alojamiento - alojamiento entero términos y condiciones de alojamiento: - fecha de disponibilidad: 07/07/2026 - duración mínima del alquiler: 32 días - máximo de huéspedes: 2 - todas las facturas incluidas: no, para obtener más información visite el sitio web - a...",1500,estudio el fort pienc 7 0/,27 m²,No indicada,,1,,,139349_20260508,,,,,,,2026-05-26
https://www.pisos.com/alquilar/estudio-el_fort_pienc-64171778610_104700/,Estudio en alquiler en El Fort Pienc en El Fort Pienc por 1.100 €/mes,"Reservas e inquietudes tipo de alojamiento - alojamiento entero términos y condiciones de alojamiento: - fecha de disponibilidad: 21/06/2026 - duración mínima del alquiler: 32 días - máximo de huéspedes: 1 - todas las facturas incluidas: sí, para obtener más información visite el sitio web - a...",1100,estudio el fort pienc 0 0/,18 m²,No indicada,,1,,,132433_20260507,,,,,,,2026-05-26
https://www.pisos.com/alquilar/estudio-el_fort_pienc-63426939572_104700/,Estudio en alquiler en El Fort Pienc en El Fort Pienc por 1.500 €/mes,"Reservas e inquietudes tipo de alojamiento - alojamiento entero términos y condiciones de alojamiento: - fecha de disponibilidad: 03/07/2026 - duración mínima del alquiler: 32 días - máximo de huéspedes: 4 - todas las facturas incluidas: sí, para obtener más información visite el sitio web - a...",1500,estudio el fort pienc 2 0/,40 m²,No indicada,,1,,,735323,,,,,,,2026-05-26
https://www.pisos.com/alquilar/estudio-el_camp_de_arpa_del_clot-62569551984_104700/,Estudio en alquiler en El Camp de L'Arpa del Clot en El Camp de l'Arpa del Clot por 1.630 €/mes,"Reservas e inquietudes tipo de alojamiento - alojamiento entero términos y condiciones de alojamiento: - fecha de disponibilidad: 20/08/2026 - duración mínima del alquiler: 32 días - máximo de huéspedes: 2 - todas las facturas incluidas: no, para obtener más información visite el sitio web - a...",1630,estudio el camp de arpa del clot 4 0/,28 m²,No indicada,,1,,,558728,,,,,,,2026-05-26
https://www.pisos.com/alquilar/piso-sant_andreu_la_sagrera-64174507163_104700/,Piso en alquiler en La Sagrera en La Sagrera por 1.650 €/mes,"Reservas e inquietudes tipo de alojamiento - alojamiento entero términos y condiciones de alojamiento: - fecha de disponibilidad: 14/06/2026 - duración mínima del alquiler: 32 días - máximo de huéspedes: 3 - todas las facturas incluidas: no, para obtener más información visite el sitio web - a...",1650,sant andreu la sagrera 3 0/,50 m²,No indicada,2,1,,,868247_20260525,,,,,,,2026-05-26
https://www.pisos.com/alquilar/loft-eixample_sant_antoni08011-60839468259_101800/,Loft en alquiler en Sant Antoni en Sant Antoni por 1.100 €/mes,"Descubre este encantador estudio en alquiler en el corazón de barcelona! situado en una ubicación inmejorable este estudio combina lo mejor de la modernidad con el encanto tradicional de la ciudad, ofreciendo un ambiente acogedor y cómodo. Con 28 m² construidos y 20 m² útiles, este espacio se de...",1100,eixample sant antoni 9 0/,29 m²,No indicada,,,1ª,,I-04849F-W-04849F,,,Central,,,,2026-05-26
https://www.pisos.com/alquilar/apartamento-barcelona_capital-59244105120_105600/,Apartamento en alquiler en Barcelona Capital en Barcelona Capital por 2.100 €/mes,"Hermoso piso muy luminoso perfecto para estudiantes, muy luminoso recien renovado. Amplias habitaciones con armario, piso totamente equipado y amueblado. Excelente comunicacion a 3 minutos de la estación del norte, cabecera de gran número de líneas de autobús de largo recorrido. Es punto de enlac...",2100,0 0/,,No indicada,3,1,,,155184,,,,,,,2026-05-26
https://www.pisos.com/alquilar/apartamento-barcelona_capital-59192088986_105600/,Apartamento en alquiler en Barcelona Capital en Barcelona Capital por 1.750 €/mes,"Piso a estrenar recién reformado y completamente amueblado en la calle balmes cerca de plaza molina. El apartamento dispone de 2 habitaciones dobles equipadas con sistema individual de aire acondicionado/calefacción, tv, armarios y escritorio de trabajo. El salón cuenta con cocina abierta equipad...",1750,6 0/,,No indicada,2,1,,,112738,,,,,,,2026-05-26
https://www.pisos.com/alquilar/apartamento-barcelona_capital-59259747602_105600/,Apartamento en alquiler en Barcelona Capital en Barcelona Capital por 3.500 €/mes,"esta finca señorial destaca por su elegancia, techos altos y un ambiente de tranquilidad excepcional. Con pocos vecinos y bañada por luz natural durante todo el día, ofrece un refugio sereno en el corazón de barcelona. El ático, cuidadosamente restaurado, ocupa el último piso de una finca ...",3500,2 0/,,No indicada,3,2,,,166288,,,,,,,2026-05-26
https://www.pisos.com/alquilar/apartamento-barcelona_capital-59241431062_105600/,Apartamento en alquiler en Barcelona Capital en Barcelona Capital por 1.750 €/mes,"Luminoso y con encanto unico encontraras con este piso de 2 habitaciones en el histórico el born – alquiler temporal piso precioso muy luminoso todo exterior, totalmente reformado, situado en uno de los barrios más icónicos de barcelona. En una calle tranquila de el born, estarás a un paso del ...",1750,2 0/,,No indicada,2,1,,,156533,,,,,,,2026-05-26
https://www.pisos.com/alquilar/apartamento-barcelona_capital-59259039523_105600/,Apartamento en alquiler en Barcelona Capital en Barcelona Capital por 1.500 €/mes,Hermoso loft totalmente reformado sin muebles listo para entrar a vivir con aire acondicionado y calefacción. Suelos de parquet y diseño moderno. Ideal para parejas o para compartir dos personas. Patio grande con mucha tranquilidad y localizado en una calle interna que no hay trafico ni ruidos. C...,1500,3 0/,,No indicada,2,1,,,154725,,,,,,,2026-05-26
https://www.pisos.com/alquilar/apartamento-barcelona_capital-59171716325_105600/,Apartamento en alquiler en Barcelona Capital en Barcelona Capital por 2.000 €/mes,"última planta y esquinero. Tranquilidad y vistas excepcionales, a solo 10 minutos a pie del barrio de gracia. El piso tiene 100 metros cuadrados y cuenta con una terraza de 60 metros. Es muy luminoso, con techos altos y todo exterior, excepto una habitación y los baños, que dan a un patio interi...",2000,5 0/,120 m²,No indicada,3,2,,,125503,,,,,,,2026-05-26
https://www.pisos.com/alquilar/apartamento-barcelona_capital-59228087323_105600/,Apartamento en alquiler en Barcelona Capital en Barcelona Capital por 1.750 €/mes,"Oi real estate presenta en exclusiva, hermoso piso con una superficie de 85​m², en carrer del miracle, sants barcelona, cerca de avda. De roma y de la estación de sants. Muy bien comunicado transporte público, metro (l1 y l5), ferrocarriles, autobús y tren. El barrio cuenta con numerosos comercio...",1750,3 0/,85 m²,No indicada,3,2,,,76924,,,,,,,2026-05-26
https://www.pisos.com/alquilar/piso-la_sagrada_familia08013-57546783203_109200/,Piso en alquiler en La Sagrada Família en La Sagrada Família por 1.900 €/mes,"💢💢💢 we offer you apartments with high standards of comfort, you will live in spaces that will allow you to enjoy life in the heart of the cities of madrid and barcelona. All our apartments are double and large. They have a bed, wardrobe, desk, tv, storage space, and bathroom. This property ...",1900,la sagrada familia 3 0/,55 m²,No indicada,,,,,ut1493610,,,,,,,2026-05-26
https://www.pisos.com/alquilar/piso-el_putxet_el_farro08022-56735084161_109200/,Piso en alquiler en El Putxet-El Farró en El Putxet-El Farró por 3.000 €/mes,"English- apartment mirland – spacious and bright with 4 bedrooms and 2 bathrooms in barcelona’s upper area are you looking for a large, well-located apartment for a temporary stay in barcelona? this modern and fully equipped penthouse in barcelona’s prestigious upper area, furnished and ready t...",3000,el putxet el farro 1 0/,140 m²,No indicada,,,,,ut1185503,,,Central,,,,2026-05-26
https://www.pisos.com/alquilar/piso-eixample_sant_antoni08015-56729371056_109200/,Piso en alquiler en Sant Antoni en Sant Antoni por 2.000 €/mes,"Modern two bedroom apartment located in central part of barcelona, near famous sant antoni market and walking distance to pl. Catalunya. It is fully furnished and equipped. Apartment has 1 bedroom with double bed and access to lovely balcony to enjoy some sun , living room with comfortable sofa, ...",2000,eixample sant antoni 6 0/,70 m²,No indicada,,,,,ut1651608,,,,,,,2026-05-26
https://www.pisos.com/alquilar/piso-eixample_sant_antoni08015-56673354569_109200/,Piso en alquiler en Sant Antoni en Sant Antoni por 2.050 €/mes,"Modern two bedroom apartment located in central part of barcelona, near famous sant antoni market and walking distance to pl. Catalunya. It is fully furnished and equipped. Apartment has 1 bedroom with double bed and access to lovely balcony to enjoy some sun , living room with comfortable sofa, ...",2050,eixample sant antoni 9 0/,70 m²,No indicada,,,,,ut1651607,,,,,,,2026-05-26
https://www.pisos.com/alquilar/apartamento-barcelona_capital-59187632798_105600/,Apartamento en alquiler en Barcelona Capital en Barcelona Capital por 1.890 €/mes,Piso nuevo a estrenar de dos habitaciones y dos baños con balcón y salón amplio muy bien ubicado características: - tipo de inmueble: piso - estado: muy bien - amueblado: sí - consumo energía: g 999 kw h m² / año - emisiones: g 999 kg co₂ m² / año,1890,8 0/,,No indicada,2,2,,,114015,,,,,,,2026-05-26
https://www.pisos.com/alquilar/estudio-el_baix_guinardo-62553952271_100500/,Estudio en alquiler en Carrer de Praga en El Baix Guinardó por 850 €/mes,"Estudio en alquiler en el baix guinardó, apto para máximo dos personas. Se hace estudio de solvencia",850,estudio el baix guinardo 1 0/,40 m²,38 m²,,1,Bajo,,EXP13452/8930,,,,,,,2026-05-26
https://www.pisos.com/alquilar/piso-el_raval08001-64178864691_109200/,Piso en alquiler en El Raval en El Raval por 1.800 €/mes,"Completely renovated and beautifully decorated. Two bedrooms with two double beds each, one with a balcony. Lovely bathroom and air conditioning (heating and cooling). Keypad entry. Unlimited wi-fi. Fully equipped kitchen with all appliances and utensils. Ideally located 15 minutes from plaça cat...",1800,el raval 1 0/,45 m²,No indicada,,,,,ut1711664,,,,,,,2026-05-26
https://www.pisos.com/alquilar/piso-el_raval08001-64237386772_109200/,Piso en alquiler en El Raval en El Raval por 1.650 €/mes,Completely renovated and beautifully decorated. One bedroom with a double bed and a balcony. Office with a single sofa bed (ideal for a child or teenager). Lovely bathroom and air conditioning (heating and cooling). Keypad entry. Unlimited wi-fi. Large kitchen/living room fully equipped with all ...,1650,el raval 2 0/,45 m²,No indicada,,,,,ut1711681,,,,,,,2026-05-26
https://www.pisos.com/alquilar/piso-sant_pere_santa_caterina_la_ribera08003-64224189270_109200/,Piso en alquiler en Sant Pere-Santa Caterina-La Ribera en Sant Pere-Santa Caterina-La Ribera por 1.670 €/mes,"Seasonal rental for leisure or holiday purposes only – min. 32 days max. 11 months this apartment is exclusively available for temporary stays related to leisure, holidays, recreational or cultural activities such as congresses, fairs or festivals. The minimum stay is 32 days and the maximum is ...",1670,sant pere santa caterina la ribera 0 0/,85 m²,No indicada,,,,,ut980212,,,,,,,2026-05-26
https://www.pisos.com/alquilar/piso-el_raval08001-64174048031_109200/,Piso en alquiler en El Raval en El Raval por 1.369 €/mes,"Please read the rental conditions before booking the apartment serviced apartment membership this offer includes access to our serviced apartment membership, designed to provide a well-managed, multilingual rental experience with streamlined administration and digital convenience throughout yo...",1369,el raval 1 0/,67 m²,No indicada,,,,,ut1114725,,,Central,,,,2026-05-26
https://www.pisos.com/alquilar/piso-el_raval08001-64193508927_109200/,Piso en alquiler en El Raval en El Raval por 1.110 €/mes,"Seasonal rental for leisure or holiday purposes only – min. 32 days max. 11 months this apartment is exclusively available for temporary stays related to leisure, holidays, recreational or cultural activities such as congresses, fairs or festivals. The minimum stay is 32 days and the maximum is ...",1110,el raval 7 0/,30 m²,No indicada,,,,,ut1383348,,,,,,,2026-05-26
https://www.pisos.com/alquilar/piso-el_fort_pienc08013-64191147440_109200/,Piso en alquiler en El Fort Pienc en El Fort Pienc por 1.500 €/mes,"Tastefully renovated, modern and elegant apartment with a small interior patio in a completely restored historical building. Amazing roof and vintage brick walls, wooden floors, high quality modern furniture, full modern kitchen and a private patio for an unforgettable authentic barcelona holiday...",1500,el fort pienc 0 0/,33 m²,No indicada,,,,,ut817202,,,,,,,2026-05-26
https://www.pisos.com/alquilar/piso-el_raval08001-64220677473_109200/,Piso en alquiler en El Raval en El Raval por 1.200 €/mes,"Available for 32 days - 11 months, contract for one season! do you want to have breakfast every day near the most famous market in barcelona? this beautiful 2 bedroom apartment is located right next to the famous la boqueria market. Unbeatable location, in the heart of the city, very well connec...",1200,el raval 3 0/,47 m²,No indicada,,,,,ut1091185,,,Central,,,,2026-05-26
https://www.pisos.com/alquilar/piso-sant_pere_santa_caterina_la_ribera08003-64178304497_109200/,Piso en alquiler en Sant Pere-Santa Caterina-La Ribera en Sant Pere-Santa Caterina-La Ribera por 1.533 €/mes,Spacious post industrial open space beautiful apartment in the heart of born. This flat has a unique taste and was recently reformed and furnished. Just some minutes walk from the metro station of jaume i but also very close to the famous parc de la cituadella. It has one double bedroom and an o...,1533,sant pere santa caterina la ribera 7 0/,72 m²,No indicada,,,,,ut862472,,,Central,,,,2026-05-26
https://www.pisos.com/alquilar/piso-sant_pere_santa_caterina_la_ribera08003-64236682255_109200/,Piso en alquiler en Sant Pere-Santa Caterina-La Ribera en Sant Pere-Santa Caterina-La Ribera por 2.000 €/mes,"Seasonal rental for leisure or holiday purposes only – min. 32 days max. 11 months this apartment is exclusively available for temporary stays related to leisure, holidays, recreational or cultural activities such as congresses, fairs or festivals. The minimum stay is 32 days and the maximum is ...",2000,sant pere santa caterina la ribera 5 0/,87 m²,No indicada,,,,,ut1058702,,,,,,,2026-05-26
https://www.pisos.com/alquilar/piso-el_poble_sec08004-64262132409_109200/,Piso en alquiler en El Poble-Sec en El Poble-sec por 1.343 €/mes,"Luxurious apartment just renovated with modern furnishings, it has two bedrooms and is located in the heart of barcelona only two steps from the metro stop poble sec but especially a 5-minute walk from the famous plaça espanya! it is ideal for roommates, students or professionals on temporary emp...",1343,el poble sec 9 0/,69 m²,No indicada,,,,,ut763795,,,,,,,2026-05-26
https://www.pisos.com/alquilar/piso-el_clot08026-64234189491_109200/,Piso en alquiler en El Clot en El Clot por 1.700 €/mes,"Seasonal rental for leisure or holiday purposes only – min. 32 days max. 11 months this apartment is exclusively available for temporary stays related to leisure, holidays, recreational or cultural activities such as congresses, fairs or festivals. The minimum stay is 32 days and the maximum is ...",1700,el clot 1 0/,70 m²,No indicada,,,,,ut761155,,,Central,,,,2026-05-26
https://www.pisos.com/alquilar/piso-el_raval08001-64225089582_109200/,Piso en alquiler en El Raval en El Raval por 1.923 €/mes,"Do you want to have your breakfast every day fresh from barcelona`s most famous market? this beautiful 5 -bedroom apartment is located just next to the famous la boqueria market. Unbeatable location, in the heart of the city, very well connected by public transportation. The apartment has 5 bedr...",1923,el raval 2 0/,119 m²,No indicada,,,,,ut1090695,,,,,,,2026-05-26
https://www.pisos.com/alquilar/piso-sant_pere_santa_caterina_la_ribera08003-64226217223_109200/,Piso en alquiler en Sant Pere-Santa Caterina-La Ribera en Sant Pere-Santa Caterina-La Ribera por 1.190 €/mes,"This apartment recently renovated and decorated in a very cozy and pleasant style, is a jewel in a little street right next to the santa maria del mar church in born (ciutat vella). You can almost feel that the historic buildings around it speak of the ancestors in this very old part of the city....",1190,sant pere santa caterina la ribera 3 0/,55 m²,No indicada,,,,,ut1572241,,,,,,,2026-05-26
https://www.pisos.com/alquilar/piso-sant_marti_el_poblenou08005-64233830529_109200/,Piso en alquiler en El Poblenou en El Poblenou por 2.780 €/mes,"Seasonal rental for leisure or holiday purposes only – min. 32 days max. 11 months this apartment is exclusively available for temporary stays related to leisure, holidays, recreational or cultural activities such as congresses, fairs or festivals. The minimum stay is 32 days and the maximum is...",2780,sant marti el poblenou 9 0/,129 m²,No indicada,,,,,ut1256267,,,,,,,2026-05-26
https://www.pisos.com/alquilar/piso-el_raval08001-64199293964_109200/,Piso en alquiler en El Raval en El Raval por 1.923 €/mes,"Do you want to have your breakfast every day fresh from barcelona`s most famous market? this beautiful 5 -bedroom apartment is located just next to the famous la boqueria market. Unbeatable location, in the heart of the city, very well connected by public transportation. The apartment has 5 bedr...",1923,el raval 4 0/,119 m²,No indicada,,,,,ut979448,,,,,,,2026-05-26
https://www.pisos.com/alquilar/piso-el_barri_gotic08002-64182344641_109200/,Piso en alquiler en El Barri Gòtic en El Barri Gòtic por 1.849 €/mes,"Luxurious apartment in historic barcelona 🏡✨ 🏙️ apartment overview step into a beautifully designed luxury apartment in the heart of barcelona''s historic district! located on the iconic carrer de la portaferrissa, just 100 meters from las ramblas and 200 meters from the stunning cathedral, thi...",1849,el barri gotic 1 0/,69 m²,No indicada,,,,,ut1522365,,,Central,,,,2026-05-26
https://www.pisos.com/alquilar/piso-el_fort_pienc08013-64248682908_109200/,Piso en alquiler en El Fort Pienc en El Fort Pienc por 2.000 €/mes,"Fully-equipped studio apartment in a co-living building. Enjoy the privacy and comfort of your own apartment, while you also enjoy the common areas to work, study and socialise with your neighbours, and fully experience a community way of living. In this fully automated building, you will have t...",2000,el fort pienc 8 0/,25 m²,No indicada,,,,,ut1349562,,,Central,,,,2026-05-26
https://www.pisos.com/alquilar/piso-el_barri_gotic08002-64172073057_109200/,Piso en alquiler en El Barri Gòtic en El Barri Gòtic por 1.946 €/mes,"Alquiler temporal en barcelona (32 días a 12 meses) esta vivienda se ofrece en régimen de alquiler de temporada (uso no habitual), destinado exclusivamente a personas que acrediten una necesidad temporal de alojamiento, tales como: -profesionales desplazados temporalmente por motivos laborales...",1946,el barri gotic 7 0/,78 m²,No indicada,,,,,ut1708801,,,Central,,,,2026-05-26
https://www.pisos.com/alquilar/piso-sant_pere_santa_caterina_la_ribera08003-64215498291_109200/,Piso en alquiler en Sant Pere-Santa Caterina-La Ribera en Sant Pere-Santa Caterina-La Ribera por 2.480 €/mes,"Seasonal rental for leisure or holiday purposes only – min. 32 days max. 11 months this apartment is exclusively available for temporary stays related to leisure, holidays, recreational or cultural activities such as congresses, fairs or festivals. The minimum stay is 32 days and the maximum is ...",2480,sant pere santa caterina la ribera 1 0/,120 m²,No indicada,,,,,ut1077246,,,,,,,2026-05-26
https://www.pisos.com/alquilar/piso-el_barri_gotic08002-64180572536_109200/,Piso en alquiler en El Barri Gòtic en El Barri Gòtic por 2.310 €/mes,"Seasonal rental for leisure or holiday purposes only – min. 32 days max. 11 months this apartment is exclusively available for temporary stays related to leisure, holidays, recreational or cultural activities such as congresses, fairs or festivals. The minimum stay is 32 days and the maximum is ...",2310,el barri gotic 6 0/,130 m²,No indicada,,,,,ut1076692,,,,,,,2026-05-26
https://www.pisos.com/alquilar/piso-el_camp_de_arpa_del_clot08026-64190241226_109200/,Piso en alquiler en El Camp de L'Arpa del Clot en El Camp de l'Arpa del Clot por 1.720 €/mes,"Seasonal rental for leisure or holiday purposes only – min. 32 days max. 11 months this apartment is exclusively available for temporary stays related to leisure, holidays, recreational or cultural activities such as congresses, fairs or festivals. The minimum stay is 32 days and the maximum is ...",1720,el camp de arpa del clot 6 0/,80 m²,No indicada,,,,,ut761456,,,,,,,2026-05-26
https://www.pisos.com/alquilar/piso-el_barri_gotic08002-64169005362_109200/,Piso en alquiler en El Barri Gòtic en El Barri Gòtic por 2.300 €/mes,"Seasonal rental for leisure or holiday purposes only – min. 32 days max. 11 months this apartment is exclusively available for temporary stays related to leisure, holidays, recreational or cultural activities such as congresses, fairs or festivals. The minimum stay is 32 days and the maximum is ...",2300,el barri gotic 2 0/,130 m²,No indicada,,,,,ut1076693,,,Central,,,,2026-05-26
https://www.pisos.com/alquilar/piso-el_barri_gotic08002-64173735004_109200/,Piso en alquiler en El Barri Gòtic en El Barri Gòtic por 2.200 €/mes,"Seasonal rental for leisure or holiday purposes only – min. 32 days max. 11 months this apartment is exclusively available for temporary stays related to leisure, holidays, recreational or cultural activities such as congresses, fairs or festivals. The minimum stay is 32 days and the maximum is ...",2200,el barri gotic 4 0/,130 m²,No indicada,,,,,ut1055640,,,,,,,2026-05-26
https://www.pisos.com/alquilar/piso-el_raval08001-64201022449_109200/,Piso en alquiler en El Raval en El Raval por 1.260 €/mes,"Seasonal rental– min. 32 days max. 11 months this property is exclusively available for temporary stays related to leisure, holidays, recreational or cultural activities such as congresses, fairs or festivals, as well as short-term work or study stays. The minimum stay is 32 days and the maximum...",1260,el raval 9 0/,83 m²,No indicada,,,,,ut1683056,,,Central,,,,2026-05-26
https://www.pisos.com/alquilar/piso-el_raval08001-64243488791_109200/,Piso en alquiler en El Raval en El Raval por 1.110 €/mes,"Seasonal rental – min. 32 days max. 11 months modern and cozy 40 m2 space, ready to move in. It features a bedroom with a double bed, a spacious bathroom with a shower, and an open-plan living and dining area with tv and integrated kitchen. The space is fully furnished and equipped with essentia...",1110,el raval 1 0/,40 m²,No indicada,,,,,ut1577903,,,,,,,2026-05-26
https://www.pisos.com/alquilar/piso-sant_pere_santa_caterina_la_ribera08003-64222662976_109200/,Piso en alquiler en Sant Pere-Santa Caterina-La Ribera en Sant Pere-Santa Caterina-La Ribera por 1.355 €/mes,"Seasonal rental for leisure or holiday purposes only – min. 32 days max. 11 months this apartment is exclusively available for temporary stays related to leisure, holidays, recreational or cultural activities such as congresses, fairs or festivals. The minimum stay is 32 days and the maximum is ...",1355,sant pere santa caterina la ribera 6 0/,50 m²,No indicada,,,,,ut761523,,,,,,,2026-05-26
https://www.pisos.com/alquilar/piso-el_raval08001-64221336113_109200/,Piso en alquiler en El Raval en El Raval por 945 €/mes,"Seasonal rental for leisure or holiday purposes only – min. 32 days max. 11 months this apartment is exclusively available for temporary stays related to leisure, holidays, recreational or cultural activities such as congresses, fairs or festivals. The minimum stay is 32 days and the maximum is ...",945,el raval 3 0/,30 m²,No indicada,,,,,ut760844,,,,,,,2026-05-26
https://www.pisos.com/alquilar/piso-el_raval08001-64214177135_109200/,Piso en alquiler en El Raval en El Raval por 1.490 €/mes,"Seasonal rental for leisure or holiday purposes only – min. 32 days max. 11 months this apartment is exclusively available for temporary stays related to leisure, holidays, recreational or cultural activities such as congresses, fairs or festivals. The minimum stay is 32 days and the maximum is ...",1490,el raval 5 0/,65 m²,No indicada,,,,,ut1147326,,,,,,,2026-05-26
https://www.pisos.com/alquilar/piso-el_raval08001-64197062943_109200/,Piso en alquiler en El Raval en El Raval por 1.800 €/mes,"Seasonal rental for leisure or holiday purposes only – min. 32 days max. 11 months this apartment is exclusively available for temporary stays related to leisure, holidays, recreational or cultural activities such as congresses, fairs or festivals. The minimum stay is 32 days and the maximum is ...",1800,el raval 3 0/,97 m²,No indicada,,,,,ut1080399,,,,,,,2026-05-26
https://www.pisos.com/alquilar/piso-el_raval08001-64228116651_109200/,Piso en alquiler en El Raval en El Raval por 1.140 €/mes,"Seasonal rental for leisure or holiday purposes only – min. 32 days max. 11 months this apartment is exclusively available for temporary stays related to leisure, holidays, recreational or cultural activities such as congresses, fairs or festivals. The minimum stay is 32 days and the maximum is ...",1140,el raval 1 0/,40 m²,No indicada,,,,,ut1274938,,,,,,,2026-05-26
https://www.pisos.com/alquilar/piso-sants_montjuic_hostafrancs08014-64210871646_109200/,Piso en alquiler en Hostafrancs en Hostafrancs por 1.640 €/mes,"Seasonal rental for leisure or holiday purposes only – min. 32 days max. 11 months this apartment is exclusively available for temporary stays related to leisure, holidays, recreational or cultural activities such as congresses, fairs or festivals. The minimum stay is 32 days and the maximum is ...",1640,sants montjuic hostafrancs 6 0/,45 m²,No indicada,,,,,ut761457,,,,,,,2026-05-26
https://www.pisos.com/alquilar/piso-el_raval08001-64239590722_109200/,Piso en alquiler en El Raval en El Raval por 900 €/mes,"Seasonal rental for leisure or holiday purposes only – min. 32 days max. 11 months this apartment is exclusively available for temporary stays related to leisure, holidays, recreational or cultural activities such as congresses, fairs or festivals. The minimum stay is 32 days and the maximum is ...",900,el raval 2 0/,30 m²,No indicada,,,,,ut1668360,,,,,,,2026-05-26
https://www.pisos.com/alquilar/piso-el_raval08001-64258447415_109200/,Piso en alquiler en El Raval en El Raval por 1.490 €/mes,"Seasonal rental for leisure or holiday purposes only – min. 32 days max. 11 months this apartment is exclusively available for temporary stays related to leisure, holidays, recreational or cultural activities such as congresses, fairs or festivals. The minimum stay is 32 days and the maximum is ...",1490,el raval 5 0/,65 m²,No indicada,,,,,ut1147328,,,,,,,2026-05-26
https://www.pisos.com/alquilar/piso-el_raval08001-64201417048_109200/,Piso en alquiler en El Raval en El Raval por 1.490 €/mes,"Seasonal rental for leisure or holiday purposes only – min. 32 days max. 11 months this apartment is exclusively available for temporary stays related to leisure, holidays, recreational or cultural activities such as congresses, fairs or festivals. The minimum stay is 32 days and the maximum is ...",1490,el raval 8 0/,65 m²,No indicada,,,,,ut1145200,,,,,,,2026-05-26
https://www.pisos.com/alquilar/piso-el_barri_gotic08002-64207927102_109200/,Piso en alquiler en El Barri Gòtic en El Barri Gòtic por 2.200 €/mes,"Seasonal rental for leisure or holiday purposes only – min. 32 days max. 11 months this apartment is exclusively available for temporary stays related to leisure, holidays, recreational or cultural activities such as congresses, fairs or festivals. The minimum stay is 32 days and the maximum is ...",2200,el barri gotic 2 0/,130 m²,No indicada,,,,,ut1055641,,,,,,,2026-05-26
https://www.pisos.com/alquilar/piso-el_raval08001-64195935570_109200/,Piso en alquiler en El Raval en El Raval por 990 €/mes,"Seasonal rental for leisure or holiday purposes only – min. 32 days max. 11 months this apartment is exclusively available for temporary stays related to leisure, holidays, recreational or cultural activities such as congresses, fairs or festivals. The minimum stay is 32 days and the maximum is ...",990,el raval 0 0/,40 m²,No indicada,,,,,ut760852,,,,,,,2026-05-26
https://www.pisos.com/alquilar/piso-el_raval08001-64265192564_109200/,Piso en alquiler en El Raval en El Raval por 1.110 €/mes,"Seasonal rental for leisure or holiday purposes only – min. 32 days max. 11 months this apartment is exclusively available for temporary stays related to leisure, holidays, recreational or cultural activities such as congresses, fairs or festivals. The minimum stay is 32 days and the maximum is ...",1110,el raval 4 0/,30 m²,No indicada,,,,,ut1325008,,,,,,,2026-05-26
https://www.pisos.com/alquilar/piso-el_raval08001-64204344023_109200/,Piso en alquiler en El Raval en El Raval por 1.399 €/mes,"Recién reformado por completo con precios baño y aa frío/calor entrada con teclado. Wi-fi ilimitado cocina equipada con todos los electrodomésticos y utensilios goza de una ubicación ideal a 15 minutos de plaza cataluña, a 10 de la boquería. Hay numerosas tiendas, restaurantes, cafeterías, una bi...",1399,el raval 3 0/,26 m²,No indicada,,,,,ut1663873,,,,,,,2026-05-26
https://www.pisos.com/alquilar/piso-sants_montjuic_sants08028-64169280440_109200/,Piso en alquiler en Sants en Sants por 850 €/mes,Se alquila estudio para una persona alquiler ideal estudiantes trabajadores erasmus medicos cerca del metro autobuses y tranvias zona muy comercial con todo tipo de tiendas y comercios cerca de parada de bicing. Totalmente equipado con aire acondicionado exterior ventanas de aluminio muebles d...,850,sants montjuic sants 0 0/,25 m²,No indicada,,,,,ut1623294,,,,,,,2026-05-26
https://www.pisos.com/alquilar/piso-el_poble_sec08004-64209425426_109200/,Piso en alquiler en El Poble-Sec en El Poble-sec por 2.300 €/mes,"Located on the 2nd floor of a traditional building in poble sec, poeta is a bright, practical one-bedroom apartment that feels like a real home. It strikes a balance between classic barcelona character and a fresh, modern aesthetic, making it an ideal base for anyone looking for a comfortable and...",2300,el poble sec 6 0/,55 m²,No indicada,,,,,ut1707132,,,,,,,2026-05-26
https://www.pisos.com/alquilar/piso-sant_gervasi_galvany08006-64244305876_109200/,Piso en alquiler en Sant Gervasi-Galvany en Sant Gervasi-Galvany por 2.700 €/mes,Magnifica vivienda de 1 dormitorio en uno de los barrios mas bonitos de barcelona (sarriá- sant gervasi) condiciones de alquiler: - renta alquiler: (2.700€) - depósito: 1 mes de depósito (devuelto al final del contrato): (2.700€) puede varias según documentación entregada - gastos de suminist...,2700,sant gervasi galvany 6 0/,55 m²,No indicada,,,,,ut1696191,,,,,,,2026-05-26
https://www.pisos.com/alquilar/piso-el_barri_gotic08002-64186729804_109200/,Piso en alquiler en El Barri Gòtic en El Barri Gòtic por 2.140 €/mes,"Elegant two-bedroom, one-bathroom apartment located in one of the most popular and sought-after areas of central barcelona. Once you find yourself in this square in the historic centre of barcelona, you can take any of the surrounding streets, where you will find cobblestone alleys full of histor...",2140,el barri gotic 4 0/,69 m²,No indicada,,,,,ut1364630,,,Central,,,,2026-05-26
https://www.pisos.com/alquilar/piso-gracia_la_salut08024-64230911844_109200/,Piso en alquiler en La Salut en La Salut por 2.199 €/mes,"Beautiful attic apartment with a private terrace, a lot of natural light and just a few steps away from park güell. If you want to stay in a quite and safe neighborhood with a good connection to the center, this m2 flat will make you feel like home. Apart of the terrace connected to the m(hidde...",2199,gracia la salut 4 0/,60 m²,No indicada,,,,,ut1171833,,,,,,,2026-05-26
https://www.pisos.com/alquilar/piso-sant_pere_santa_caterina_la_ribera08003-64173334639_109200/,Piso en alquiler en Sant Pere-Santa Caterina-La Ribera en Sant Pere-Santa Caterina-La Ribera por 1.610 €/mes,"Modern, well decorated, very comfortable apartment in barcelona. Both urban and close to the sea. Two bedrooms (one king size bed, one single bed), two bathrooms, and a living room with plenty of light, with a view over the luxurious marina port vell and the mountain of montjuic. All comforts are...",1610,sant pere santa caterina la ribera 9 0/,80 m²,No indicada,,,,,ut1044980,,,,,,,2026-05-26
https://www.pisos.com/alquilar/piso-sants_montjuic_sants08014-64236735088_109200/,Piso en alquiler en Sants en Sants por 1.349 €/mes,"¡don''t miss the opportunity to live in this beautiful studio in the best communicated area of barcelona! 🌟 we’re pleased to present our furnished 50m2 studio apartment on sants street, offering both comfort and convenience in one of barcelona’s best-connected areas. 🏡✨ this charming studio, ...",1349,sants montjuic sants 8 0/,52 m²,No indicada,,,,,ut1121792,,,,,,,2026-05-26
https://www.pisos.com/alquilar/piso-sants_montjuic_la_bordeta08014-64258766919_109200/,Piso en alquiler en La Bordeta en La Bordeta por 1.500 €/mes,"Charming renovated atico in the heart of sants, barcelona welcome to our cozy atico in the vibrant sants neighborhood, right in the center of barcelona! this unique, newly renovated space about 74 sqm is the perfect spot for your stay in the city. Penthouse features: living room featuring mode...",1500,sants montjuic la bordeta 9 0/,74 m²,No indicada,,,,,ut1472284,,,,,,,2026-05-26
https://www.pisos.com/alquilar/piso-el_raval08001-64167174123_109200/,Piso en alquiler en El Raval en El Raval por 1.660 €/mes,"Appartement moderne et calme au coeur de la ville de barcelone. Avec 2 chambres (une double et une simple), plus un bureau et dressing. Il dispose également d''un grand séjour très lumineux et d''une cuisine américaine avec tous les ustensiles nécessaires. La maison est extérieure et dispose d''u...",1660,el raval 3 0/,70 m²,No indicada,,,,,ut1507423,,,,,,,2026-05-26
https://www.pisos.com/alquilar/piso-eixample_sant_antoni08015-64204297817_109200/,Piso en alquiler en Sant Antoni en Sant Antoni por 2.550 €/mes,"Apartment of 120 m2 with 3 double bedrooms and two single bedrooms. Large living-dining room with a balcony and air conditioning. 2 full bathrooms and equipped kitchen. Room 1: exterior 20m2 - 2 single beds (90 * 1,90), closets, and study desk. Room 2: exterior 15 m2 - double bed (1.35 * 1.90), d...",2550,eixample sant antoni 7 0/,120 m²,No indicada,,,,,ut1516188,,,,,,,2026-05-26
https://www.pisos.com/alquilar/piso-sants_montjuic_hostafrancs08014-64251755040_109200/,Piso en alquiler en Hostafrancs en Hostafrancs por 1.490 €/mes,"Bright and inviting penthouse just steps from plaza españa. Located on the third floor of a building without an elevator, it offers a private terrace perfect for soaking up the barcelona sunshine. A functional, charming, and well-utilized space, ideal for a couple who value tranquility without sa...",1490,sants montjuic hostafrancs 0 0/,50 m²,No indicada,,,,,ut1667332,,,,,,,2026-05-26
https://www.pisos.com/alquilar/piso-la_dreta_de_eixample08001-64183617056_109200/,Piso en alquiler en La Dreta de L'Eixample en La Dreta de l'Eixample por 1.480 €/mes,"This bright, fully furnished unit in central barcelona offers a quiet living experience—perfect for students, professionals, and digital nomads. ✔️ private balcony ✔️ self-contained setup: everything you need is within your private area—no shared facilities for your personal routines. ✔️ climate...",1480,la dreta de eixample 6 0/,20 m²,No indicada,,,,,ut1631151,,,,,,,2026-05-26
https://www.pisos.com/alquilar/piso-sants_montjuic_sants08014-64250879290_109200/,Piso en alquiler en Sants en Sants por 1.474 €/mes,"¡don''t miss the opportunity to live in this beautiful studio in the best communicated area of barcelona! 🌟 we’re pleased to present our furnished 50m2 studio apartment on sants street, offering both comfort and convenience in one of barcelona’s best-connected areas. 🏡✨ this charming studio, ...",1474,sants montjuic sants 0 0/,45 m²,No indicada,,,,,ut1506949,,,,,,,2026-05-26
https://www.pisos.com/alquilar/piso-el_barri_gotic08002-64218147885_109200/,Piso en alquiler en El Barri Gòtic en El Barri Gòtic por 1.550 €/mes,"✨ luxury apartment in the heart of historic barcelona! ✨ 🏡 apartment overview experience the charm of barcelona with this beautifully designed apartment located on the prestigious carrer de la portaferrissa. Nestled just steps away from iconic landmarks like la rambla and the cathedral, this 55 ...",1550,el barri gotic 5 0/,55 m²,No indicada,,,,,ut755138,,,Central,,,,2026-05-26
https://www.pisos.com/alquilar/piso-la_dreta_de_eixample08009-64182356054_109200/,Piso en alquiler en La Dreta de L'Eixample en La Dreta de l'Eixample por 1.900 €/mes,"Experience spain''s unique culture from your cozy room in barcelona! stunning 1 bedroom penthouse with a large private terrace and amazing views of the entire city. Located at eixample district and steps away from boutiques, museums, and the city’s finest architecture. Bills included up to 50€. ...",1900,la dreta de eixample 4 0/,40 m²,No indicada,,,,,ut1413937,,,,,,,2026-05-26
https://www.pisos.com/alquilar/piso-el_poble_sec08004-64187160529_109200/,Piso en alquiler en El Poble-Sec en El Poble-sec por 2.000 €/mes,"Experience spain''s unique culture from your cozy room in barcelona! renovated 3 bedroom and 2 bathroom apartment with natural light and great for sharing. Located in the heart of the vibrant poble sec neighbourhood in barcelona, near the emblematic montjuic castle. Bills included up to 100€. Cl...",2000,el poble sec 9 0/,53 m²,No indicada,,,,,ut1410497,,,,,,,2026-05-26
https://www.pisos.com/alquilar/piso-el_poble_sec08004-64256823460_109200/,Piso en alquiler en El Poble-Sec en El Poble-sec por 1.900 €/mes,"Experience spain''s unique culture from your cozy apartment in barcelona! renovated 2 bedroom and 2 bathroom apartment with natural light and great for sharing. Located in the heart of the vibrant poble sec neighborhood in barcelona, near the emblematic montjuic castle. Bills included up to 70€...",1900,el poble sec 0 0/,49 m²,No indicada,,,,,ut1704118,,,,,,,2026-05-26
https://www.pisos.com/alquilar/piso-el_poble_sec08004-64256848689_109200/,Piso en alquiler en El Poble-Sec en El Poble-sec por 1.700 €/mes,"Experience spain''s unique culture from your cozy room in barcelona! 1 bedroom penthouse with private terrace and amazing views of the city. Located in the heart of the vibrant poble sec neighbourhood in barcelona, near the emblematic montjuic castle. Bills included up to 50€. Cleaning of common...",1700,el poble sec 9 0/,36 m²,No indicada,,,,,ut1414076,,,,,,,2026-05-26
https://www.pisos.com/alquilar/piso-el_camp_en_grassot_gracia_nova08024-64252518114_109200/,Piso en alquiler en El Camp D'en Grassot-Gràcia Nova en El Camp d'en Grassot-Gràcia Nova por 2.060 €/mes,"Get ready to fall in love with this incredible 3-bedroom, 2-bathroom apartment bathed in natural light. Each bedroom is thoughtfully designed to let the sunshine in, creating a bright and cheerful atmosphere that''ll instantly put a smile on your face. Not only will you enjoy the comfort and spa...",2060,el camp en grassot gracia nova 4 0/,50 m²,No indicada,,,,,ut1414340,,,,,,,2026-05-26
https://www.pisos.com/alquilar/piso-el_poble_sec08004-64248391387_109200/,Piso en alquiler en El Poble-Sec en El Poble-sec por 1.900 €/mes,"Experience spain''s unique culture from your cozy apartment in barcelona! renovated 2 bedroom and 2 bathroom apartment with natural light and great for sharing. Located in the heart of the vibrant poble sec neighborhood in barcelona, near the emblematic montjuic castle. Bills included up to 70€...",1900,el poble sec 7 0/,49 m²,No indicada,,,,,ut1704120,,,,,,,2026-05-26
https://www.pisos.com/alquilar/piso-el_fort_pienc08013-64239645071_109200/,Piso en alquiler en El Fort Pienc en El Fort Pienc por 2.000 €/mes,"Experience spain''s unique culture from your cozy room in barcelona! beautiful 2 bedroom and 1 bathroom apartment with lots of natural light and featuring a split bath, which makes it ideal for sharing. Located in a typical building in barcelona’s eixample district, our coliving is 10 minutes aw...",2000,el fort pienc 1 0/,48 m²,No indicada,,,,,ut1410492,,,,,,,2026-05-26
https://www.pisos.com/alquilar/piso-la_sagrada_familia08025-64180606588_109200/,Piso en alquiler en La Sagrada Família en La Sagrada Família por 2.005 €/mes,"Experience spain''s unique culture from your cozy room in barcelona! charming 3 bedroom and 2 bathroom apartment with natural light and great for sharing. Located in a typical building in barcelona''s eixample district, 5 minutes away from emblematic monuments like the sagrada familia church, 2...",2005,la sagrada familia 8 0/,75 m²,No indicada,,,,,ut1401417,,,,,,,2026-05-26
https://www.pisos.com/alquilar/piso-sant_marti_el_poblenou08005-64220666434_109200/,Piso en alquiler en El Poblenou en El Poblenou por 2.100 €/mes,"Descubre este luminoso piso reformado de 3 habitaciones y 1 baño en el corazón de poblenou. Totalmente amueblado y equipado, este hogar combina comodidad y funcionalidad en una de las zonas más vibrantes de barcelona. Como parte de (hidden), este piso ofrece mucho más que un alquiler convenciona...",2100,sant marti el poblenou 4 0/,47 m²,No indicada,,,,,ut1596012,,,,,,,2026-05-26
https://www.pisos.com/alquilar/piso-la_sagrada_familia08025-64223932614_109200/,Piso en alquiler en La Sagrada Família en La Sagrada Família por 2.046 €/mes,"Charming 3-bedroom, 1-bathroom retreat in the heart of the eixample district. Bathed in natural light, this delightful apartment is perfect for sharing and is ideally located just 5 minutes from iconic landmarks like the sagrada familia church and a leisurely 20-minute stroll from the lush ciutad...",2046,la sagrada familia 4 0/,69 m²,No indicada,,,,,ut1704135,,,,,,,2026-05-26
https://www.pisos.com/alquilar/piso-sant_marti_el_poblenou08005-64199524657_109200/,Piso en alquiler en El Poblenou en El Poblenou por 2.000 €/mes,"Descubre este luminoso piso reformado de 2 habitaciones y 2 baños en el corazón de poblenou. Totalmente amueblado y equipado, este hogar combina comodidad y funcionalidad en una de las zonas más vibrantes de barcelona. Este piso ofrece mucho más que un alquiler convencional: - suministros (hasta...",2000,sant marti el poblenou 7 0/,46 m²,No indicada,,,,,ut1596013,,,,,,,2026-05-26
https://www.pisos.com/alquilar/piso-la_vila_de_gracia08012-64240476540_109200/,Piso en alquiler en La Vila de Gràcia en La Vila de Gràcia por 3.000 €/mes,"A spectacular 3-bedroom, 2-bathroom apartment with abundant natural light, perfect for sharing. Nestled in the emblematic district of gracia, this residence offers a unique living experience just five minutes away from iconic streets like paseo de gracia and eixample. Property details: price: €3...",3000,la vila de gracia 0 0/,85 m²,No indicada,,,,,ut1614905,,,,,,,2026-05-26
https://www.pisos.com/alquilar/piso-el_poble_sec08004-64239188653_109200/,Piso en alquiler en El Poble-Sec en El Poble-sec por 2.200 €/mes,"Experience spain''s unique culture from your cozy room in barcelona! renovated 3 bedroom and 2 bathroomw apartment with natural light and great for sharing. Located in the heart of the vibrant poble sec neighbourhood in barcelona, near the emblematic montjuic castle. Bills included up to 100€. C...",2200,el poble sec 3 0/,53 m²,No indicada,,,,,ut1414075,,,,,,,2026-05-26
https://www.pisos.com/alquilar/piso-la_vila_de_gracia08012-64201766342_109200/,Piso en alquiler en La Vila de Gràcia en La Vila de Gràcia por 3.000 €/mes,Experience spain''s unique culture from your cozy room in barcelona! amazing 3 bedroom and 3 bathroom apartment with lots of natural light and great for sharing. Located in the emblematic district of gracia and five minutes away from some of the most notorious streets and neighborhoods in the ci...,3000,la vila de gracia 2 0/,85 m²,No indicada,,,,,ut1410490,,,,,,,2026-05-26
https://www.pisos.com/alquilar/piso-el_camp_en_grassot_gracia_nova08024-64189322836_109200/,Piso en alquiler en El Camp D'en Grassot-Gràcia Nova en El Camp d'en Grassot-Gràcia Nova por 2.156 €/mes,"Este amplio y luminoso piso de 1 dormitorio doble y 1 baño, completamente amueblado y reformado, en una de las zonas más agradables de gracia. El piso cuenta con cocina abierta totalmente equipada, salón-comedor con muchísima luz natural y acceso directo a una preciosa terraza privada. Como part...",2156,el camp en grassot gracia nova 6 0/,51 m²,No indicada,,,,,ut1627720,,,,,,,2026-05-26
https://www.pisos.com/alquilar/piso-el_besos_el_maresme08019-63351038272_109200/,Piso en alquiler en El Besòs-El Maresme en El Besòs-El Maresme por 1.595 €/mes,"Only for students 🛏️ this amazing accommodation is specially designed for those residents who are looking for all the comforts of living in a spacious and private space. It includes two distinct environments: a living room with its own kitchen and en-suite bedroom, all just for you! this standa...",1595,el besos el maresme 2 0/,32 m²,No indicada,,,,,ut1628597,,,,,,,2026-05-26
https://www.pisos.com/alquilar/piso-la_vila_de_gracia08012-63414860074_109200/,Piso en alquiler en La Vila de Gràcia en La Vila de Gràcia por 1.950 €/mes,"Dachgeschosswohnung in torrent de l''olla vila de gracia, barcelona 109 m2 58 m2 im unteren bereich 26 m2 im oberen bereich 25 m2 dachterrasse 2. Stock ohne aufzug 1 doppelzimmer 1 wohnzimmer mit bibliothek und schlafsofa 1 badezimmer galerie mit waschmaschine offene küche, esszimmer-wohnzimme...",1950,la vila de gracia 4 0/,109 m²,No indicada,,,,,ut1703150,,,Central,,,,2026-05-26
https://www.pisos.com/alquilar/piso-el_poble_sec08004-63422086480_109200/,Piso en alquiler en El Poble-Sec en El Poble-sec por 2.000 €/mes,"Experience spain''s unique culture from your cozy room in barcelona! renovated 3 bedroom and 1 bathroom apartment with natural light and great for sharing. Located in the heart of the vibrant poble sec neighbourhood in barcelona, near the emblematic montjuic castle. Bills included up to 100€. Cl...",2000,el poble sec 0 0/,53 m²,No indicada,,,,,ut1582346,,,,,,,2026-05-26
https://www.pisos.com/alquilar/piso-el_raval08001-63370124329_109200/,Piso en alquiler en El Raval en El Raval por 2.400 €/mes,"Tastefully renovated, this penthouse is located on calle sant pau, a charming street situated in the heart of the raval neighborhood in barcelona. A privileged location, as it is just a few steps away from las ramblas, the boqueria market, and the macba. Additionally, it is well connected to publ...",2400,el raval 9 0/,70 m²,No indicada,,,,,ut1497571,,,,,,,2026-05-26
https://www.pisos.com/alquilar/piso-la_vila_de_gracia08012-63417137740_109200/,Piso en alquiler en La Vila de Gràcia en La Vila de Gràcia por 1.950 €/mes,"Maisonette-dachterrassenwohnung zu vermieten vom 1.6. 26 bis 31.8. 26. Die wohnung ist renoviert, möbliert und hochwertig ausgestattet. Einbauschränke aus holz bieten viel stauraum. Hohe holzdecken, ein boden aus originalen hydraulischen fliesen im wechsel mit holzböden verleihen dem erdgeschoss ...",1950,la vila de gracia 0 0/,109 m²,No indicada,,,,,ut1703285,,,Central,,,,2026-05-26
https://www.pisos.com/alquilar/piso-sant_pere_santa_caterina_la_ribera08003-63336102985_109200/,Piso en alquiler en Sant Pere-Santa Caterina-La Ribera en Sant Pere-Santa Caterina-La Ribera por 2.500 €/mes,"Amazing apartments just in the city centre. Steps from plaza cataluña, the beach, right in el born area. The apartments have parking in the same building and swiming pool. The apartments are fully furnished and consist in 1 bedroom and 1 bathrooms, bathroom is ensuite, kitchen fully equipped a...",2500,sant pere santa caterina la ribera 5 0/,50 m²,No indicada,,,,,ut1256014,,,Central,,,,2026-05-26
https://www.pisos.com/alquilar/piso-sant_pere_santa_caterina_la_ribera08003-63362210962_109200/,Piso en alquiler en Sant Pere-Santa Caterina-La Ribera en Sant Pere-Santa Caterina-La Ribera por 4.000 €/mes,"Fully renovated 2 bedroom apartment, 2 bathroom apartment located minutes away from plaça catalunya the center of the city.location is incredible, right in born, steps from the beach, mercat de santa caterina. Plenty of historical places but at the same time really peaceful building. More apartme...",4000,sant pere santa caterina la ribera 2 0/,85 m²,No indicada,,,,,ut1207276,,,Central,,,,2026-05-26
https://www.pisos.com/alquilar/piso-la_vila_de_gracia08012-63342507690_109200/,Piso en alquiler en La Vila de Gràcia en La Vila de Gràcia por 1.450 €/mes,"🌟 bright 2-bedroom apartment in gràcia district! 🌟 welcome to this cozy and well-located apartment situated in the charming neighborhood of gràcia, one of the most authentic and vibrant areas of barcelona ✨ perfect for couples, friends, or students, this 2-bedroom apartment offers a comfortab...",1450,la vila de gracia 0 0/,55 m²,No indicada,,,,,ut1644771,,,,,,,2026-05-26
https://www.pisos.com/alquilar/piso-el_raval08001-63338271838_109200/,Piso en alquiler en El Raval en El Raval por 2.200 €/mes,"The apartment is on the 5th floor of a renovated building in the center of barcelona, steps away from parallel, 'broadway' style area . It''s a super bright attic, and it''s surrounded by the shared roof terrace: you can have access from the door next to the apartment and enjoy the view of 270°. ...",2200,el raval 8 0/,30 m²,No indicada,,,,,ut742860,,,,,,,2026-05-26
https://www.pisos.com/alquilar/piso-el_barri_gotic08002-63356385202_109200/,Piso en alquiler en El Barri Gòtic en El Barri Gòtic por 1.450 €/mes,"Fantastic apartment with lots of light in the heart of the gothic quarter in ciutat vella, near the plaza catedral. It has a large living room with two large balconies that overlook the banys nous pedestrian street. Open kitchen with ceramic hob and dishwasher. The bedroom is large with a double ...",1450,el barri gotic 2 0/,75 m²,No indicada,,,,,ut1221924,,,,,,,2026-05-26
https://www.pisos.com/alquilar/piso-sants_montjuic_hostafrancs08014-63431208929_109200/,Piso en alquiler en Hostafrancs en Hostafrancs por 1.610 €/mes,"Completely renovated apartment located in hostafrancs, a neighborhood in the sants-montjuïc district of barcelona, catalonia, spain. Originally the land of the neighborhood belonged to the old municipality of santa maría de sants, the current - newly refurbished apartment of; - 11 fully equipped...",1610,sants montjuic hostafrancs 9 0/,25 m²,No indicada,,,,,ut1510706,,,Central,,,,2026-05-26
https://www.pisos.com/alquilar/piso-sants_montjuic_hostafrancs08014-63408779491_109200/,Piso en alquiler en Hostafrancs en Hostafrancs por 950 €/mes,"🌞 one-of-a-kind opportunity to live in this outstanding apartment! 🔍 more details... Step out of the living room into this lovely little outdoor space. Add a couple of bean bags or a table and chairs, and it’s the perfect place to enjoy with friends. We believe this is ideal for a couple looki...",950,sants montjuic hostafrancs 1 0/,50 m²,No indicada,,,,,ut1378214,,,,,,,2026-05-26
https://www.pisos.com/alquilar/piso-sants_montjuic_hostafrancs08014-63334184060_109200/,Piso en alquiler en Hostafrancs en Hostafrancs por 950 €/mes,"🌟 one-of-a-kind opportunity to live in this outstanding apartment! 🔍 more details... You will love the living room. Stylish furnishings, beautiful hardwood floors, and lots of natural light. Sure, it''s a bit cozy, but it has everything you need to relax and entertain in style. Ideal for a fre...",950,sants montjuic hostafrancs 0 0/,25 m²,No indicada,,,,,ut1378544,,,,,,,2026-05-26
https://www.pisos.com/alquilar/piso-eixample_sant_antoni08015-63357889506_109200/,Piso en alquiler en Sant Antoni en Sant Antoni por 1.800 €/mes,"The eixample 23 is completely renovated, with wooden floors, an equipped kitchen and bathroom, separated from the living-dining area and bedrooms. The two bedrooms are double, with large closets and a nice direct light since the apartment is located on the top floors of the building. Its warmth,...",1800,eixample sant antoni 6 0/,50 m²,No indicada,,,,,ut1038069,,,,,,,2026-05-26
https://www.pisos.com/alquilar/piso-el_besos_el_maresme08019-63347327427_109200/,Piso en alquiler en El Besòs-El Maresme en El Besòs-El Maresme por 1.265 €/mes,"Only for students 🛏️ make yourself at home and enjoy your own bathroom, study area and full kitchen in a modern and fully equipped environment where nothing will be missing! this superior studio has air conditioning and a 120 cm bed. 🔸weekly cleaning room, change of sheets and towel included...",1265,el besos el maresme 7 0/,18 m²,No indicada,,,,,ut1626411,,,,,,,2026-05-26
https://www.pisos.com/alquilar/piso-el_besos_el_maresme08019-63409350035_109200/,Piso en alquiler en El Besòs-El Maresme en El Besòs-El Maresme por 1.565 €/mes,"Only for students 🛏️ this amazing accommodation is specially designed for those residents who are looking for all the comforts of living in a spacious and private space. It includes two distinct environments: a living room with its own kitchen and en-suite bedroom, all just for you! this econom...",1565,el besos el maresme 5 0/,32 m²,No indicada,,,,,ut1219196,,,,,,,2026-05-26
https://www.pisos.com/alquilar/piso-el_besos_el_maresme08019-63406758865_109200/,Piso en alquiler en El Besòs-El Maresme en El Besòs-El Maresme por 1.225 €/mes,"🔸price in the listings for academic booking (september to june) 🔸weekly cleaning room, change of sheets and towel included in the price. 🛏️ make yourself at home and enjoy your own bathroom, study area and full kitchen in a modern and fully equipped environment where nothing will be missing! ...",1225,el besos el maresme 5 0/,18 m²,No indicada,,,,,ut1219193,,,,,,,2026-05-26
https://www.pisos.com/alquilar/piso-la_vila_de_gracia08012-63354260469_109200/,Piso en alquiler en La Vila de Gràcia en La Vila de Gràcia por 1.550 €/mes,"Enjoy living in the heart of gracia in a lovely duplex apartment! duplex apartment with 2 levels, 2 double rooms, 2 bathrooms & kitchen fully equipped. Ground floor/ street level. You will have access to a sunny communal terrace on the roof to have your outdoor dinner or get some sun. The apar...",1550,la vila de gracia 9 0/,78 m²,No indicada,,,,,ut1334585,,,Central,,,,2026-05-26
https://www.pisos.com/alquilar/piso-antiga_esquerra_de_eixample08036-63386666932_109200/,Piso en alquiler en L'Antiga Esquerra de L'Eixample en L'Antiga Esquerra de l'Eixample por 3.150 €/mes,"Magnifica vivienda de 2 dormitorios con terraza comunitaria en la azotea con vistas, en uno de los barrios mas bonitos de barcelona (eixample) condiciones de alquiler: - renta alquiler: (3.150€) - depósito: 1 mes de depósito (devuelto al final del contrato): (3.150€) puede varias según docume...",3150,antiga esquerra de eixample 2 0/,65 m²,No indicada,,,,,ut1696999,,,,,,,2026-05-26
https://www.pisos.com/alquilar/piso-sant_pere_santa_caterina_la_ribera08003-63401269286_109200/,Piso en alquiler en Sant Pere-Santa Caterina-La Ribera en Sant Pere-Santa Caterina-La Ribera por 1.814 €/mes,"This accommodation is exclusively for holiday stays. Bookings related to work, study, or medical visits are not permitted. If you are looking for a homebase in (hidden), you may have found what you need :) this trendy loft may just be what you are looking for! located in the born area, in the ...",1814,sant pere santa caterina la ribera 6 0/,41 m²,No indicada,,,,,ut1688668,,,Central,,,,2026-05-26
https://www.pisos.com/alquilar/piso-el_fort_pienc08013-63380724301_109200/,Piso en alquiler en El Fort Pienc en El Fort Pienc por 1.800 €/mes,"Alquiler vacacional precioso estudio de 40m2 amueblado en alquiler, ubicado en el eixample de barcelona desde donde podrás contar con una perfecta comunicación tanto de transporte público (metro, autobús y tranvía) como de todo tipo de comercios pocos metros de sagrada familia. Este bonito estudi...",1800,el fort pienc 1 0/,40 m²,No indicada,,,,,ut1422784,,,,,,,2026-05-26
https://www.pisos.com/alquilar/piso-la_sagrada_familia08025-63357064889_109200/,Piso en alquiler en La Sagrada Família en La Sagrada Família por 2.000 €/mes,"Seasonal rental – lease for non-residential use (exclusively leisure/vacation) ***available from april 27, 2026.*** magnificent, renovated, and very bright apartment, 74 m2 built and 69.3 m2 usable, located next to the sagrada familia, 300 meters from the sagrada familia train station. The apart...",2000,la sagrada familia 9 0/,75 m²,No indicada,,,,,ut1699725,,,,,,,2026-05-26
https://www.pisos.com/alquilar/piso-la_dreta_de_eixample08009-63418587987_109200/,Piso en alquiler en La Dreta de L'Eixample en La Dreta de l'Eixample por 2.400 €/mes,"Spacious and pleasant 4-bedroom apartment, ideal for students or groups who want to enjoy barcelona comfortably and in a great atmosphere. Located in the eixample district, this 110 m2 apartment offers generous living space and can comfortably accommodate up to 6 people. It features 2 full bathro...",2400,la dreta de eixample 7 0/,110 m²,No indicada,,,,,ut1699519,,,,,,,2026-05-26
https://www.pisos.com/alquilar/piso-ciutat_vella_la_barceloneta08003-63340802640_109200/,Piso en alquiler en La Barceloneta en La Barceloneta por 1.900 €/mes,"Bright apartment located just 200m from the barceloneta beach, in one of the most charismatic and lively neighborhoods in the city. The space is bright, spacious and welcoming. Its location, a few meters from the sea, makes it a perfect space to enjoy a few months in barcelona. Fully equipped for...",1900,ciutat vella la barceloneta 0 0/,60 m²,No indicada,,,,,ut1388670,,,,,,,2026-05-26
https://www.pisos.com/alquilar/piso-el_parc_la_llacuna_del_poblenou08018-63421431775_109200/,Piso en alquiler en El Parc-La Llacuna del Poblenou en El Parc-La Llacuna del Poblenou por 2.100 €/mes,"A few months in the most hipster neighborhood of the city and a few minutes from the beach can be a great option for your trip. This comfortable fully equipped home will become the ideal option to discover the city in a privileged location due to its tranquility, its proximity to the beach and it...",2100,el parc la llacuna del poblenou 5 0/,55 m²,No indicada,,,,,ut1497992,,,,,,,2026-05-26
https://www.pisos.com/alquilar/piso-la_nova_esquerra_de_eixample08015-63378685393_109200/,Piso en alquiler en La Nova Esquerra de L'Eixample en La Nova Esquerra de l'Eixample por 3.000 €/mes,"Disponible para alquiler temporal, este magnífico piso destaca por su abundante luz natural y su excelente distribución. Dispone de un amplio salón comedor totalmente amueblado, ideal para relajarse o recibir visitas, y una cocina independiente completamente equipada con electrodomésticos nuevos....",3000,la nova esquerra de eixample 3 0/,109 m²,No indicada,,,,,ut1629796,,,Central,,,,2026-05-26
https://www.pisos.com/alquilar/piso-antiga_esquerra_de_eixample08036-63368429126_109200/,Piso en alquiler en L'Antiga Esquerra de L'Eixample en L'Antiga Esquerra de l'Eixample por 3.150 €/mes,"Magnifica vivienda de 2 dormitorios con terraza comunitaria en la azotea con vistas, en uno de los barrios mas bonitos de barcelona (eixample) condiciones de alquiler: - renta alquiler: (3.150€) - depósito: 1 mes de depósito (devuelto al final del contrato): (3.150€) puede varias según docume...",3150,antiga esquerra de eixample 6 0/,65 m²,No indicada,,,,,ut1696860,,,,,,,2026-05-26
https://www.pisos.com/alquilar/piso-el_raval08002-63430042788_109200/,Piso en alquiler en El Raval en El Raval por 2.357 €/mes,"This accommodation is exclusively for holiday stays. Bookings related to work, study, or medical visits are not permitted. Stay in the heart of (hidden) in this beautiful 2-bedroom apartment, perfectly located right on la rambla, the city’s most iconic boulevard. Just steps from plaça catalunya...",2357,el raval 8 0/,78 m²,No indicada,,,,,ut1688664,,,Central,,,,2026-05-26
https://www.pisos.com/alquilar/piso-vilapicina_la_torre_llobeta08016-63336276560_109200/,Piso en alquiler en Vilapicina-La Torre Llobeta en Vilapicina-La Torre Llobeta por 1.250 €/mes,"🌟 comfortable 2-bedroom apartment in barcelona (nou barris)! 🌟 welcome to this bright and practical apartment located on carrer d''escòcia, in the residential district of nou barris, in barcelona ✨ perfect for couples, friends, or small families, this 2-bedroom apartment offers a functional a...",1250,vilapicina la torre llobeta 0 0/,55 m²,No indicada,,,,,ut1664542,,,,,,,2026-05-26
https://www.pisos.com/alquilar/piso-eixample_sant_antoni08004-63345046996_109200/,Piso en alquiler en Sant Antoni en Sant Antoni por 1.464 €/mes,"🌟 stunning and spacious loft with breathtaking views of the mediterranean! 🌊✨ apartment 🏢 this bright and beautifully decorated loft is situated in a secure residential building that offers a professional concierge service. The unit is designed for maximum comfort, featuring high-speed wifi, ...",1464,eixample sant antoni 6 0/,65 m²,No indicada,,,,,ut1107268,,,,,,,2026-05-26
https://www.pisos.com/alquilar/piso-el_besos_el_maresme08019-63350355412_109200/,Piso en alquiler en El Besòs-El Maresme en El Besòs-El Maresme por 1.430 €/mes,Student residence in barcelona with pool and gym !! furnished and fully-equipped studio with a focus on your privacy or that of your couple. It includes a range of storage solutions integrated into four optimised and more spacious spaces : study area -close to natural light -desk lamp -desk cha...,1430,el besos el maresme 2 0/,24 m²,No indicada,,,,,ut1615611,,,Central,,,,2026-05-26
https://www.pisos.com/alquilar/piso-el_fort_pienc08013-63355702979_109200/,Piso en alquiler en El Fort Pienc en El Fort Pienc por 2.400 €/mes,"Comfortable studio with 2 beds or 1 double bed fully equipped with kitchen, bathroom. Located a few steps from plaza cataluña, in the left eixample, near the arc de triomphe. Right in sicilia street, you could walk until arc de triomf in less than 5 minutes. Ideally located. With parking in the ...",2400,el fort pienc 9 0/,40 m²,No indicada,,,,,ut1041055,,,Central,,,,2026-05-26
https://www.pisos.com/alquilar/piso-gracia_la_salut08024-62570353229_109200/,Piso en alquiler en La Salut en La Salut por 2.550 €/mes,"Magnifica vivienda de 1 dormitorio con terraza comunitaria en la azotea con vistas, en uno de los barrios mas famosos de barcelona (gracia) condiciones de alquiler: - renta alquiler: (2.550€) - depósito: 1 mes de depósito (devuelto al final del contrato): (2.550€) puede varias según documenta...",2550,gracia la salut 9 0/,60 m²,No indicada,,,,,ut1697822,,,,,,,2026-05-26
https://www.pisos.com/alquilar/piso-gracia_la_salut08024-62599520657_109200/,Piso en alquiler en La Salut en La Salut por 3.000 €/mes,"Magnifica vivienda de 2 dormitorios con terraza comunitaria en la azotea con vistas, en uno de los barrios más famosos de barcelona (gracia) condiciones de alquiler: - renta alquiler: (3.000€) - depósito: 1 mes de depósito (devuelto al final del contrato): (3.000€) puede varias según document...",3000,gracia la salut 7 0/,75 m²,No indicada,,,,,ut1697820,,,,,,,2026-05-26
https://www.pisos.com/alquilar/piso-sant_pere_santa_caterina_la_ribera08003-62520121280_109200/,Piso en alquiler en Sant Pere-Santa Caterina-La Ribera en Sant Pere-Santa Caterina-La Ribera por 2.850 €/mes,"Magnifica vivienda de 1 dormitorio con terraza comunitaria en el corazón de barcelona condiciones de alquiler: - renta alquiler: (2.850€) - depósito: 1 mes de depósito (devuelto al final del contrato): (2.850€) puede varias según documentación entregada - gastos de suministro de agua, electricid...",2850,sant pere santa caterina la ribera 0 0/,62 m²,No indicada,,,,,ut1697841,,,,,,,2026-05-26
https://www.pisos.com/alquilar/piso-gracia_la_salut08024-62550091170_109200/,Piso en alquiler en La Salut en La Salut por 2.850 €/mes,"Magnifica vivienda de 2 dormitorios con terraza comunitaria en la azotea con vistas, en uno de los barrios más famosos de barcelona (gracia) condiciones de alquiler: - renta alquiler: (2.850€) - depósito: 1 mes de depósito (devuelto al final del contrato): (2.850€) puede varias según document...",2850,gracia la salut 0 0/,75 m²,No indicada,,,,,ut1697824,,,,,,,2026-05-26
https://www.pisos.com/alquilar/piso-gracia_la_salut08024-62587506865_109200/,Piso en alquiler en La Salut en La Salut por 3.000 €/mes,"Magnifica vivienda de 2 dormitorios con terraza comunitaria en la azotea con vistas, en uno de los barrios más famosos de barcelona (gracia) condiciones de alquiler: - renta alquiler: (3.000€) - depósito: 1 mes de depósito (devuelto al final del contrato): (3.000€) puede varias según document...",3000,gracia la salut 5 0/,76 m²,No indicada,,,,,ut1697526,,,,,,,2026-05-26
https://www.pisos.com/alquilar/piso-gracia_la_salut08024-62597524893_109200/,Piso en alquiler en La Salut en La Salut por 2.550 €/mes,"Magnifica vivienda de 1 dormitorios con terraza comunitaria en la azotea con vistas, en uno de los barrios más famosos de barcelona (gracia) condiciones de alquiler: - renta alquiler: (2.550€) - depósito: 1 mes de depósito (devuelto al final del contrato): (2.550€) puede varias según document...",2550,gracia la salut 3 0/,75 m²,No indicada,,,,,ut1697506,,,,,,,2026-05-26
https://www.pisos.com/alquilar/piso-gracia_la_salut08024-62506918072_109200/,Piso en alquiler en La Salut en La Salut por 3.750 €/mes,"Magnifica vivienda duplex de 2 dormitorios con terraza privada y comunitaria en la azotea con vistas, en uno de los barrios mas famosos de barcelona (gracia) condiciones de alquiler: - renta alquiler: (3.750€) - depósito: 1 mes de depósito (devuelto al final del contrato): (3.750€) puede vari...",3750,gracia la salut 2 0/,60 m²,No indicada,,,,,ut1697510,,,,,,,2026-05-26
https://www.pisos.com/alquilar/piso-gracia_la_salut08024-62584879013_109200/,Piso en alquiler en La Salut en La Salut por 2.550 €/mes,"Magnifica vivienda de 1 dormitorios con terraza comunitaria en la azotea con vistas, en uno de los barrios mas famosos de barcelona (gracia) condiciones de alquiler: - renta alquiler: (2.550€) - depósito: 1 mes de depósito (devuelto al final del contrato): (2.550€) puede varias según document...",2550,gracia la salut 3 0/,60 m²,No indicada,,,,,ut1697475,,,,,,,2026-05-26
https://www.pisos.com/alquilar/piso-gracia_la_salut08024-62592330468_109200/,Piso en alquiler en La Salut en La Salut por 3.000 €/mes,"Magnifica vivienda de 2 dormitorios y terraza comunitaria en la azotea con vistas, en uno de los barrios mas famosos de barcelona (gracia) condiciones de alquiler: - renta alquiler: (3.000€) - depósito: 1 mes de depósito (devuelto al final del contrato): (3.000€) puede varias según documenta...",3000,gracia la salut 8 0/,60 m²,No indicada,,,,,ut1697502,,,,,,,2026-05-26
https://www.pisos.com/alquilar/piso-gracia_la_salut08024-62575228843_109200/,Piso en alquiler en La Salut en La Salut por 3.000 €/mes,"Magnifica vivienda de 2 dormitorios con terraza comunitaria en la azotea con vistas, en uno de los barrios más famosos de barcelona (gracia) condiciones de alquiler: - renta alquiler: (3.000€) - depósito: 1 mes de depósito (devuelto al final del contrato): (3.000€) puede varias según document...",3000,gracia la salut 3 0/,75 m²,No indicada,,,,,ut1697471,,,,,,,2026-05-26
https://www.pisos.com/alquilar/piso-gracia_la_salut08024-62509505247_109200/,Piso en alquiler en La Salut en La Salut por 2.850 €/mes,"Magnifica vivienda de 2 dormitorios con terraza comunitaria en la azotea con vistas, en uno de los barrios más famosos de barcelona (gracia) condiciones de alquiler: - renta alquiler: (2.850€) - depósito: 1 mes de depósito (devuelto al final del contrato): (2.850€) puede varias según document...",2850,gracia la salut 7 0/,75 m²,No indicada,,,,,ut1697515,,,,,,,2026-05-26
https://www.pisos.com/alquilar/piso-gracia_la_salut08024-62599186268_109200/,Piso en alquiler en La Salut en La Salut por 2.850 €/mes,"Magnifica vivienda de 2 dormitorios con terraza comunitaria en la azotea con vistas, en uno de los barrios más famosos de barcelona (gracia) condiciones de alquiler: - renta alquiler: (2.850€) - depósito: 1 mes de depósito (devuelto al final del contrato): (2.850€) puede varias según document...",2850,gracia la salut 8 0/,75 m²,No indicada,,,,,ut1697474,,,,,,,2026-05-26
https://www.pisos.com/alquilar/piso-gracia_la_salut08024-62579622105_109200/,Piso en alquiler en La Salut en La Salut por 2.850 €/mes,"Magnifica vivienda de 2 dormitorios con terraza comunitaria en la azotea con vistas, en uno de los barrios más famosos de barcelona (gracia) condiciones de alquiler: - renta alquiler: (2.850€) - depósito: 1 mes de depósito (devuelto al final del contrato): (2.850€) puede varias según document...",2850,gracia la salut 5 0/,76 m²,No indicada,,,,,ut1697488,,,,,,,2026-05-26
https://www.pisos.com/alquilar/piso-gracia_la_salut08024-62570727982_109200/,Piso en alquiler en La Salut en La Salut por 3.000 €/mes,"Magnifica vivienda de 2 dormitorios con terraza comunitaria en la azotea con vistas, en uno de los barrios más famosos de barcelona (gracia) condiciones de alquiler: - renta alquiler: (3.000€) - depósito: 1 mes de depósito (devuelto al final del contrato): (3.000€) puede varias según document...",3000,gracia la salut 2 0/,76 m²,No indicada,,,,,ut1697521,,,,,,,2026-05-26
https://www.pisos.com/alquilar/piso-les_corts_barrio08029-62524991841_109200/,Piso en alquiler en Les Corts en Les Corts por 2.550 €/mes,"Magnifica vivienda de 1 dormitorio con terraza comunitaria en la azotea con vistas, en el barrio de (les corts) condiciones de alquiler: - renta alquiler: (2.550€) - depósito: 1 mes de depósito (devuelto al final del contrato): (2.550€) puede varias según documentación entregada - gastos de ...",2550,les corts barrio 1 0/,40 m²,No indicada,,,,,ut1697008,,,,,,,2026-05-26
https://www.pisos.com/alquilar/piso-les_corts_barrio08029-62541383146_109200/,Piso en alquiler en Les Corts en Les Corts por 3.000 €/mes,"Magnifica vivienda de 2 dormitorios con terraza privada y comunitaria en la azotea con vistas, en el barrio de (les corts) condiciones de alquiler: - renta alquiler: (3.000€) - depósito: 1 mes de depósito (devuelto al final del contrato): (3.000€) puede varias según documentación entregada -...",3000,les corts barrio 6 0/,62 m²,No indicada,,,,,ut1697014,,,,,,,2026-05-26
https://www.pisos.com/alquilar/piso-les_corts_barrio08029-62552695222_109200/,Piso en alquiler en Les Corts en Les Corts por 3.000 €/mes,"Magnifica vivienda de 2 dormitorios con terraza privada y comunitaria en la azotea con vistas, en el barrio de (les corts) condiciones de alquiler: - renta alquiler: (3.000€) - depósito: 1 mes de depósito (devuelto al final del contrato): (3.000€) puede varias según documentación entregada -...",3000,les corts barrio 2 0/,65 m²,No indicada,,,,,ut1697011,,,,,,,2026-05-26
https://www.pisos.com/alquilar/piso-les_corts_barrio08029-62539579903_109200/,Piso en alquiler en Les Corts en Les Corts por 3.000 €/mes,"Magnifica vivienda de 2 dormitorios con terraza privada y comunitaria en la azotea con vistas, en el barrio de (les corts) condiciones de alquiler: - renta alquiler: (3.000€) - depósito: 1 mes de depósito (devuelto al final del contrato): (3.000€) puede varias según documentación entregada - ...",3000,les corts barrio 3 0/,50 m²,No indicada,,,,,ut1697013,,,,,,,2026-05-26
https://www.pisos.com/alquilar/piso-les_corts_barrio08029-62595732278_109200/,Piso en alquiler en Les Corts en Les Corts por 3.000 €/mes,"Magnifica vivienda de 2 dormitorios con terraza comunitaria en la azotea con vistas, en el barrio de (les corts) condiciones de alquiler: - renta alquiler: (3.000€) - depósito: 1 mes de depósito (devuelto al final del contrato): (3.000€) puede varias según documentación entregada - gastos de...",3000,les corts barrio 8 0/,60 m²,No indicada,,,,,ut1697012,,,,,,,2026-05-26
https://www.pisos.com/alquilar/piso-les_corts_barrio08029-62571576379_109200/,Piso en alquiler en Les Corts en Les Corts por 2.850 €/mes,"Magnifica vivienda de 2 dormitorios con terraza privada y comunitaria en la azotea con vistas, en el barrio de (les corts) condiciones de alquiler: - renta alquiler: (2.850€) - depósito: 1 mes de depósito (devuelto al final del contrato): (2.850€) puede varias según documentación entregada -...",2850,les corts barrio 9 0/,65 m²,No indicada,,,,,ut1697017,,,,,,,2026-05-26
https://www.pisos.com/alquilar/piso-antiga_esquerra_de_eixample08036-62583096113_109200/,Piso en alquiler en L'Antiga Esquerra de L'Eixample en L'Antiga Esquerra de l'Eixample por 2.850 €/mes,"Magnifica vivienda de 1 dormitorio con terraza comunitaria en la azotea con vistas, en uno de los barrios mas bonitos de barcelona (eixample) condiciones de alquiler: - renta alquiler: (2.850€) - depósito: 1 mes de depósito (devuelto al final del contrato): (2.850€) puede varias según documen...",2850,antiga esquerra de eixample 3 0/,55 m²,No indicada,,,,,ut1696862,,,,,,,2026-05-26
https://www.pisos.com/alquilar/piso-la_dreta_de_eixample08009-62593811423_109200/,Piso en alquiler en La Dreta de L'Eixample en La Dreta de l'Eixample por 3.300 €/mes,"Magnifica vivienda de 3 dormitorios en uno de los barrios mas bonitos de barcelona condiciones de alquiler: - renta alquiler: (3.300€) - depósito: 1 mes de depósito (devuelto al final del contrato): (3.300€) puede varias según documentación entregada - gastos de suministro de agua, electrici...",3300,la dreta de eixample 3 0/,90 m²,No indicada,,,,,ut1696156,,,,,,,2026-05-26
https://www.pisos.com/alquilar/piso-antiga_esquerra_de_eixample08036-62525212335_109200/,Piso en alquiler en L'Antiga Esquerra de L'Eixample en L'Antiga Esquerra de l'Eixample por 3.150 €/mes,"Magnifica vivienda de 1 dormitorio con terraza comunitaria en la azotea con vistas, en uno de los barrios mas bonitos de barcelona (eixample) condiciones de alquiler: - renta alquiler: (3.150€) - depósito: 1 mes de depósito (devuelto al final del contrato): (3.150€) puede varias según documen...",3150,antiga esquerra de eixample 5 0/,55 m²,No indicada,,,,,ut1696849,,,,,,,2026-05-26
https://www.pisos.com/alquilar/piso-antiga_esquerra_de_eixample08036-62538772926_109200/,Piso en alquiler en L'Antiga Esquerra de L'Eixample en L'Antiga Esquerra de l'Eixample por 2.850 €/mes,"Magnifica vivienda de 1 dormitorio con terraza comunitaria en la azotea con vistas, en uno de los barrios mas bonitos de barcelona (eixample) condiciones de alquiler: - renta alquiler: (2.850€) - depósito: 1 mes de depósito (devuelto al final del contrato): (2.850€) puede varias según documen...",2850,antiga esquerra de eixample 6 0/,55 m²,No indicada,,,,,ut1696996,,,,,,,2026-05-26
https://www.pisos.com/alquilar/piso-antiga_esquerra_de_eixample08036-62588507750_109200/,Piso en alquiler en L'Antiga Esquerra de L'Eixample en L'Antiga Esquerra de l'Eixample por 3.150 €/mes,"Magnifica vivienda de 2 dormitorios con terraza comunitaria en la azotea con vistas, en uno de los barrios mas bonitos de barcelona (eixample) condiciones de alquiler: - renta alquiler: (3.150€) - depósito: 1 mes de depósito (devuelto al final del contrato): (3.150€) puede varias según documen...",3150,antiga esquerra de eixample 0 0/,65 m²,No indicada,,,,,ut1696817,,,,,,,2026-05-26
https://www.pisos.com/alquilar/piso-antiga_esquerra_de_eixample08036-62542091458_109200/,Piso en alquiler en L'Antiga Esquerra de L'Eixample en L'Antiga Esquerra de l'Eixample por 2.850 €/mes,"Magnifica vivienda de 1 dormitorio con terraza comunitaria en la azotea con vistas, en uno de los barrios mas bonitos de barcelona (eixample) condiciones de alquiler: - renta alquiler: (2.850€) - depósito: 1 mes de depósito (devuelto al final del contrato): (2.850€) puede varias según documen...",2850,antiga esquerra de eixample 8 0/,55 m²,No indicada,,,,,ut1696998,,,,,,,2026-05-26
https://www.pisos.com/alquilar/piso-les_corts_barrio08029-62580219445_109200/,Piso en alquiler en Les Corts en Les Corts por 3.000 €/mes,"Magnifica vivienda de 2 dormitorios con terraza privada y comunitaria en la azotea con vistas, en el barrio de (les corts) condiciones de alquiler: - renta alquiler: (3.000€) - depósito: 1 mes de depósito (devuelto al final del contrato): (3.000€) puede varias según documentación entregada - ...",3000,les corts barrio 5 0/,65 m²,No indicada,,,,,ut1697005,,,,,,,2026-05-26
https://www.pisos.com/alquilar/piso-antiga_esquerra_de_eixample08036-62554361551_109200/,Piso en alquiler en L'Antiga Esquerra de L'Eixample en L'Antiga Esquerra de l'Eixample por 2.850 €/mes,"Magnifica vivienda de 1 dormitorio con terraza comunitaria en la azotea con vistas, en uno de los barrios mas bonitos de barcelona (eixample) condiciones de alquiler: - renta alquiler: (2.850€) - depósito: 1 mes de depósito (devuelto al final del contrato): (2.850€) puede varias según documen...",2850,antiga esquerra de eixample 1 0/,55 m²,No indicada,,,,,ut1696835,,,,,,,2026-05-26
https://www.pisos.com/alquilar/piso-antiga_esquerra_de_eixample08036-62595762686_109200/,Piso en alquiler en L'Antiga Esquerra de L'Eixample en L'Antiga Esquerra de l'Eixample por 3.300 €/mes,"Magnifica vivienda de 2 dormitorios con terraza comunitaria en la azotea con vistas, en uno de los barrios mas bonitos de barcelona (eixample) condiciones de alquiler: - renta alquiler: (3.300€) - depósito: 1 mes de depósito (devuelto al final del contrato): (3.300€) puede varias según docume...",3300,antiga esquerra de eixample 6 0/,65 m²,No indicada,,,,,ut1697001,,,,,,,2026-05-26
https://www.pisos.com/alquilar/piso-antiga_esquerra_de_eixample08036-62517715639_109200/,Piso en alquiler en L'Antiga Esquerra de L'Eixample en L'Antiga Esquerra de l'Eixample por 3.000 €/mes,"Magnifica vivienda de 2 dormitorios con terraza comunitaria en la azotea con vistas, en uno de los barrios mas bonitos de barcelona (eixample) condiciones de alquiler: - renta alquiler: (3.000€) - depósito: 1 mes de depósito (devuelto al final del contrato): (3.000€) puede varias según docume...",3000,antiga esquerra de eixample 9 0/,65 m²,No indicada,,,,,ut1696845,,,,,,,2026-05-26
https://www.pisos.com/alquilar/piso-la_dreta_de_eixample08009-62582951331_109200/,Piso en alquiler en La Dreta de L'Eixample en La Dreta de l'Eixample por 3.750 €/mes,"Magnifica vivienda de 2 dormitorios con una pequeña terraza exterior condiciones de alquiler: - alquiler alquiler: (3.750€) - depósito: 1 mes de depósito (devuelto al final del contrato): (3.750€) puede varias según documentación entregada - gastos de suministro de agua, electricidad, gas e ...",3750,la dreta de eixample 1 0/,75 m²,No indicada,,,,,ut1696361,,,,,,,2026-05-26
https://www.pisos.com/alquilar/piso-sant_pere_santa_caterina_la_ribera08003-62509386749_109200/,Piso en alquiler en Sant Pere-Santa Caterina-La Ribera en Sant Pere-Santa Caterina-La Ribera por 2.700 €/mes,"Magnifica vivienda de 1 dormitorio con terraza comunitaria en el corazón de barcelona condiciones de alquiler: - renta alquiler: (2.700€) - depósito: 1 mes de depósito (devuelto al final del contrato): (2.700€) puede varias según documentación entregada - gastos de suministro de agua, electr...",2700,sant pere santa caterina la ribera 9 0/,57 m²,No indicada,,,,,ut1696559,,,,,,,2026-05-26
https://www.pisos.com/alquilar/piso-sant_gervasi_galvany08006-62517188643_109200/,Piso en alquiler en Sant Gervasi-Galvany en Sant Gervasi-Galvany por 2.700 €/mes,Magnifica vivienda de 1 dormitorio en uno de los barrios mas bonitos de barcelona (sarriá- sant gervasi) condiciones de alquiler: - renta alquiler: (2.700€) - depósito: 1 mes de depósito (devuelto al final del contrato): (2.700€) puede varias según documentación entregada - gastos de suminis...,2700,sant gervasi galvany 3 0/,55 m²,No indicada,,,,,ut1696183,,,,,,,2026-05-26
https://www.pisos.com/alquilar/piso-sant_pere_santa_caterina_la_ribera08003-62561235363_109200/,Piso en alquiler en Sant Pere-Santa Caterina-La Ribera en Sant Pere-Santa Caterina-La Ribera por 3.950 €/mes,Magnifica vivienda de diseño de 2 dormitorios dobles en una de las calles mas emblemáticas de barcelona condiciones de alquiler: - renta alquiler: (3.950€) - depósito: 1 mes de depósito (devuelto al final del contrato): (3.950€) puede varias según documentación entregada - gastos de suminist...,3950,sant pere santa caterina la ribera 3 0/,130 m²,No indicada,,,,,ut1696197,,,,,,,2026-05-26
https://www.pisos.com/alquilar/piso-la_sagrada_familia08025-62520502060_109200/,Piso en alquiler en La Sagrada Família en La Sagrada Família por 2.808 €/mes,"Magnifica vivienda de 2 dormitorios condiciones de alquiler: - renta alquiler: (2.808€) - depósito: 1 mes de depósito (devuelto al final del contrato): (2.808€) puede varias según documentación entregada - gastos de suministro de agua, electricidad, gas e internet: incluido en el precio del a...",2808,la sagrada familia 0 0/,57 m²,No indicada,,,,,ut1695927,,,Central,,,,2026-05-26
https://www.pisos.com/alquilar/piso-la_sagrada_familia08025-62555614583_109200/,Piso en alquiler en La Sagrada Família en La Sagrada Família por 2.964 €/mes,"Magnifica vivienda de 2 dormitorios condiciones de alquiler: - renta alquiler: (2.964€) - depósito: 1 mes de depósito (devuelto al final del contrato): (2.964€) puede varias según documentación entregada - gastos de suministro de agua, electricidad, gas e internet: incluido en el precio del ...",2964,la sagrada familia 3 0/,57 m²,No indicada,,,,,ut1695932,,,,,,,2026-05-26
https://www.pisos.com/alquilar/piso-la_sagrada_familia08025-62568667272_109200/,Piso en alquiler en La Sagrada Família en La Sagrada Família por 3.300 €/mes,"Magnifica vivienda de 2 dormitorios condiciones de alquiler: - renta alquiler: (3.300€) - depósito: 1 mes de depósito (devuelto al final del contrato): (3.300€) puede varias según documentación entregada - gastos de suministro de agua, electricidad, gas e internet: incluido en el precio del ...",3300,la sagrada familia 2 0/,67 m²,No indicada,,,,,ut1695935,,,,,,,2026-05-26
https://www.pisos.com/alquilar/piso-la_sagrada_familia08025-62505631913_109200/,Piso en alquiler en La Sagrada Família en La Sagrada Família por 3.300 €/mes,"Magnifica vivienda de 2 dormitorios con terraza privada condiciones de alquiler: - renta alquiler: (3.300€) - depósito: 1 mes de depósito (devuelto al final del contrato): (3.300€) puede varias según documentación entregada - gastos de suministro de agua, electricidad, gas e internet: incluid...",3300,la sagrada familia 3 0/,67 m²,No indicada,,,,,ut1695938,,,,,,,2026-05-26
https://www.pisos.com/alquilar/piso-el_fort_pienc08013-62598192402_109200/,Piso en alquiler en El Fort Pienc en El Fort Pienc por 3.126 €/mes,"Magnifica vivienda de 2 dormitorios en uno de los barrios mas bonitos de barcelona condiciones de alquiler: - renta alquiler: (3.126€) - depósito: 1 mes de depósito (devuelto al final del contrato): (3.126€) puede varias según documentación entregada - gastos de suministro de agua, electrici...",3126,el fort pienc 2 0/,75 m²,No indicada,,,,,ut1695974,,,,,,,2026-05-26
https://www.pisos.com/alquilar/piso-la_sagrada_familia08025-62536007349_109200/,Piso en alquiler en La Sagrada Família en La Sagrada Família por 3.000 €/mes,"Magnifica vivienda de 2 dormitorios condiciones de alquiler: - renta alquiler: (3.000€) - depósito: 1 mes de depósito (devuelto al final del contrato): (3.000€) puede varias según documentación entregada - gastos de suministro de agua, electricidad, gas e internet: incluido en el precio del ...",3000,la sagrada familia 9 0/,57 m²,No indicada,,,,,ut1695945,,,,,,,2026-05-26
https://www.pisos.com/alquilar/piso-el_fort_pienc08013-62541628700_109200/,Piso en alquiler en El Fort Pienc en El Fort Pienc por 1.350 €/mes,"✨✨✨ welcome to the private apartment conveniently located near glòries and poblenou. Full furnished property details: -property size: 95 sqm location details: -near glòries and poblenou -close to upf, ciutat vella, and poblenou -metro station: marina (red line) if you''re interested in t...",1350,el fort pienc 0 0/,95 m²,No indicada,,,,,ut1683605,,,,,,,2026-05-26
https://www.pisos.com/alquilar/piso-ciutat_vella_la_barceloneta08003-62597459183_109200/,Piso en alquiler en La Barceloneta en La Barceloneta por 3.100 €/mes,"Classic and spacious apartment with four bedrooms and two bathrooms in the heart of barceloneta. Just a few blocks from the beach and meters from the old town. Its spaciousness and excellent location make it an ideal choice for those looking to experience barcelona at its best, close to the city'...",3100,ciutat vella la barceloneta 3 0/,110 m²,No indicada,,,,,ut1651041,,,,,,,2026-05-26
https://www.pisos.com/alquilar/piso-el_barri_gotic08002-62516785342_109200/,Piso en alquiler en El Barri Gòtic en El Barri Gòtic por 1.880 €/mes,"Welcome to the gothic quarter, one of barcelona''s most enchanting neighborhoods. It’s a place where history feels alive, filled with friendly local shops and cozy spots for a morning cafè amb llet. Our apartment puts you at the very heart of the city: you are just a 1-minute stroll from the hist...",1880,el barri gotic 2 0/,65 m²,No indicada,,,,,ut1686447,,,,,,,2026-05-26
https://www.pisos.com/alquilar/piso-el_poble_sec08004-62567697841_109200/,Piso en alquiler en El Poble-Sec en El Poble-sec por 1.455 €/mes,"Stunning and spacious loft with breathtaking views in barcelona! 🌟🏙️ apartment 🏢 this bright and beautifully decorated loft offers a premium living experience in a residential building with concierge service. The property comes fully equipped with modern essentials, including high-speed wifi,...",1455,el poble sec 1 0/,60 m²,No indicada,,,,,ut1633631,,,,,,,2026-05-26
https://www.pisos.com/alquilar/piso-el_camp_de_arpa_del_clot08041-62525509369_109200/,Piso en alquiler en El Camp de L'Arpa del Clot en El Camp de l'Arpa del Clot por 1.250 €/mes,"Estupenda vivienda de 3 dormitorios cerca de hospital sant pau condiciones de alquiler: renta mensual: 1.250€ fianza 2 meses: se devuelve al finalizar el contrato suministros agua, luz, internet: 200€ servicios administrativos: 1.600€ caracteristicas de la vivienda vivienda de 3 dormitorios con...",1250,el camp de arpa del clot 9 0/,85 m²,No indicada,,,,,ut1683715,,,,,,,2026-05-26
https://www.pisos.com/alquilar/piso-sants_badal-62508181301_109200/,Piso en alquiler en Sants-Badal en Sants-Badal por 850 €/mes,Se alquila estudio para una persona alquiler ideal estudiantes trabajadores erasmus medicos cerca del metro autobuses y tranvias zona muy comercial con todo tipo de tiendas y comercios cerca de parada de bicing. Totalmente equipado con aire acondicionado exterior ventanas de aluminio muebles d...,850,sants badal 1 0/,28 m²,No indicada,,,,,ut1619288,,,,,,,2026-05-26
https://www.pisos.com/alquilar/piso-sants_montjuic_sants08028-62566509558_109200/,Piso en alquiler en Sants en Sants por 850 €/mes,Se alquila estudio para una persona alquiler ideal estudiantes trabajadores erasmus medicos cerca del metro autobuses y tranvias zona muy comercial con todo tipo de tiendas y comercios cerca de parada de bicing. Totalmente equipado con aire acondicionado exterior ventanas de aluminio muebles d...,850,sants montjuic sants 8 0/,25 m²,No indicada,,,,,ut968726,,,,,,,2026-05-26
https://www.pisos.com/alquilar/piso-el_clot08026-62512284315_109200/,Piso en alquiler en El Clot en El Clot por 2.000 €/mes,"English-modern and renovated apartment in sant martí – el clot looking for a brand-new, bright, and perfectly located apartment for your temporary stay in barcelona? this attractive apartment, recently renovated and designed with guest comfort in mind, is located in the sought-after district of ...",2000,el clot 5 0/,75 m²,No indicada,,,,,ut1552240,,,,,,,2026-05-26
https://www.pisos.com/alquilar/piso-sants_montjuic_sants08028-61755845803_109200/,Piso en alquiler en Sants en Sants por 850 €/mes,Se alquila estudio para una persona alquiler ideal estudiantes trabajadores erasmus medicos cerca del metro autobuses y tranvias zona muy comercial con todo tipo de tiendas y comercios cerca de parada de bicing. Totalmente equipado con aire acondicionado exterior ventanas de aluminio muebles d...,850,sants montjuic sants 3 0/,25 m²,No indicada,,,,,ut976455,,,,,,,2026-05-26
https://www.pisos.com/alquilar/piso-sants_montjuic_sants08028-61723698091_109200/,Piso en alquiler en Sants en Sants por 850 €/mes,Se alquila estudio para una persona alquiler ideal estudiantes trabajadores erasmus medicos cerca del metro autobuses y tranvias zona muy comercial con todo tipo de tiendas y comercios cerca de parada de bicing. Totalmente equipado con aire acondicionado exterior ventanas de aluminio muebles d...,850,sants montjuic sants 1 0/,25 m²,No indicada,,,,,ut1623291,,,,,,,2026-05-26
https://www.pisos.com/alquilar/piso-la_vila_de_gracia08012-61669985570_109200/,Piso en alquiler en La Vila de Gràcia en La Vila de Gràcia por 2.300 €/mes,"It is 100 sqm with (2 double and 2 single rooms. One of the double rooms has a shower in the room), living room, equipped kitchen , one complete bathroom. Renewed apartment room 1: exterior 15m2 - queen sized bed, study table and a wardrobe . It has a bathroom inside the room with a shower and a ...",2300,la vila de gracia 0 0/,100 m²,No indicada,,,,,ut1545652,,,,,,,2026-05-26
https://www.pisos.com/alquilar/piso-la_vila_de_gracia08012-61732456501_109200/,Piso en alquiler en La Vila de Gràcia en La Vila de Gràcia por 2.100 €/mes,"Spacious and fully renovated 80 m2 apartment located in the heart of gràcia, barcelona. The flat features three bedrooms: one master bedroom with a double bed, one standard double bedroom, and one single room, making it perfect for students or professionals sharing. There is a fully equipped bath...",2100,la vila de gracia 1 0/,80 m²,No indicada,,,,,ut1523084,,,,,,,2026-05-26
https://www.pisos.com/alquilar/piso-la_vila_de_gracia08012-61761309246_109200/,Piso en alquiler en La Vila de Gràcia en La Vila de Gràcia por 2.450 €/mes,"Stunning 120 m2 duplex apartment in vibrant gràcia this beautifully designed duplex apartment offers a spacious and comfortable living environment right in the heart of gràcia, one of barcelona’s most sought-after neighborhoods. With an open and bright layout, this apartment is ideal for students...",2450,la vila de gracia 6 0/,120 m²,No indicada,,,,,ut1516201,,,,,,,2026-05-26
https://www.pisos.com/alquilar/piso-la_vila_de_gracia08012-61731527392_109200/,Piso en alquiler en La Vila de Gràcia en La Vila de Gràcia por 1.900 €/mes,"60 m2 apartment in the heart of gràcia, barcelona this cozy apartment features three bedrooms: one double and two singles, making it an ideal space for students or professionals. The bright living-dining area has a large window that brings in plenty of natural light. The fully equipped kitchen of...",1900,la vila de gracia 2 0/,60 m²,No indicada,,,,,ut1610470,,,,,,,2026-05-26
https://www.pisos.com/alquilar/piso-la_vila_de_gracia08012-61744890400_109200/,Piso en alquiler en La Vila de Gràcia en La Vila de Gràcia por 1.900 €/mes,"This modern renovated apartment is located on francisco giner street, in the vibrant neighborhood of gracia, barcelona. The property features three bedrooms: one exterior double bedroom with a double bed, access to a gallery, study desk, and wardrobes; and two single bedrooms, one exterior and on...",1900,la vila de gracia 0 0/,65 m²,No indicada,,,,,ut1553338,,,,,,,2026-05-26
https://www.pisos.com/alquilar/piso-el_barri_gotic08002-61730480496_109200/,Piso en alquiler en El Barri Gòtic en El Barri Gòtic por 1.300 €/mes,"Are you searching for a peaceful retreat in the center of barcelona? 🌟 🏙️ we’re happy to present our charming interior studio apartment, offering all the comfort you need right in the heart of the city. 🏡 ✨ this fully furnished 40m2 studio, ideal for couples 💑, comes with a cozy double bed, a...",1300,el barri gotic 6 0/,40 m²,No indicada,,,,,ut1032396,,,,,,,2026-05-26
https://www.pisos.com/alquilar/piso-la_vila_de_gracia08012-61682399379_109200/,Piso en alquiler en La Vila de Gràcia en La Vila de Gràcia por 2.000 €/mes,"🏡 spacious & bright 3-bedroom apartment with balcony and patio – gràcia district welcome to your new home in the vibrant gràcia neighborhood! this spacious 100 m2 apartment is full of natural light and charm, perfect for students or young professionals looking to enjoy life in one of barcelona’...",2000,la vila de gracia 9 0/,100 m²,No indicada,,,,,ut1617685,,,,,,,2026-05-26
https://www.pisos.com/alquilar/piso-antiga_esquerra_de_eixample08008-61701476131_109200/,Piso en alquiler en L'Antiga Esquerra de L'Eixample en L'Antiga Esquerra de l'Eixample por 2.300 €/mes,"It is a 75 sqm apartment with 3 bedrooms (2 double and 1 single). It has a spacious dinning room, full equipped kitchen, a complete bathroom and a big terrace room 1: exterior 12 m2 - has 2 single beds (901,90) and wardrobes. Room 2: exterior 10 m2 - double bed (1,351,90) with wardrobes and study...",2300,antiga esquerra de eixample 1 0/,80 m²,No indicada,,,,,ut1516205,,,,,,,2026-05-26
https://www.pisos.com/alquilar/piso-sant_marti_el_poblenou08018-61693022191_109200/,Piso en alquiler en El Poblenou en El Poblenou por 1.438 €/mes,"In a quiet and central area of the poblenou neighborhood, you will find this beautiful, completely renovated apartment. It has excellent public transport connections, a shopping center, restaurants and a generally welcoming atmosphere. Open kitchen, dining room and living room with a small balcon...",1438,sant marti el poblenou 1 0/,70 m²,No indicada,,,,,ut1238216,,,,,,,2026-05-26
https://www.pisos.com/alquilar/piso-el_raval08001-61693684628_109200/,Piso en alquiler en El Raval en El Raval por 1.213 €/mes,"2-bedroom apartment | 1 bathroom | elevator | el raval, barcelona the cedula will only allow us to rent to 1 person at a time. About the property modern and fully equipped apartment located in el raval, within the historic centre of barcelona. This apartment offers a functional layout and cont...",1213,el raval 8 0/,63 m²,No indicada,,,,,ut1689849,,,,,,,2026-05-26
https://www.pisos.com/alquilar/piso-el_barri_gotic08002-61720397187_109200/,Piso en alquiler en El Barri Gòtic en El Barri Gòtic por 1.375 €/mes,"Bright, fully refurbished duplex with warm colors in a historic building. Located in el gótico, one of barcelona''s most emblematic areas, just a 5-minute walk from the 'jaume i' metro stop, and in the heart of the city surrounded by history and charm. This beautiful apartment has one bedroom, t...",1375,el barri gotic 7 0/,58 m²,No indicada,,,,,ut662907,,,,,,,2026-05-26
https://www.pisos.com/alquilar/piso-la_dreta_de_eixample08009-61671709234_109200/,Piso en alquiler en La Dreta de L'Eixample en La Dreta de l'Eixample por 2.300 €/mes,"Alquiler vacacional mínimo 32 días. Preciosa vivienda de 75m2 amueblada en alquiler, ubicado en el eixample de barcelona desde donde podrás contar con una perfecta comunicación tanto de transporte público (metro, autobús y tranvía) como de todo tipo de comercios a pocos metros paseo de gracia. E...",2300,la dreta de eixample 4 0/,75 m²,No indicada,,,,,ut1575246,,,,,,,2026-05-26
https://www.pisos.com/alquilar/piso-antiga_esquerra_de_eixample08011-61672853747_109200/,Piso en alquiler en L'Antiga Esquerra de L'Eixample en L'Antiga Esquerra de l'Eixample por 1.700 €/mes,"Spacious and well-located apartment in eixample, one of barcelona’s most central and sought-after residential areas. The property offers: 3 bedrooms 1 full bathroom + 1 additional wc large living space with natural light building with elevator ideal for tenants seeking a comfortable, centrally...",1700,antiga esquerra de eixample 7 0/,97 m²,No indicada,,,,,ut1691302,,,Central,,,,2026-05-26
https://www.pisos.com/alquilar/piso-el_fort_pienc08013-61728945489_109200/,Piso en alquiler en El Fort Pienc en El Fort Pienc por 3.000 €/mes,"Everything in this 4 bedroom, 2 bath home is brand new with scandinavian designer furniture that sparks joy and a cozy feeling. The warm colors, the soft light of the morning, and an exquisite decoration will make you feel very comfortable in this apartment prepared especially for long stays and ...",3000,el fort pienc 9 0/,80 m²,No indicada,,,,,ut1223141,,,Central,,,,2026-05-26
https://www.pisos.com/alquilar/piso-la_nova_esquerra_de_eixample08029-61726236676_109200/,Piso en alquiler en La Nova Esquerra de L'Eixample en La Nova Esquerra de l'Eixample por 2.524 €/mes,"This accommodation is exclusively for holiday stays. Bookings related to work, study, or medical visits are not permitted. Located just a few minutes walking from hospital clinic and the amazing plaça francesc macià, you will find many trendy bars and restaurants within walking distance. If you...",2524,la nova esquerra de eixample 6 0/,80 m²,No indicada,,,,,ut1688657,,,Central,,,,2026-05-26
https://www.pisos.com/alquilar/piso-la_dreta_de_eixample08009-61712328543_109200/,Piso en alquiler en La Dreta de L'Eixample en La Dreta de l'Eixample por 2.300 €/mes,"Alquiler vacacional mínimo 32 días. Preciosa vivienda de 75m2 amueblada en alquiler, ubicado en el eixample de barcelona desde donde podrás contar con una perfecta comunicación tanto de transporte público (metro, autobús y tranvía) como de todo tipo de comercios a pocos metros paseo de gracia. E...",2300,la dreta de eixample 3 0/,75 m²,No indicada,,,,,ut1618414,,,,,,,2026-05-26
https://www.pisos.com/alquilar/piso-montbau08035-61766430443_109200/,Piso en alquiler en Montbau en Montbau por 1.400 €/mes,"🏡 bright 3-bedroom apartment in horta – ideal for students or professionals this cozy 60 m2 apartment is located in a peaceful pedestrian area in the horta neighborhood, right next to vall d’hebron hospital, with excellent public transport connections. ✨ layout: 🛏️ 1 double bedroom with a pr...",1400,montbau 3 0/,60 m²,No indicada,,,,,ut1617743,,,,,,,2026-05-26
https://www.pisos.com/alquilar/piso-el_parc_la_llacuna_del_poblenou08018-61729075017_109200/,Piso en alquiler en El Parc-La Llacuna del Poblenou en El Parc-La Llacuna del Poblenou por 1.800 €/mes,"Two-story apartment (70 m2) with a terrace in the heart of poblenou, in a quiet area yet close to shops and restaurants.tram and metro are 10 minutes away, and the beach is 1.2 km.downstairs there is one double bedroom with curtains for privacy and a bathroom. Upstairs there is another double bed...",1800,el parc la llacuna del poblenou 7 0/,70 m²,No indicada,,,,,ut1576226,,,,,,,2026-05-26
https://www.pisos.com/alquilar/piso-el_fort_pienc08013-61742479930_109200/,Piso en alquiler en El Fort Pienc en El Fort Pienc por 1.800 €/mes,"Alquiler vacacional precioso estudio de 40m2 amueblado en alquiler, ubicado en el eixample de barcelona desde donde podrás contar con una perfecta comunicación tanto de transporte público (metro, autobús y tranvía) como de todo tipo de comercios pocos metros de sagrada familia. Este bonito estudi...",1800,el fort pienc 0 0/,40 m²,No indicada,,,,,ut1689175,,,,,,,2026-05-26
https://www.pisos.com/alquilar/piso-el_raval08002-61709533644_109200/,Piso en alquiler en El Raval en El Raval por 1.763 €/mes,"This accommodation is exclusively for holiday stays. Bookings related to work, study, or medical visits are not permitted. This central located, but quiet apartment might just be what you are looking for! it is ideally located in the middle of the city centre, close to all public transportation...",1763,el raval 4 0/,47 m²,No indicada,,,,,ut1688661,,,Central,,,,2026-05-26
https://www.pisos.com/alquilar/piso-el_raval08002-61670308897_109200/,Piso en alquiler en El Raval en El Raval por 2.357 €/mes,"This accommodation is exclusively for holiday stays. Bookings related to work, study, or medical visits are not permitted. 🌟 spacious 2-bedroom apartment on la rambla, (hidden) city center 🌟 experience the best of (hidden) from this charming 2-bedroom apartment in the heart of la rambla, in a ...",2357,el raval 7 0/,78 m²,No indicada,,,,,ut1688669,,,Central,,,,2026-05-26
https://www.pisos.com/alquilar/piso-el_raval08002-61732514737_109200/,Piso en alquiler en El Raval en El Raval por 2.205 €/mes,"This accommodation is exclusively for holiday stays. Bookings related to work, study, or medical visits are not permitted. Make yourself at home in this fully furnished, sun-filled, 50 m2 apartment right in the heart of (hidden) — an ideal base for stays of 32 nights or more. With sweeping view...",2205,el raval 7 0/,50 m²,No indicada,,,,,ut1688666,,,Central,,,,2026-05-26
https://www.pisos.com/alquilar/piso-el_raval08002-61751965471_109200/,Piso en alquiler en El Raval en El Raval por 1.865 €/mes,"This accommodation is exclusively for holiday stays. Bookings related to work, study, or medical visits are not permitted. 🌟 your perfect central hideaway in (hidden) 🌟 wake up in the heart of (hidden), just steps from plaça catalunya and the city’s most iconic sights, yet enjoy a peaceful re...",1865,el raval 1 0/,47 m²,No indicada,,,,,ut1688659,,,Central,,,,2026-05-26
https://www.pisos.com/alquilar/piso-el_raval08002-61690819450_109200/,Piso en alquiler en El Raval en El Raval por 1.911 €/mes,"This accommodation is exclusively for holiday stays. Bookings related to work, study, or medical visits are not permitted. This central yet quiet apartment might be just what you''re looking for. It''s ideally located in the city center, close to all public transportation. However, as the apar...",1911,el raval 0 0/,47 m²,No indicada,,,,,ut1688658,,,Central,,,,2026-05-26
https://www.pisos.com/alquilar/piso-ciutat_vella_la_barceloneta08003-61715022876_109200/,Piso en alquiler en La Barceloneta en La Barceloneta por 1.932 €/mes,"This accommodation is exclusively for holiday stays. Bookings related to work, study, or medical visits are not permitted. This trendy apartment at walking distance from the beach may just be what you are looking for! located in the barceloneta area, right next to the beach you will be able to e...",1932,ciutat vella la barceloneta 6 0/,33 m²,No indicada,,,,,ut1688670,,,Central,,,,2026-05-26
https://www.pisos.com/alquilar/piso-el_raval08002-61673679129_109200/,Piso en alquiler en El Raval en El Raval por 2.195 €/mes,"This accommodation is exclusively for holiday stays. Bookings related to work, study, or medical visits are not permitted. Wake up in the heart of (hidden)’s vibrant city center, with sunlight streaming through the large living room windows and the iconic la rambla right at your doorstep. From y...",2195,el raval 9 0/,47 m²,No indicada,,,,,ut1688655,,,Central,,,,2026-05-26
https://www.pisos.com/alquilar/piso-el_raval08002-61668974776_109200/,Piso en alquiler en El Raval en El Raval por 2.176 €/mes,"This accommodation is exclusively for holiday stays. Bookings related to work, study, or medical visits are not permitted. This homey apartment, which offer lots of natural light might just be what you are looking for! it is ideally located in the middle of the city centre, close to all public ...",2176,el raval 6 0/,50 m²,No indicada,,,,,ut1688662,,,Central,,,,2026-05-26
https://www.pisos.com/alquilar/piso-el_raval08002-61747783317_109200/,Piso en alquiler en El Raval en El Raval por 1.946 €/mes,"This accommodation is exclusively for holiday stays. Bookings related to work, study, or medical visits are not permitted. This central located, but quiet apartment might just be what you are looking for! it is ideally located in the middle of the city centre, close to all public transportation....",1946,el raval 7 0/,47 m²,No indicada,,,,,ut1688665,,,Central,,,,2026-05-26
https://www.pisos.com/alquilar/piso-el_raval08002-61737208669_109200/,Piso en alquiler en El Raval en El Raval por 2.357 €/mes,"This accommodation is exclusively for holiday stays. Bookings related to work, study, or medical visits are not permitted. Take a look at this amazing 2 bedroom apartment, located in the very city centre of (hidden). You will be close to all public transportation, even though you will be able ...",2357,el raval 9 0/,68 m²,No indicada,,,,,ut1688660,,,Central,,,,2026-05-26
https://www.pisos.com/alquilar/piso-la_vila_de_gracia08012-61698573426_109200/,Piso en alquiler en La Vila de Gràcia en La Vila de Gràcia por 1.400 €/mes,"🏡 charming renovated apartment in the heart of gràcia – verdi street, barcelona 🌿 discover this beautiful apartment located on one of the most iconic streets of the gràcia neighborhood. Situated on the quiet and picturesque verdi street, this flat blends the charm of a classic building with a ...",1400,la vila de gracia 6 0/,50 m²,No indicada,,,,,ut1637351,,,,,,,2026-05-26
https://www.pisos.com/alquilar/piso-el_fort_pienc08013-61718592954_109200/,Piso en alquiler en El Fort Pienc en El Fort Pienc por 2.400 €/mes,"Comfortable studio with 2 beds or 1 double bed fully equipped with kitchen, bathroom. Located a few steps from plaza cataluña, in the left eixample, near the arc de triomphe. Right in sicilia street, you could walk until arc de triomf in less than 5 minutes. Ideally located. With parking in the ...",2400,el fort pienc 4 0/,40 m²,No indicada,,,,,ut1033142,,,Central,,,,2026-05-26
https://www.pisos.com/alquilar/piso-el_camp_en_grassot_gracia_nova08025-61735717232_109200/,Piso en alquiler en El Camp D'en Grassot-Gràcia Nova en El Camp d'en Grassot-Gràcia Nova por 2.150 €/mes,"🏡 spacious 4-bedroom apartment in the heart of eixample – perfect for students! welcome to your new home in barcelona! this bright and spacious 90 m2 apartment is located in the sought-after eixample district and is ideal for students. With 4 comfortable bedrooms — including 2 doubles, 1 master...",2150,el camp en grassot gracia nova 2 0/,90 m²,No indicada,,,,,ut1617641,,,,,,,2026-05-26
https://www.pisos.com/alquilar/piso-el_fort_pienc08013-61747820857_109200/,Piso en alquiler en El Fort Pienc en El Fort Pienc por 2.400 €/mes,"Comfortable studio with 2 beds or 1 double bed fully equipped with kitchen, bathroom. Located a few steps from plaza cataluña, in the left eixample, near the arc de triomphe. Right in sicilia street, you could walk until arc de triomf in less than 5 minutes. Ideally located. With parking in the ...",2400,el fort pienc 7 0/,40 m²,No indicada,,,,,ut1041068,,,Central,,,,2026-05-26
https://www.pisos.com/alquilar/piso-el_fort_pienc08013-61734909545_109200/,Piso en alquiler en El Fort Pienc en El Fort Pienc por 2.400 €/mes,"Comfortable 1br with 2 beds or 1 double bed fully equipped with kitchen, bathroom. Located a few steps from plaza cataluña, in the left eixample, near the arc de triomphe. Right in sicilia street, you could walk until arc de triomf in less than 5 minutes. Ideally located. With parking in the buil...",2400,el fort pienc 5 0/,60 m²,No indicada,,,,,ut1041054,,,Central,,,,2026-05-26
https://www.pisos.com/alquilar/piso-la_dreta_de_eixample08009-61719409265_109200/,Piso en alquiler en La Dreta de L'Eixample en La Dreta de l'Eixample por 2.700 €/mes,"✨ spacious 4-bedroom, 3-bathroom apartment in the heart of barcelona’s eixample ✨ discover this spectacular 145 m2 apartment located in a classic eixample-style building — featuring high ceilings, elegant moldings, and all the charm of barcelona’s traditional architecture. 🏡 the flat offers 4 be...",2700,la dreta de eixample 5 0/,145 m²,No indicada,,,,,ut1616351,,,,,,,2026-05-26
https://www.pisos.com/alquilar/piso-sants_montjuic_hostafrancs08014-61742033733_109200/,Piso en alquiler en Hostafrancs en Hostafrancs por 1.050 €/mes,"🏡 one-of-a-kind apartment this outstanding apartment is perfect for those seeking style and space. In a vibrant area, you''re close to shopping, dining, and beautiful parks. 🔑 main reasons to live here -recently renovated apartment -great location with plenty to explore in sants 💬 victoria, ...",1050,sants montjuic hostafrancs 3 0/,70 m²,No indicada,,,,,ut1378210,,,,,,,2026-05-26
https://www.pisos.com/alquilar/piso-el_fort_pienc08013-61693367845_109200/,Piso en alquiler en El Fort Pienc en El Fort Pienc por 3.500 €/mes,"In this brand new home with 4 bedrooms and two bathrooms you will immerse yourself in an exclusive perfume with notes of wood, where each space becomes a sensory experience. The warm colors and carefully selected details have created a space where elegance and warmth merge into a unique experienc...",3500,el fort pienc 5 0/,85 m²,No indicada,,,,,ut1477522,,,Central,,,,2026-05-26
https://www.pisos.com/alquilar/piso-ciutat_vella_la_barceloneta08003-61734946903_109200/,Piso en alquiler en La Barceloneta en La Barceloneta por 1.150 €/mes,"Vivienda reformada ideal para compartir de 2 habitaciones condiciones de alquiler: alquiler: (1.150€) fianza: 2meses (2.300€) gastos de agua, luz e internet: 150€ servicios de gestión (1.390€) descripción de la vivienda: situado en un edificio del estilo de la zona, en el barrio de barcel...",1150,ciutat vella la barceloneta 3 0/,42 m²,No indicada,,,,,ut1667518,,,,,,,2026-05-26
https://www.pisos.com/alquilar/piso-la_dreta_de_eixample08009-61680928965_109200/,Piso en alquiler en La Dreta de L'Eixample en La Dreta de l'Eixample por 3.000 €/mes,"Exclusive, sun-drenched (hidden) in the heart of eixample. Step into elegance and light in this refined fifth-floor (hidden), perfectly positioned opposite the iconic mercat de la concepció and just four blocks from the prestigious passeig de gràcia. Thanks to its coveted south-facing orientatio...",3000,la dreta de eixample 5 0/,75 m²,No indicada,,,,,ut1649389,,,,,,,2026-05-26
https://www.pisos.com/alquilar/piso-eixample_sant_antoni08015-61757469129_109200/,Piso en alquiler en Sant Antoni en Sant Antoni por 2.400 €/mes,"Modern and renovated 2 bedroom apartment near sant antoni market. You can walk only in 10 min to main square plaza catalunya apartment has been designed and prepared to make your stay comfortable. It has 2 double bedrooms, open space kitchen with dining table. Both bedrooms and living room have s...",2400,eixample sant antoni 9 0/,72 m²,No indicada,,,,,ut1647772,,,,,,,2026-05-26
https://www.pisos.com/alquilar/piso-la_dreta_de_eixample08007-61719391778_109200/,Piso en alquiler en La Dreta de L'Eixample en La Dreta de l'Eixample por 2.249 €/mes,"Exclusive home located on rambla de catalunya, in the heart of the sought-after eixample neighborhood, just a few minutes from plaza catalunya, one of the main commercial hubs of the city, and just one street from passeig de gràcia, where they meet the most select stores the apartment has 60m2 d...",2249,la dreta de eixample 8 0/,65 m²,No indicada,,,,,ut1447777,,,,,,,2026-05-26
https://www.pisos.com/alquilar/piso-el_fort_pienc08013-61679056952_109200/,Piso en alquiler en El Fort Pienc en El Fort Pienc por 1.800 €/mes,"Alquiler vacacional precioso estudio de 40m2 amueblado en alquiler, ubicado en el eixample de barcelona desde donde podrás contar con una perfecta comunicación tanto de transporte público (metro, autobús y tranvía) como de todo tipo de comercios pocos metros de sagrada familia. Este bonito estudi...",1800,el fort pienc 2 0/,40 m²,No indicada,,,,,ut1378707,,,,,,,2026-05-26
https://www.pisos.com/alquilar/piso-sant_andreu_barrio08030-61754775662_109200/,Piso en alquiler en Sant Andreu en Sant Andreu por 2.500 €/mes,"Two bedroom apartment located in sant andreu area. In a pedestrian street, very calm and nice little neigbourhood. Very close to fabra y puig ( l1) metro station that leads you to plaza cataluña in 5 minutes, or 11 de septembre metro station. The area is super cosy plenty of tapas bars, bars, s...",2500,sant andreu barrio 2 0/,35 m²,No indicada,,,,,ut1072210,,,,,,,2026-05-26
https://www.pisos.com/alquilar/piso-sant_pere_santa_caterina_la_ribera08003-61726182763_109200/,Piso en alquiler en Sant Pere-Santa Caterina-La Ribera en Sant Pere-Santa Caterina-La Ribera por 2.600 €/mes,"Amazing and central 3 bedrooms + 2 bathrooms apartment in the heart of the born next to metro jaume i. This apartment is a great option for families or group of friends spending a few months in the city. Walking distance to most of the points of interest, beach, ciutadella park, ramblas, gotic q...",2600,sant pere santa caterina la ribera 3 0/,70 m²,No indicada,,,,,ut1565735,,,,,,,2026-05-26
https://www.pisos.com/alquilar/piso-la_nova_esquerra_de_eixample08029-60873321401_109200/,Piso en alquiler en La Nova Esquerra de L'Eixample en La Nova Esquerra de l'Eixample por 1.220 €/mes,"💢💢💢 well-connected 3-bedroom apartment in sants, barcelona 🏠✨ this fully furnished and equipped apartment is ready to move in and ideally located near tmb transport, shops, and entertainment. It features 3 double bedrooms and a spacious living/dining room with access to a balcony overlookin...",1220,la nova esquerra de eixample 1 0/,67 m²,No indicada,,,,,ut1455739,,,Central,,,,2026-05-26
https://www.pisos.com/alquilar/piso-el_raval08001-60889883774_109200/,Piso en alquiler en El Raval en El Raval por 1.380 €/mes,"🌟 one-of-a-kind opportunity to live in this outstanding apartment! this spacious 1-bedroom apartment on carrer de la junta de comerç, in barcelona, is fully furnished. The modern property has a large terrace, a fully equipped kitchen, and stylish décor throughout. The bathroom is nicely tiled a...",1380,el raval 4 0/,80 m²,No indicada,,,,,ut1375598,,,,,,,2026-05-26
https://www.pisos.com/alquilar/piso-el_barri_gotic08002-60903674383_109200/,Piso en alquiler en El Barri Gòtic en El Barri Gòtic por 3.600 €/mes,"Situated in the lively district of gothic just by ramblas and plaza reial, this apartment is an ideal choice if you prefer a central home. Fully equipped and furnished, with a living room and a joyful design, this apartment is worthy of your attention. There are three nice bedrooms, two with a si...",3600,el barri gotic 3 0/,80 m²,No indicada,,,,,ut1010812,,,,,,,2026-05-26
https://www.pisos.com/alquilar/piso-el_putxet_el_farro08023-60869427544_109200/,Piso en alquiler en El Putxet-El Farró en El Putxet-El Farró por 1.800 €/mes,"(hidden) apartments is delighted to present this charming and beautifully designed one-bedroom apartment, ideally located just steps away from lesseps metro station (line 3), offering easy access to the heart of barcelona and all its vibrant neighborhoods. The apartment is fully furnished and th...",1800,el putxet el farro 4 0/,45 m²,No indicada,,,,,ut1582232,,,Central,,,,2026-05-26
https://www.pisos.com/alquilar/piso-el_raval08001-60858374321_109200/,Piso en alquiler en El Raval en El Raval por 1.498 €/mes,"Recién reformado por completo con precios baño y aa frío/calor entrada con teclado. Wi-fi ilimitado cocina equipada con todos los electrodomésticos y utensilios goza de una ubicación ideal a 15 minutos de plaza cataluña, a 10 de la boquería. Hay numerosas tiendas, restaurantes, cafeterías, una bi...",1498,el raval 1 0/,29 m²,No indicada,,,,,ut1665335,,,,,,,2026-05-26
https://www.pisos.com/alquilar/piso-sants_montjuic_hostafrancs08014-60841915765_109200/,Piso en alquiler en Hostafrancs en Hostafrancs por 2.300 €/mes,"🌟 spacious 4-bedroom apartment near barcelona sants station! 🌟 welcome to this bright and well-located apartment situated close to barcelona sants railway station, in the well-connected area of sants, in barcelona ✨ perfect for families, friends, or professionals, this 4-bedroom apartment off...",2300,sants montjuic hostafrancs 5 0/,75 m²,No indicada,,,,,ut1596006,,,,,,,2026-05-26
https://www.pisos.com/alquilar/piso-sant_andreu_navas08027-60913236527_109200/,Piso en alquiler en Navas en Navas por 1.600 €/mes,"🌟 renovated 4-bedroom apartment in sant andreu! 🌟 welcome to this beautifully renovated and well-located apartment situated in the residential district of sant andreu, in the vibrant city of barcelona ✨ perfect for families, groups, or professionals, this 4-bedroom apartment offers a spacious...",1600,sant andreu navas 7 0/,70 m²,No indicada,,,,,ut1545813,,,Central,,,,2026-05-26
https://www.pisos.com/alquilar/piso-sants_montjuic_hostafrancs08014-60884440353_109200/,Piso en alquiler en Hostafrancs en Hostafrancs por 950 €/mes,"🌞 one-of-a-kind opportunity to live in this outstanding apartment! 🔍 more details... Imagine having a few drinks with friends in the sun. Step out of the living room into this lovely little outdoor space. Add a couple of bean bags or a table and chairs, and it''s the perfect place to enjoy wit...",950,sants montjuic hostafrancs 3 0/,50 m²,No indicada,,,,,ut1378227,,,,,,,2026-05-26
https://www.pisos.com/alquilar/piso-la_vila_de_gracia08012-60912731914_109200/,Piso en alquiler en La Vila de Gràcia en La Vila de Gràcia por 1.640 €/mes,"🌟 2-bedroom apartment in the heart of gràcia! 🌟 welcome to this bright and comfortable apartment located in the charming neighborhood of gràcia, one of the most authentic and lively areas of barcelona ✨ perfect for couples, friends, or students, this 2-bedroom apartment offers a practical and...",1640,la vila de gracia 4 0/,70 m²,No indicada,,,,,ut1409080,,,,,,,2026-05-26
https://www.pisos.com/alquilar/piso-sant_andreu_barrio08030-60871791233_109200/,Piso en alquiler en Sant Andreu en Sant Andreu por 1.600 €/mes,"🌟 spacious 3-bedroom apartment in sant andreu! 🌟 welcome to this bright and comfortable apartment located in the residential district of sant andreu, in the vibrant city of barcelona ✨ perfect for families, friends, or professionals, this 3-bedroom apartment offers a practical and well-balanc...",1600,sant andreu barrio 3 0/,65 m²,No indicada,,,,,ut1671653,,,Central,,,,2026-05-26
https://www.pisos.com/alquilar/piso-el_raval08001-60922876500_109200/,Piso en alquiler en El Raval en El Raval por 1.080 €/mes,"Rustic apartment with a terrace this spacious apartment exudes rustic charm with its stunning brick arches and exposed wooden carpentry on the ceiling, giving the space a warm, inviting atmosphere. The natural textures of brick and wood create a cozy, timeless feel, while the large open layout o...",1080,el raval 0 0/,130 m²,No indicada,,,,,ut1548514,,,,,,,2026-05-26
https://www.pisos.com/alquilar/piso-la_sagrada_familia08025-60886716931_109200/,Piso en alquiler en La Sagrada Família en La Sagrada Família por 2.490 €/mes,"*monthly rental apartment (from 32 days to 11 months)* stay in the heart of barcelona in this beautifully renovated apartment, perfect for long-term stays. Located just steps from the iconic sagrada familia and the historic hospital sant pau, this modern flat offers both comfort and convenience....",2490,la sagrada familia 1 0/,42 m²,No indicada,,,,,ut1549184,,,,,,,2026-05-26
https://www.pisos.com/alquilar/piso-el_besos_el_maresme08019-60864040087_109200/,Piso en alquiler en El Besòs-El Maresme en El Besòs-El Maresme por 1.450 €/mes,"🛏️ this amazing accommodation is specially designed for those residents who are looking for all the comforts of living in a spacious and private space. It includes two distinct environments: a living room with its own kitchen and en-suite bedroom, all just for you! this standard apartment has ai...",1450,el besos el maresme 7 0/,32 m²,No indicada,,,,,ut1520323,,,,,,,2026-05-26
https://www.pisos.com/alquilar/piso-sants_montjuic_hostafrancs08014-60907180562_109200/,Piso en alquiler en Hostafrancs en Hostafrancs por 1.050 €/mes,"🌟 one-of-a-kind opportunity to live in this outstanding apartment! perfect for those who want an avant-garde style and good connections. 🔍 more details... You will love the living room. Stylish furnishings, beautiful hardwood floors, and lots of natural light. It is the perfect place to relax...",1050,sants montjuic hostafrancs 2 0/,45 m²,No indicada,,,,,ut1378533,,,,,,,2026-05-26
https://www.pisos.com/alquilar/piso-sants_montjuic_hostafrancs08014-60884794257_109200/,Piso en alquiler en Hostafrancs en Hostafrancs por 1.050 €/mes,"🏡 one-of-a-kind apartment in barcelona live in this outstanding apartment, with an avant-garde style and great transport connections, this apartment has everything you need to live in style. Enjoy stylish furnishings, beautiful hardwood floors, and plenty of natural light. The spacious living ro...",1050,sants montjuic hostafrancs 7 0/,45 m²,No indicada,,,,,ut1319936,,,,,,,2026-05-26
https://www.pisos.com/alquilar/piso-el_poble_sec08004-60926437863_109200/,Piso en alquiler en El Poble-Sec en El Poble-sec por 1.480 €/mes,"📍 stunning 2-bedroom apartment in poble sec this 52 m2, 2-bedroom apartment on carrer d''en fontrodona offers a blend of comfort and style in the heart of poble sec. It features a spacious living and dining area with balconies overlooking the vibrant neighborhood, a modern kitchen and bathroo...",1480,el poble sec 3 0/,52 m²,No indicada,,,,,ut1375555,,,,,,,2026-05-26
https://www.pisos.com/alquilar/piso-el_barri_gotic08002-60913087044_109200/,Piso en alquiler en El Barri Gòtic en El Barri Gòtic por 1.970 €/mes,"Elegant two-bedroom, one-bathroom apartment located in one of the most popular and sought-after areas of central barcelona. Once you find yourself in this square in the historic centre of barcelona, you can take any of the surrounding streets, where you will find cobblestone alleys full of histor...",1970,el barri gotic 4 0/,57 m²,No indicada,,,,,ut1364278,,,Central,,,,2026-05-26
https://www.pisos.com/alquilar/piso-el_barri_gotic08002-60851358753_109200/,Piso en alquiler en El Barri Gòtic en El Barri Gòtic por 3.600 €/mes,"Situated in the lively district of gothic just by ramblas and plaza reial, this apartment is an ideal choice if you prefer a central home. Fully equipped and furnished, with a living room and a joyful design, this apartment is worthy of your attention. There are three bedrooms, each one can have ...",3600,el barri gotic 3 0/,85 m²,No indicada,,,,,ut1010799,,,,,,,2026-05-26
https://www.pisos.com/alquilar/piso-la_dreta_de_eixample08010-60854235616_109200/,Piso en alquiler en La Dreta de L'Eixample en La Dreta de l'Eixample por 2.350 €/mes,"Enjoy living local in this bright fully equipped well furnished central apartment with parking in the eixample neighbourhood. With all amenities nearby you’ll be minutes from plaza cat(hidden), el born & the beach. An ideal location in a private building with concierge to enjoy the best of the ca...",2350,la dreta de eixample 6 0/,80 m²,No indicada,,,,,ut1011254,,,,,,,2026-05-26
https://www.pisos.com/alquilar/piso-el_barri_gotic08002-60842721141_109200/,Piso en alquiler en El Barri Gòtic en El Barri Gòtic por 1.970 €/mes,"2-bedroom apartment in the center of barcelona, very close to la rambla, el born and barceloneta. It has wi-fi internet connection, air conditioning and a safe. You will also find a fully equipped kitchen, a bathroom and a bright living room with a comfortable sofa, smart tv, tables and chairs. ...",1970,el barri gotic 1 0/,70 m²,No indicada,,,,,ut1569130,,,Central,,,,2026-05-26
https://www.pisos.com/alquilar/piso-sant_gervasi_galvany08021-60907212986_109200/,Piso en alquiler en Sant Gervasi-Galvany en Sant Gervasi-Galvany por 2.550 €/mes,"Magnifica vivienda de alta gama, en una de las mejores zonas de barcelona. Te gustaría vivir en un magnífico edificio en el pleno corazón de sarria-sant gervasi, en una zona residencial, segura y tranquila. La vivienda en una segunda planta con ascensor, se encuentra ubicada en un edificio mode...",2550,sant gervasi galvany 6 0/,55 m²,No indicada,,,,,ut1673011,,,Central,,,,2026-05-26
https://www.pisos.com/alquilar/piso-el_fort_pienc08013-60908528842_109200/,Piso en alquiler en El Fort Pienc en El Fort Pienc por 2.100 €/mes,"With a thoughtful and stylish design, this newly renovated two-bedroom apartment offers comfort and functionality. Very close to the sagrada familia, it''s the perfect starting point for enjoying barcelona in comfort and style. The apartment has been renovated with contemporary flair, combining ...",2100,el fort pienc 2 0/,45 m²,No indicada,,,,,ut1645264,,,,,,,2026-05-26
https://www.pisos.com/alquilar/piso-el_barri_gotic08002-60915074821_109200/,Piso en alquiler en El Barri Gòtic en El Barri Gòtic por 1.650 €/mes,"If you’ve ever imagined living in the true center of barcelona—where everything happens and everything is just a few steps away—this apartment might be exactly what you’re looking for. Located in santa anna, one of the most iconic and vibrant areas of the city, this 2-bedroom apartment with a pri...",1650,el barri gotic 1 0/,55 m²,No indicada,,,,,ut1674201,,,,,,,2026-05-26
https://www.pisos.com/alquilar/piso-el_barri_gotic08002-60884757877_109200/,Piso en alquiler en El Barri Gòtic en El Barri Gòtic por 2.140 €/mes,"Elegant two-bedroom, one-bathroom apartment located in one of the most popular and sought-after areas of central barcelona. Once you find yourself in this square in the historic centre of barcelona, you can take any of the surrounding streets, where you will find cobblestone alleys full of histor...",2140,el barri gotic 7 0/,69 m²,No indicada,,,,,ut1364629,,,Central,,,,2026-05-26
https://www.pisos.com/alquilar/piso-sants_montjuic_sants08014-60920157624_109200/,Piso en alquiler en Sants en Sants por 1.500 €/mes,"¡don''t miss the opportunity to live in this beautiful studio in the best communicated area of barcelona! 🌟 we’re pleased to present our furnished 50m2 studio apartment on sants street, offering both comfort and convenience in one of barcelona’s best-connected areas. 🏡✨ this charming studio, ...",1500,sants montjuic sants 4 0/,45 m²,No indicada,,,,,ut1529421,,,,,,,2026-05-26
https://www.pisos.com/alquilar/piso-la_dreta_de_eixample08010-60884034123_109200/,Piso en alquiler en La Dreta de L'Eixample en La Dreta de l'Eixample por 3.500 €/mes,"3 bedroom luxury home (available in march) rental conditions: rent monthly rent: (3.500€) deposit: 2 months deposit (returned at the end of the contract) - (7.000€) water, electricity, gas and internet supply costs: borne by the tenant (according to consumption) agency service: (3.500€) housing...",3500,la dreta de eixample 3 0/,170 m²,No indicada,,,,,ut1467486,,,Central,,,,2026-05-26
https://www.pisos.com/alquilar/piso-el_raval08001-60862988182_109200/,Piso en alquiler en El Raval en El Raval por 3.500 €/mes,"This brand new flat offers a modern, functional and light-filled design. Spacious and bright living room with contemporary furniture and access to the balcony. Fully equipped open plan kitchen with new appliances and dining area. 3 bedrooms designed for relaxation ( 2 double and 1 single), with w...",3500,el raval 2 0/,96 m²,No indicada,,,,,ut1630539,,,,,,,2026-05-26
https://www.pisos.com/alquilar/piso-el_barri_gotic08002-60833918494_109200/,Piso en alquiler en El Barri Gòtic en El Barri Gòtic por 1.899 €/mes,"Apartment in the heart of the gothic 🌟🏛️ beautiful apartment for rent located in the heart of barcelona 🏙️, where you can enjoy natural light throughout the day ☀️. This spacious apartment of 100 m2 is fully furnished and equipped. It has 3 bedrooms: two doubles 🛏️🛏️ with one desk 🖥️, clo...",1899,el barri gotic 4 0/,100 m²,No indicada,,,,,ut1470862,,,,,,,2026-05-26
https://www.pisos.com/alquilar/piso-el_barri_gotic08002-60915898401_109200/,Piso en alquiler en El Barri Gòtic en El Barri Gòtic por 3.280 €/mes,"4-bedroom apartment in the center of barcelona, very close to la rambla, el born, and barceloneta. It has wi-fi internet connection, air conditioning, and a safe. You will also find a fully equipped kitchen, a bathroom, and a bright living room with a comfortable sofa, smart tv, tables, and cha...",3280,el barri gotic 1 0/,83 m²,No indicada,,,,,ut1364264,,,Central,,,,2026-05-26
https://www.pisos.com/alquilar/piso-el_poble_sec08004-60903414572_109200/,Piso en alquiler en El Poble-Sec en El Poble-sec por 3.500 €/mes,"Ouibarcelona presents this spacious and centrally located 4-bedroom, 2-bathroom apartment in plaza navas, just steps from the poblesec metro station (line 3), with direct access to plaza catalunya in only 4 stops. This fully furnished and equipped apartment offers everything you need for a comfo...",3500,el poble sec 2 0/,90 m²,No indicada,,,,,ut1500750,,,,,,,2026-05-26
https://www.pisos.com/alquilar/piso-el_barri_gotic08002-60884151511_109200/,Piso en alquiler en El Barri Gòtic en El Barri Gòtic por 2.500 €/mes,"Situated in the lively district of gothic just by ramblas and plaza reial, this apartment is an ideal choice if you prefer a central home. Fully equipped and furnished, with an immense living room and a joyful design, this apartment is worthy of your attention. This studio has a double bed in the...",2500,el barri gotic 1 0/,40 m²,No indicada,,,,,ut1010794,,,,,,,2026-05-26
https://www.pisos.com/alquilar/piso-la_vila_de_gracia08024-60903429285_109200/,Piso en alquiler en La Vila de Gràcia en La Vila de Gràcia por 1.400 €/mes,"Este piso es sencillo, pero bien equipado y bien ubicado en el centro del barrio gracia. Tiene 2 dormitorios con camas dobles, salon cocina, comedor y 1 baño. Es apto para 2 personas, (hidden) o pareja con 1 niño. Se alquila por mínimo 32 dias y máximo 11 meses. Servicios y zonas comunes incluid...",1400,la vila de gracia 5 0/,60 m²,No indicada,,,,,ut1675211,,,,,,,2026-05-26
https://www.pisos.com/alquilar/piso-el_barri_gotic08002-60850375079_109200/,Piso en alquiler en El Barri Gòtic en El Barri Gòtic por 2.950 €/mes,"This is a contemporary 2-bedroom apartment on passatge de bacardí, bareclona. The perfect place to stay in barcelona there is a open-plan living and a contemporary kitchen. The 2 bedroom has a double bed. The apartment has 1 bathroom. The bathroom is modern and offer a bathtub. Modern and simpl...",2950,el barri gotic 9 0/,70 m²,No indicada,,,,,ut1010786,,,,,,,2026-05-26
https://www.pisos.com/alquilar/piso-el_besos_el_maresme08019-60880924220_109200/,Piso en alquiler en El Besòs-El Maresme en El Besòs-El Maresme por 1.500 €/mes,"🛏️ this amazing accommodation is specially designed for those residents who are looking for all the comforts of living in a spacious and private space. It includes two distinct environments: a living room with its own kitchen and en-suite bedroom, all just for you! this superior apartment has ai...",1500,el besos el maresme 0 0/,32 m²,No indicada,,,,,ut1626416,,,,,,,2026-05-26
https://www.pisos.com/alquilar/piso-sant_gervasi_galvany08021-60850058420_109200/,Piso en alquiler en Sant Gervasi-Galvany en Sant Gervasi-Galvany por 2.500 €/mes,"Magnifica vivienda de alta gama, en una de las mejores zonas de barcelona. Te gustaría vivir en un magnífico edificio en el pleno corazón de sarria-sant gervasi, en una zona residencial, segura y tranquila. La vivienda en una segunda planta con ascensor, se encuentra ubicada en un edificio mode...",2500,sant gervasi galvany 0 0/,50 m²,No indicada,,,,,ut1673224,,,Central,,,,2026-05-26
https://www.pisos.com/alquilar/piso-antiga_esquerra_de_eixample08011-60930837475_109200/,Piso en alquiler en L'Antiga Esquerra de L'Eixample en L'Antiga Esquerra de l'Eixample por 2.800 €/mes,"Precioso estudio tipo loft, ubicado en pleno 'eixample esquerra' de barcelona. Rodeado de restaurantes, tiendas y locales de moda. A tres minutos caminando del hospital clinic y el mercado del 'ninot'. También se sitúa a 10 minutos en línea recta de paseo de gracia y rambla catalunya. Se trata de...",2800,antiga esquerra de eixample 5 0/,55 m²,No indicada,,,,,ut926466,,,,,,,2026-05-26
https://www.pisos.com/alquilar/piso-el_besos_el_maresme08019-60856344161_109200/,Piso en alquiler en El Besòs-El Maresme en El Besòs-El Maresme por 1.360 €/mes,"🛏️ make yourself at home and enjoy your own bathroom, study area and full kitchen in a modern and fully equipped environment where nothing will be missing! this standard studio has air conditioning and a 120 cm bed. 🔸weekly cleaning room, change of sheets and towel included in the price. 🏡b...",1360,el besos el maresme 1 0/,18 m²,No indicada,,,,,ut1520307,,,,,,,2026-05-26
https://www.pisos.com/alquilar/piso-el_barri_gotic08002-60905563460_109200/,Piso en alquiler en El Barri Gòtic en El Barri Gòtic por 2.140 €/mes,"Elegant two-bedroom, one-bathroom apartment located in one of the most popular and sought-after areas of central barcelona. Once you find yourself in this square in the historic centre of barcelona, you can take any of the surrounding streets, where you will find cobblestone alleys full of histor...",2140,el barri gotic 0 0/,69 m²,No indicada,,,,,ut1364618,,,Central,,,,2026-05-26
https://www.pisos.com/alquilar/piso-el_raval08001-60889134906_109200/,Piso en alquiler en El Raval en El Raval por 1.330 €/mes,"Spacious 2-bedroom apartment in the heart of barcelona 🌞 welcome to your new home! this huge 2-bedroom apartment is located on carrer de la junta de comerç, just steps away from the historic barrio gótico . Flooded with natural light, this fully equipped and ready-to-move-in space is perfect fo...",1330,el raval 6 0/,68 m²,No indicada,,,,,ut1548529,,,Central,,,,2026-05-26
https://www.pisos.com/alquilar/piso-el_fort_pienc08013-60884501857_109200/,Piso en alquiler en El Fort Pienc en El Fort Pienc por 1.700 €/mes,"Alquiler vacacional mínimo 32 días. Precioso apartamento-loft de 40m2 amueblado en alquiler, ubicado en el eixample de barcelona desde donde podrás contar con una perfecta comunicación tanto de transporte público (l2,l4,l5) como de todo tipo de comercios y a muy pocos metros de sagrada familia . ...",1700,el fort pienc 7 0/,40 m²,No indicada,,,,,ut1568353,,,,,,,2026-05-26
https://www.pisos.com/alquilar/piso-el_poble_sec08004-60846381816_109200/,Piso en alquiler en El Poble-Sec en El Poble-sec por 1.130 €/mes,"🌟 live in this outstanding apartment! 🌟 you will love this bright and stylish 1-bedroom apartment, available to rent on carrer d''en fontodrona in poble sec. The 35m2 apartment is contemporary and stylish, offering a quiet and bright atmosphere, making it the perfect place to relax away from th...",1130,el poble sec 6 0/,35 m²,No indicada,,,,,ut1375565,,,,,,,2026-05-26
https://www.pisos.com/alquilar/piso-eixample_sant_antoni08015-60842081344_109200/,Piso en alquiler en Sant Antoni en Sant Antoni por 1.750 €/mes,"Lovely 1 bedroom apartment located near famous st antoni market. Apartment has 1 double bedroom, living area and fully equipped kitchen. Apartment is fully furnished and equipped to enjoy your stay in barcelona. As well its has access to amazing private terrace. Its not connected with apartment,...",1750,eixample sant antoni 4 0/,40 m²,No indicada,,,,,ut1680833,,,,,,,2026-05-26
https://www.pisos.com/alquilar/piso-la_vila_de_gracia08012-60894526375_109200/,Piso en alquiler en La Vila de Gràcia en La Vila de Gràcia por 1.680 €/mes,"🌟 spacious 3-bedroom apartment in gràcia! 🌟 welcome to this bright and comfortable apartment located in the vibrant neighborhood of gràcia, one of the most authentic and sought-after areas of barcelona ✨ perfect for families, friends, or professionals, this 3-bedroom apartment offers a practi...",1680,la vila de gracia 5 0/,65 m²,No indicada,,,,,ut1636804,,,,,,,2026-05-26
https://www.pisos.com/alquilar/piso-el_barri_gotic08002-60054474997_109200/,Piso en alquiler en El Barri Gòtic en El Barri Gòtic por 2.600 €/mes,"This fully renovated apartment is bright and spacious. Its living room and open kitchen have balconies overlooking vidre street and a large interior patio, providing plenty of light. The apartment has three bedrooms, two very large with double beds, and the third bedroom has a sofa bed that easi...",2600,el barri gotic 7 0/,146 m²,No indicada,,,,,ut1623619,,,,,,,2026-05-26
https://www.pisos.com/alquilar/piso-sant_gervasi_galvany08021-60027186882_109200/,Piso en alquiler en Sant Gervasi-Galvany en Sant Gervasi-Galvany por 2.550 €/mes,"Magnifica vivienda de alta gama, en una de las mejores zonas de barcelona. Te gustaría vivir en un magnifico edificio en el pleno corazón de sarria-sant gervasi, en una zona residencial, segura y tranquila. La vivienda en una primera planta con ascensor, se encuentra ubicada en un edificio moder...",2550,sant gervasi galvany 2 0/,55 m²,No indicada,,,,,ut1673005,,,Central,,,,2026-05-26
https://www.pisos.com/alquilar/piso-el_barri_gotic08002-60038274298_109200/,Piso en alquiler en El Barri Gòtic en El Barri Gòtic por 1.970 €/mes,"2-bedroom apartment in the center of barcelona, very close to la rambla, el born and barceloneta. It has wi-fi internet connection, air conditioning and a safe. You will also find a fully equipped kitchen, a bathroom and a bright living room with a comfortable sofa, smart tv, tables and chairs. ...",1970,el barri gotic 8 0/,70 m²,No indicada,,,,,ut1569123,,,Central,,,,2026-05-26
https://www.pisos.com/alquilar/piso-sants_badal-60086961494_109200/,Piso en alquiler en Sants-Badal en Sants-Badal por 1.800 €/mes,"Newly refurbished and renovated apartment of approximately 40 square meters in sants neighbourhood. It has one bedroom, one bathroom and fully equipped kitchen. It also has a desk so makes it easy for remote workers. Located in a very local neighborliness within 10 minutes connected to the cen...",1800,sants badal 4 0/,35 m²,No indicada,,,,,ut1658037,,,,,,,2026-05-26
https://www.pisos.com/alquilar/piso-la_dreta_de_eixample08009-60066396835_109200/,Piso en alquiler en La Dreta de L'Eixample en La Dreta de l'Eixample por 3.600 €/mes,"Stay for a while in this charming modernist apartment that sleeps up to 7 people. It features 3 bedrooms, 3 double beds, 1 sofa bed, and 2 bathrooms, all in the heart of the eixample, the city''s most sought-after neighborhood. Fully equipped, well-located, and with everything you need for a worr...",3600,la dreta de eixample 5 0/,90 m²,No indicada,,,,,ut1676372,,,,,,,2026-05-26
https://www.pisos.com/alquilar/piso-sants_montjuic_hostafrancs08014-60088637390_109200/,Piso en alquiler en Hostafrancs en Hostafrancs por 1.050 €/mes,"🌟 one-of-a-kind opportunity to live in this outstanding apartment! 🔍 more details... You will love the living room. Stylish furnishings, beautiful hardwood floors, and lots of natural light. It’s the perfect place to relax with your friends and loved ones. This apartment is ideal for a frequen...",1050,sants montjuic hostafrancs 0 0/,65 m²,No indicada,,,,,ut1378215,,,,,,,2026-05-26
https://www.pisos.com/alquilar/piso-sants_montjuic_hostafrancs08014-60073294082_109200/,Piso en alquiler en Hostafrancs en Hostafrancs por 950 €/mes,"🌟 one-of-a-kind apartment! 🌟 you will love the living room. Stylish furnishings, beautiful hardwood floors, and lots of natural light. It has everything you need to relax and entertain in style. This apartment is ideal for a frequent traveler. When wanderlust kicks in, you can hop on a train a...",950,sants montjuic hostafrancs 2 0/,25 m²,No indicada,,,,,ut1378216,,,,,,,2026-05-26
https://www.pisos.com/alquilar/piso-sant_gervasi_galvany08021-60016144100_109200/,Piso en alquiler en Sant Gervasi-Galvany en Sant Gervasi-Galvany por 2.500 €/mes,"Magnifica vivienda de alta gama, en una de las mejores zonas de barcelona. Te gustaría vivir en un magnífico edificio en el pleno corazón de sarria-sant gervasi, en una zona residencial, segura y tranquila. La vivienda se encuentra en una primera planta con ascensor, ubicada en un edificio mode...",2500,sant gervasi galvany 0 0/,50 m²,No indicada,,,,,ut1673006,,,Central,,,,2026-05-26
https://www.pisos.com/alquilar/piso-la_dreta_de_eixample08008-60070149500_109200/,Piso en alquiler en La Dreta de L'Eixample en La Dreta de l'Eixample por 3.800 €/mes,"Welcome to a bright, beautifully designed apartment in barcelona’s golden square (cuadrant d’or) — one of the most iconic and elegant parts of eixample, just steps from passeig de gràcia. This newly renovated home combines original catalan architectural features (exposed brick walls, high wooden ...",3800,la dreta de eixample 0 0/,70 m²,No indicada,,,,,ut1674378,,,,,,,2026-05-26
https://www.pisos.com/alquilar/piso-sant_gervasi_galvany08021-60022119009_109200/,Piso en alquiler en Sant Gervasi-Galvany en Sant Gervasi-Galvany por 2.550 €/mes,"Magnifica vivienda de alta gama, en una de las mejores zonas de barcelona. Te gustaría vivir en un magnífico edificio en el pleno corazón de sarria-sant gervasi, en una zona residencial, segura y tranquila. La vivienda en una segunda planta con ascensor, se encuentra ubicada en un edificio mode...",2550,sant gervasi galvany 9 0/,52 m²,No indicada,,,,,ut1673225,,,Central,,,,2026-05-26
https://www.pisos.com/alquilar/piso-el_fort_pienc08013-60071421753_109200/,Piso en alquiler en El Fort Pienc en El Fort Pienc por 1.800 €/mes,"Alquiler vacacional precioso estudio de 40m2 amueblado en alquiler, ubicado en el eixample de barcelona desde donde podrás contar con una perfecta comunicación tanto de transporte público (metro, autobús y tranvía) como de todo tipo de comercios pocos metros de sagrada familia. Este bonito estudi...",1800,el fort pienc 3 0/,40 m²,No indicada,,,,,ut1568356,,,,,,,2026-05-26
https://www.pisos.com/alquilar/piso-el_barri_gotic08002-59216907582_109200/,Piso en alquiler en El Barri Gòtic en El Barri Gòtic por 1.750 €/mes,"1-bedroom apartment in the centre of barcelona, very close to la rambla, el born and barceloneta. It has wi-fi internet connection, air conditioning and a safe. You will also find a fully equipped kitchen, a bathroom and a bright living room with a comfortable sofa, smart tv, tables and chairs. ...",1750,el barri gotic 2 0/,45 m²,No indicada,,,,,ut1612662,,,Central,,,,2026-05-26
https://www.pisos.com/alquilar/piso-sants_montjuic_hostafrancs08014-59194671404_109200/,Piso en alquiler en Hostafrancs en Hostafrancs por 950 €/mes,"🌟 one-of-a-kind opportunity to live in this outstanding apartment! this modern first-floor studio on carrer del moianès, barcelona, is perfect for a couple looking for something elegant and shiny. Step out of the living room into a lovely little outdoor space – a great spot for drinks with frie...",950,sants montjuic hostafrancs 4 0/,50 m²,No indicada,,,,,ut1378582,,,,,,,2026-05-26
https://www.pisos.com/alquilar/piso-ciutat_vella_la_barceloneta08003-59266436204_109200/,Piso en alquiler en La Barceloneta en La Barceloneta por 2.500 €/mes,"Amazing 3 double bedrooms + 1 bathroom located in barceloneta in front of the port. The apartment enjoy a great location, 5 minutes walking from metro station barceloneta line 4 and 5 minutes walking to the beach. The area is surrounded with supermarkets, local bars and restaurants. The apartme...",2500,ciutat vella la barceloneta 4 0/,70 m²,No indicada,,,,,ut1460157,,,,,,,2026-05-26
https://www.pisos.com/alquilar/piso-sants_montjuic_hostafrancs08014-57518495835_109200/,Piso en alquiler en Hostafrancs en Hostafrancs por 950 €/mes,"🌟 one-of-a-kind opportunity to live in this outstanding apartment! 🔍 more details... You will love the living room. Stylish furnishings, beautiful hardwood floors, and lots of natural light. It has everything you need to relax and entertain in style. This apartment is ideal for a frequent trav...",950,sants montjuic hostafrancs 5 0/,25 m²,No indicada,,,,,ut1378514,,,,,,,2026-05-26
https://www.pisos.com/alquilar/piso-la_dreta_de_eixample08009-55909154579_109200/,Piso en alquiler en La Dreta de L'Eixample en La Dreta de l'Eixample por 3.050 €/mes,"Monthly stays only in the heart of eixample—steps to girona metro and a short walk to passeig de gràcia. Bright, high-ceiling 2br with balconies, fiber wi-fi + desk, ac, laundry, and a relaxing bathtub. Utilities: €235/month (paid on arrival). Mandatory documentation: upon booking, guests must p...",3050,la dreta de eixample 9 0/,60 m²,No indicada,,,,,ut1572038,,,Central,,,,2026-05-26
https://www.pisos.com/alquilar/piso-el_raval08001-55904060355_109200/,Piso en alquiler en El Raval en El Raval por 2.300 €/mes,"🌟 vibrant & stylish apartment in the heart of barcelona | raval neighborhood 🏡✨ welcome to your urban oasis in the heart of barcelona’s old town! 🏙️ this charming and professionally designed apartment is located in a beautifully renovated 19th-century building with an elevator, just steps fro...",2300,el raval 5 0/,92 m²,No indicada,,,,,ut1588264,,,,,,,2026-05-26
https://www.pisos.com/alquilar/piso-sants_montjuic_hostafrancs08014-55883754704_109200/,Piso en alquiler en Hostafrancs en Hostafrancs por 950 €/mes,"🏡 one-of-a-kind apartment live in this outstanding apartment, perfect for professionals on the move. Ideal for someone who wants to explore spain, with easy access to transport and adventure. Enjoy stylish furnishings, beautiful hardwood floors, and plenty of natural light. A cozy yet elegant sp...",950,sants montjuic hostafrancs 4 0/,25 m²,No indicada,,,,,ut1378207,,,,,,,2026-05-26
https://www.pisos.com/alquilar/piso-ciutat_vella_la_barceloneta08003-55867185448_109200/,Piso en alquiler en La Barceloneta en La Barceloneta por 1.425 €/mes,"🌟 central 3-bedroom apartment in barcelona! 🌟 welcome to this bright and well-located apartment situated on carrer de carbonell, in the vibrant city of barcelona ✨ perfect for families, friends, or professionals, this 3-bedroom apartment offers a practical and comfortable living space in a hi...",1425,ciutat vella la barceloneta 8 0/,60 m²,No indicada,,,,,ut1386805,,,,,,,2026-05-26
https://www.pisos.com/alquilar/piso-sants_montjuic_hostafrancs08014-55875433432_109200/,Piso en alquiler en Hostafrancs en Hostafrancs por 1.050 €/mes,"🌟 one-of-a-kind opportunity to live in this outstanding apartment! 🔍 more details... You will love the living room. Stylish furnishings, beautiful hardwood floors, and lots of natural light. It’s the perfect place to relax with your friends and loved ones. This apartment is ideal for a frequen...",1050,sants montjuic hostafrancs 2 0/,50 m²,No indicada,,,,,ut1378232,,,,,,,2026-05-26
https://www.pisos.com/alquilar/piso-sant_pere_santa_caterina_la_ribera08003-55899796314_109200/,Piso en alquiler en Sant Pere-Santa Caterina-La Ribera en Sant Pere-Santa Caterina-La Ribera por 2.730 €/mes,"🌟 2-bedroom apartment in a perfect location in barcelona! 🌟 welcome to this bright and well-located apartment situated on carrer del dr. Aiguader, in the vibrant city of barcelona ✨ perfect for couples, friends, or professionals, this 2-bedroom apartment offers a comfortable and practical liv...",2730,sant pere santa caterina la ribera 4 0/,65 m²,No indicada,,,,,ut1405666,,,,,,,2026-05-26
https://www.pisos.com/alquilar/piso-el_raval08001-55878203543_109200/,Piso en alquiler en El Raval en El Raval por 2.500 €/mes,"🌟 spacious 5-bedroom apartment – ideal for groups in barcelona city center! 🌟 welcome to this large and well-located apartment situated on carrer del pintor fortuny, in the heart of ciutat vella, one of the most central and lively districts of barcelona ✨ perfect for groups, students, or prof...",2500,el raval 3 0/,90 m²,No indicada,,,,,ut1581784,,,,,,,2026-05-26
https://www.pisos.com/alquilar/piso-sants_montjuic_hostafrancs08014-55901481468_109200/,Piso en alquiler en Hostafrancs en Hostafrancs por 950 €/mes,"🌟 one-of-a-kind opportunity to live in this outstanding apartment! 🔍 more details... Step out of the living room into this lovely little outdoor space. Add a couple of bean bags or a table and chairs, and it’s the perfect place to enjoy with friends. Ideal for a couple, this space is full of s...",950,sants montjuic hostafrancs 8 0/,50 m²,No indicada,,,,,ut1378520,,,,,,,2026-05-26
https://www.pisos.com/alquilar/piso-eixample_sant_antoni08015-55910215885_109200/,Piso en alquiler en Sant Antoni en Sant Antoni por 2.200 €/mes,"Spacious and bright apartment located in one of the most vibrant areas of eixample. Situated in a building with an elevator, the property is distributed into three bedrooms (one double and two singles), two full bathrooms, a separate living room, a dining area, and a fully equipped kitchen with a...",2200,eixample sant antoni 5 0/,75 m²,No indicada,,,,,ut1617225,,,,,,,2026-05-26
https://www.pisos.com/alquilar/piso-el_poble_sec08004-55858196668_109200/,Piso en alquiler en El Poble-Sec en El Poble-sec por 1.480 €/mes,"📍 charming 2-bedroom apartment in vibrant poble sec this delightful 52 m2, 2-bedroom apartment on carrer d''en fontrodona is ready to welcome you. The property features a bright living-dining room with large windows and a balcony overlooking the lively poble sec. A modern kitchen, bathroom, and...",1480,el poble sec 8 0/,52 m²,No indicada,,,,,ut1375549,,,,,,,2026-05-26
https://www.pisos.com/alquilar/piso-el_raval08001-63348912978_109200/,Piso en alquiler en El Raval en El Raval por 1.550 €/mes,"Vacational use only!!!! small sunny appartment in the heart of barcelona, at 500m from the famous rambles. It has been fully renovated in 2018. Living room and separate studio (prepared with a desk and shelves to work) looking at a park. Appartment is on the 2nd floor without elevator.",1550,el raval 8 0/,50 m²,No indicada,,,,,ut1680902,,,,,,,2026-05-26
https://www.pisos.com/alquilar/piso-la_dreta_de_eixample08037-60868051608_109200/,Piso en alquiler en La Dreta de L'Eixample en La Dreta de l'Eixample por 1.450 €/mes,"Small one-bedroom apartment in the center of the eixample, 13 min walk from sagrada familia. The apartment is ideal for one person or a couple, quiet and very bright. The area is full of restaurants, local bars, and supermarkets. The verdaguer metro station is only one block away!",1450,la dreta de eixample 8 0/,35 m²,No indicada,,,,,ut1305449,,,,,,,2026-05-26
https://www.pisos.com/alquilar/apartamento-barcelona_capital-59238618544_105600/,Apartamento en alquiler en Barcelona Capital en Barcelona Capital por 1.400 €/mes,"En el el idílico barrio sant antoni​, encontramos este lujoso apartamento de diseño totalmente rehabilitado y amueblado. Consta de 55m² que incluye un (1) amplio luminoso salón con armario , 81) cocina abierta totalmente equipada e independiento tipo office con electrodomésticos de alta calidad...",1400,4 0/,60 m²,No indicada,1,,,,73895,,,,,,,2026-05-26
https://www.pisos.com/alquilar/piso-sant_pere_santa_caterina_la_ribera08003-58416447181_109200/,Piso en alquiler en Sant Pere-Santa Caterina-La Ribera en Sant Pere-Santa Caterina-La Ribera por 1.600 €/mes,"💢💢💢 🔸be aware that this listing represents a category of apartments with similar characteristics. The actual place might be slightly different from the pictures.🔸 we offer you rooms with high standards of comfort, you will live in spaces that will allow you to enjoy life in the heart of th...",1600,sant pere santa caterina la ribera 1 0/,35 m²,No indicada,,,,,ut1488543,,,,,,,2026-05-26
https://www.pisos.com/alquilar/piso-sant_pere_santa_caterina_la_ribera08003-58369547710_109200/,Piso en alquiler en Sant Pere-Santa Caterina-La Ribera en Sant Pere-Santa Caterina-La Ribera por 1.500 €/mes,"💢💢💢 🔸be aware that this listing represents a category of apartments with similar characteristics. The actual place might be slightly different from the pictures.🔸 we offer you rooms with high standards of comfort, you will live in spaces that will allow you to enjoy life in the heart of th...",1500,sant pere santa caterina la ribera 0 0/,35 m²,No indicada,,,,,ut1493792,,,,,,,2026-05-26
https://www.pisos.com/alquilar/piso-el_raval08001-57538110565_109200/,Piso en alquiler en El Raval en El Raval por 1.800 €/mes,"Ideal for students or sharing: 3-bedroom apartment rental conditions: rent: (1.800€) deposit: 1 month (it can be two months depending on the documentation provided) 1.800€ water, electricity, and internet charges: paid separately by the tenant agency services: (2.000€) house description: locate...",1800,el raval 5 0/,85 m²,No indicada,,,,,ut1624593,,,,,,,2026-05-26
https://www.pisos.com/alquilar/piso-el_barri_gotic08002-56764938714_109200/,Piso en alquiler en El Barri Gòtic en El Barri Gòtic por 1.700 €/mes,"Make this beautiful apartment your own home! 1-bedroom apartment in the centre of barcelona, very close to la rambla, el born and barceloneta. It has wi-fi internet connection, air conditioning and a safe. You will also find a fully equipped kitchen, a bathroom and a bright living room with a c...",1700,el barri gotic 4 0/,40 m²,No indicada,,,,,ut1243515,,,,,,,2026-05-26
https://www.pisos.com/alquilar/piso-el_barri_gotic08002-55886535777_109200/,Piso en alquiler en El Barri Gòtic en El Barri Gòtic por 1.700 €/mes,"Make this beautiful apartment your own home! 1-bedroom apartment in the centre of barcelona, very close to la rambla, el born and barceloneta. It has wi-fi internet connection, air conditioning and a safe. You will also find a fully equipped kitchen, a bathroom and a bright living room with a c...",1700,el barri gotic 7 0/,40 m²,No indicada,,,,,ut1567498,,,,,,,2026-05-26
https://www.pisos.com/alquilar/piso-el_barri_gotic08002-55924070666_109200/,Piso en alquiler en El Barri Gòtic en El Barri Gòtic por 1.920 €/mes,"2-bedroom apartment in the centre of barcelona, very close to la rambla, el born and barceloneta. It has wi-fi internet connection, air conditioning and a safe. You will also find a fully equipped kitchen, a bathroom and a bright living room with a comfortable sofa, smart tv, tables and chairs. ...",1920,el barri gotic 6 0/,60 m²,No indicada,,,,,ut1567515,,,,,,,2026-05-26
https://www.pisos.com/alquilar/piso-el_barri_gotic08002-55866911840_109200/,Piso en alquiler en El Barri Gòtic en El Barri Gòtic por 1.920 €/mes,"2-bedroom apartment in the centre of barcelona, very close to la rambla, el born and barceloneta. It has wi-fi internet connection, air conditioning and a safe. You will also find a fully equipped kitchen, a bathroom and a bright living room with a comfortable sofa, smart tv, tables and chairs. ...",1920,el barri gotic 0 0/,60 m²,No indicada,,,,,ut1567516,,,,,,,2026-05-26
https://www.pisos.com/alquilar/piso-el_barri_gotic08002-64197049767_109200/,Piso en alquiler en El Barri Gòtic en El Barri Gòtic por 1.500 €/mes,"Apartamento doble con baño privado y balcón en coliving el apartamento cuenta con cama matrimonio, zona de escritorio, armario, baño en-suite y balcón. El apartamento cuenta con cocina completamente equipada. Nuestro coliving está enfocado a estudiantes y jóvenes profesionales, generalmente ent...",1500,el barri gotic 7 0/,40 m²,No indicada,,,,,ut1636550,,,,,,,2026-05-26
https://www.pisos.com/alquilar/piso-sants_montjuic_sants08028-64259609434_109200/,Piso en alquiler en Sants en Sants por 790 €/mes,"Sants studio — a cozy and fully independent space designed for those who value privacy and a quiet atmosphere. The studio has its own private entrance. Inside, you’ll find a private kitchen and bathroom, providing everything needed for comfortable everyday living. Located on a lower level, the ...",790,sants montjuic sants 4 0/,25 m²,No indicada,,,,,ut1667559,,,,,,,2026-05-26
https://www.pisos.com/alquilar/piso-el_raval08001-64224525577_109200/,Piso en alquiler en El Raval en El Raval por 1.320 €/mes,"Seasonal rental for leisure or holiday purposes only – min. 32 days max. 11 months this apartment is exclusively available for temporary stays related to leisure, holidays, recreational or cultural activities such as congresses, fairs or festivals. The minimum stay is 32 days and the maximum is ...",1320,el raval 7 0/,45 m²,No indicada,,,,,ut1675713,,,,,,,2026-05-26
https://www.pisos.com/alquilar/piso-sants_badal-64201750997_109200/,Piso en alquiler en Sants-Badal en Sants-Badal por 1.450 €/mes,"Seasonal rental for leisure or holiday purposes only – min. 32 days max. 11 months this apartment is exclusively available for temporary stays related to leisure, holidays, recreational or cultural activities such as congresses, fairs or festivals. The minimum stay is 32 days and the maximum is ...",1450,sants badal 7 0/,74 m²,No indicada,,,,,ut1652439,,,,,,,2026-05-26
https://www.pisos.com/alquilar/piso-sant_gervasi_la_bonanova08022-64245343047_106400/,Piso en alquiler en Sant Gervasi-La Bonanova en Sant Gervasi-La Bonanova por 1.000 €/mes,"Contactar por whatsap + 3 4 6 2 5 5 3 0 1 1 0 ¡descubre este encantador estudio-loft a pie de calle en barcelona! ubicado en una zona tranquila y bien comunicada, este espacio diáfano y luminoso de 70 m² construidos es perfecto para una persona o una pareja que busque comodidad y funcionalidad. L...",1000,sant gervasi la bonanova 7 0/,70 m²,70 m²,,1,,,111441962-moragas1h,,,,,,,2026-05-26
https://www.pisos.com/alquilar/piso-la_vila_de_gracia08012-64178221542_109200/,Piso en alquiler en La Vila de Gràcia en La Vila de Gràcia por 1.650 €/mes,"Located in the vibrant neighborhood of gracia, barcelona, this cozy apartment offers a modern and functional atmosphere, perfect for enjoying life in the city. The property features three bedrooms: a double exterior room with two single beds and access to a balcony, and two rooms with double beds...",1650,la vila de gracia 2 0/,72 m²,No indicada,,,,,ut1607198,,,,,,,2026-05-26
https://www.pisos.com/alquilar/piso-vallcarca_els_penitents08023-64206518071_109200/,Piso en alquiler en Vallcarca-Els Penitents en Vallcarca-Els Penitents por 1.100 €/mes,"Property description fully furnished apartment with balcony. It has 40m2, two bedrooms, living room, kitchen and bathroom area activities gràcia - formerly a separate village, gràcia has now been absorbed into barcelona''s urban fabric. It still retains its own unique personality and age-old cus...",1100,vallcarca els penitents 1 0/,40 m²,No indicada,,,,,ut746171,,,,,,,2026-05-26
https://www.pisos.com/alquilar/piso-ciutat_vella_la_barceloneta08003-64200994625_109200/,Piso en alquiler en La Barceloneta en La Barceloneta por 1.600 €/mes,"This fantastic apartment is located in barceloneta, very close to the sea and at the same time very close to the center of barcelona and ciutat vella. It is spacious, tastefully furnished and decorated and perfectly equipped. It is rented only for long stays minimum 32 days it has a large living ...",1600,ciutat vella la barceloneta 5 0/,70 m²,No indicada,,,,,ut1063410,,,,,,,2026-05-26
https://www.pisos.com/alquilar/piso-la_nova_esquerra_de_eixample08029-64240124425_109200/,Piso en alquiler en La Nova Esquerra de L'Eixample en La Nova Esquerra de l'Eixample por 1.450 €/mes,"This generous sized studio apartment on carrer de londres, in l’eixample esquerra is fully furnished and has an equipped kitchen and modern decor. The 55 m2 property has a lovely terrace, a comfortable living area with l-shaped sofa, and 1 tidy tiled bathroom. The apartment is located in l’eixam...",1450,la nova esquerra de eixample 5 0/,55 m²,No indicada,,,,,ut1502763,,,Central,,,,2026-05-26
https://www.pisos.com/alquilar/piso-el_poble_sec08004-64167292185_109200/,Piso en alquiler en El Poble-Sec en El Poble-sec por 2.600 €/mes,"Completely renovated 3 bedrooms and 2 bathrooms apartment with high quality design and materials, combining wooden floors, stone brick and mosaics in the kitchen and bathrooms. The apartment is fully furnished and equipped with all appliances, smart tv, washer/dryer, dishwasher, kettle, coffee ...",2600,el poble sec 5 0/,80 m²,No indicada,,,,,ut1096960,,,Central,,,,2026-05-26
https://www.pisos.com/alquilar/piso-antiga_esquerra_de_eixample-64192905067_109200/,Piso en alquiler en L'Antiga Esquerra de L'Eixample en L'Antiga Esquerra de l'Eixample por 1.600 €/mes,"Welcome to your new home in the heart of eixample, one of barcelona’s most iconic and well-connected neighborhoods. This 90 m2 apartment offers a perfect mix of comfort, functionality, and excellent location — ideal for students or young professionals looking to live in a central and vibrant area...",1600,antiga esquerra de eixample 7 0/,90 m²,No indicada,,,,,ut1629073,,,,,,,2026-05-26
https://www.pisos.com/alquilar/piso-el_besos_el_maresme08019-64187399575_109200/,Piso en alquiler en El Besòs-El Maresme en El Besòs-El Maresme por 1.900 €/mes,This stylish and fully renovated 2-bedroom duplex offers a modern and comfortable stay just steps away from the forum area in barcelona. Everything inside is brand new — from the furniture to the appliances — so you’ll enjoy a fresh and cozy atmosphere from day one. The apartment is fully furnis...,1900,el besos el maresme 5 0/,50 m²,No indicada,,,,,ut1676381,,,,,,,2026-05-26
https://www.pisos.com/alquilar/piso-la_vila_de_gracia08012-63356079411_109200/,Piso en alquiler en La Vila de Gràcia en La Vila de Gràcia por 2.800 €/mes,"A sunny, 35m2, 1-bedroom flat with a balcony its in the central neighbourhood of gràcia for2 people. Paseo de gracia is just 5 minutes walking. Just in jardinets de gracia, super easy connections with buses, ffgg. Closest metro station just 5 min away its diagonal. This area is very popular amon...",2800,la vila de gracia 1 0/,35 m²,No indicada,,,,,ut1038745,,,,,,,2026-05-26
https://www.pisos.com/alquilar/piso-el_camp_en_grassot_gracia_nova-63378245072_109200/,Piso en alquiler en El Camp D'en Grassot-Gràcia Nova en El Camp d'en Grassot-Gràcia Nova por 1.600 €/mes,"This lovely 3-bedroom apartment is located in one of the most characteristic neighborhoods eixample. Walking distance to sagrada familia and pg sant joan. It has 3 bedrooms, one double with 2 balconies and 2 singles, one of them with one balcony too, living room with a lot of daylight including d...",1600,el camp en grassot gracia nova 2 0/,70 m²,No indicada,,,,,ut1260283,,,,,,,2026-05-26
https://www.pisos.com/alquilar/piso-antiga_esquerra_de_eixample08011-63350206688_109200/,Piso en alquiler en L'Antiga Esquerra de L'Eixample en L'Antiga Esquerra de l'Eixample por 3.500 €/mes,"This stylish place to stay is perfect for couples or a group of friends. The apartment is located in a renovated building in central barcelona with a spacious elevator. The fit out is modern and stylish, and the apartment is fully equipped with everything necessary for a comfortable stay, includi...",3500,antiga esquerra de eixample 8 0/,90 m²,No indicada,,,,,ut1698430,,,Central,,,,2026-05-26
https://www.pisos.com/alquilar/piso-sant_pere_santa_caterina_la_ribera08003-63356693189_109200/,Piso en alquiler en Sant Pere-Santa Caterina-La Ribera en Sant Pere-Santa Caterina-La Ribera por 1.760 €/mes,"Newly renovated – el born bright, fully furnished double room in el born. All new furniture, utilities & wi-fi included (€100) plus biweekly cleaning. Kitchen fully equipped, washer-dryer, ceiling fans & heating. Steps from parc de la ciutadella, arc de triomf, barcelona cathedral & metro (l1/l4)...",1760,sant pere santa caterina la ribera 9 0/,50 m²,No indicada,,,,,ut1699387,,,Central,,,,2026-05-26
https://www.pisos.com/alquilar/piso-sant_pere_santa_caterina_la_ribera08003-62512717759_109200/,Piso en alquiler en Sant Pere-Santa Caterina-La Ribera en Sant Pere-Santa Caterina-La Ribera por 2.400 €/mes,"Renovated apartment with two double rooms and a spectacular terrace in one of the most sought-after neighborhoods in barcelona such as el born. Its warmth, light and modern decoration make it the perfect home to spend a season in barcelona. The living room is very bright with direct access to th...",2400,sant pere santa caterina la ribera 9 0/,60 m²,No indicada,,,,,ut1379494,,,Central,,,,2026-05-26
https://www.pisos.com/alquilar/piso-eixample_sant_antoni08015-62590148529_109200/,Piso en alquiler en Sant Antoni en Sant Antoni por 2.300 €/mes,"Delightful 2 bedroom apartment located in central part of barcelona, near famous sant antoni market and walking distance to pl. Catalunya. It is fully furnished and equipped. Apartment has 1 bedroom with double bed and access to lovely balcony to enjoy some sun or meals outside, open space kitche...",2300,eixample sant antoni 9 0/,70 m²,No indicada,,,,,ut1643117,,,,,,,2026-05-26
https://www.pisos.com/alquilar/piso-sants_montjuic_sants08028-61668460337_109200/,Piso en alquiler en Sants en Sants por 850 €/mes,Se alquila estudio para una persona alquiler ideal estudiantes trabajadores erasmus medicos cerca del metro autobuses y tranvias zona muy comercial con todo tipo de tiendas y comercios cerca de parada de bicing. Totalmente equipado con aire acondicionado exterior ventanas de aluminio muebles d...,850,sants montjuic sants 7 0/,25 m²,No indicada,,,,,ut1543814,,,,,,,2026-05-26
https://www.pisos.com/alquilar/piso-la_vila_de_gracia08012-61749148297_109200/,Piso en alquiler en La Vila de Gràcia en La Vila de Gràcia por 1.800 €/mes,"This charming 60 sqm apartment is located in the heart of gràcia, one of barcelona’s most vibrant and bohemian neighborhoods. The apartment has been recently renovated, offering a fresh and modern design while maintaining a cozy and welcoming atmosphere. The property features three bedrooms, inc...",1800,la vila de gracia 7 0/,60 m²,No indicada,,,,,ut1585056,,,,,,,2026-05-26
https://www.pisos.com/alquilar/piso-gracia_la_salut08023-61723525666_109200/,Piso en alquiler en La Salut en La Salut por 1.400 €/mes,"Apartment located in the quiet passatge napoleó, ideal for students, professionals, or couples. This cozy home offers three bright bedrooms: one double and two singles, all equipped with beds, desks, and storage space. The bathroom is fully equipped with a shower, sink, and toilet, decorated with...",1400,gracia la salut 6 0/,70 m²,No indicada,,,,,ut1620790,,,,,,,2026-05-26
https://www.pisos.com/alquilar/piso-horta_guinardo_horta08032-61700612330_109200/,Piso en alquiler en Horta en Horta por 1.750 €/mes,"Apartment of 80m2 with 4 bedrooms (3 double and one single), cozy living-dining room, kitchen, and full bathroom. Recently renovated. Room 1: room 1: exterior and very bright, with a double bed, wardrobe, dresser, study table, and ceiling fan room 2: room 2: exterior and very bright, with a doubl...",1750,horta guinardo horta 0 0/,65 m²,No indicada,,,,,ut1516090,,,,,,,2026-05-26
https://www.pisos.com/alquilar/piso-el_fort_pienc08013-61740344611_109200/,Piso en alquiler en El Fort Pienc en El Fort Pienc por 1.750 €/mes,"This charming 80 m2 apartment is located in a prime area of eixample, very close to the iconic arc de triomf and just a few minutes from the center of barcelona. The property features three bedrooms: a spacious double bedroom and two single bedrooms, all designed to ensure your comfort and well-b...",1750,el fort pienc 1 0/,80 m²,No indicada,,,,,ut1592250,,,,,,,2026-05-26
https://www.pisos.com/alquilar/piso-la_vila_de_gracia08012-61672068098_109200/,Piso en alquiler en La Vila de Gràcia en La Vila de Gràcia por 2.200 €/mes,"80 m2 apartment with 2 double bedrooms and 2 single bedrooms. It has a spacious and well-lit living-dining room, a fully equipped kitchen, a full bathroom, an independent shower, and an independent toilet. Room 1: exterior, 15 m2 - double bed (1.35m x 1.90m) with wardrobes and study desk. Room 2:...",2200,la vila de gracia 8 0/,80 m²,No indicada,,,,,ut1545658,,,,,,,2026-05-26
https://www.pisos.com/alquilar/piso-la_vila_de_gracia08012-61727522104_109200/,Piso en alquiler en La Vila de Gràcia en La Vila de Gràcia por 1.900 €/mes,"It has 80 sqm, three bedrooms with light (2 doubles and 1 single rooms, living room, open kitchen and 1 complete bathroom. All the bedrooms have fun in the ceiling room 1: exterior 15m2 - two single beds (hidden)), study desk, and wardrobes. Room 2: exterior 12m2 - double bed (hidden)) with ward...",1900,la vila de gracia 4 0/,80 m²,No indicada,,,,,ut1516083,,,,,,,2026-05-26
https://www.pisos.com/alquilar/piso-la_sagrada_familia08013-61698649818_109200/,Piso en alquiler en La Sagrada Família en La Sagrada Família por 1.450 €/mes,"This bright 60 m2 apartment is located on the 4th floor of a residential building on avinguda diagonal, one of barcelona’s main avenues. It is an excellent option for students looking for a comfortable, well-connected, and practical place to live. The apartment features two bedrooms (one double ...",1450,la sagrada familia 8 0/,60 m²,No indicada,,,,,ut1517129,,,,,,,2026-05-26
https://www.pisos.com/alquilar/piso-el_raval08001-61715155202_109200/,Piso en alquiler en El Raval en El Raval por 1.650 €/mes,"Fully equipped and recently renovated 1 bedroom apartment. Located in very central part of barcelona - very close to parallel and near las ramblas / drassanes. The building has been just fully renovated and apartment is tastefully decorated. It has 1 double bedroom, living room and open space kit...",1650,el raval 2 0/,40 m²,No indicada,,,,,ut1689811,,,,,,,2026-05-26
https://www.pisos.com/alquilar/piso-la_sagrada_familia08013-61747520546_109200/,Piso en alquiler en La Sagrada Família en La Sagrada Família por 1.800 €/mes,🛏️ bright 3-bedroom apartment in the heart of eixample – ideal for students! 🌇 welcome to this cozy and fully equipped 70 m2 apartment located in the vibrant eixample district of barcelona — one of the city''s most iconic and sought-after areas. 🏠 the apartment features: – 3 bedrooms: • room...,1800,la sagrada familia 6 0/,75 m²,No indicada,,,,,ut1637019,,,,,,,2026-05-26
https://www.pisos.com/alquilar/piso-la_vila_de_gracia08012-61697268970_109200/,Piso en alquiler en La Vila de Gràcia en La Vila de Gràcia por 1.850 €/mes,"🏡 charming 3-bedroom apartment full of light in the heart of gràcia this beautiful 90 m2 apartment is located in one of barcelona’s most beloved neighborhoods — gràcia — known for its artistic vibe, local cafés, and cozy plazas. The apartment is filled with natural light and offers a warm, welc...",1850,la vila de gracia 0 0/,90 m²,No indicada,,,,,ut1520366,,,,,,,2026-05-26
https://www.pisos.com/alquilar/piso-les_corts_barrio08029-61725483331_109200/,Piso en alquiler en Les Corts en Les Corts por 2.100 €/mes,"This comfortable and bright 80 m2 apartment is ideal for students looking for a practical and well-equipped home. It has 4 spacious double bedrooms and a complete bathroom, providing a cozy and functional environment for studying and resting. The four bedrooms are equipped with double beds and wa...",2100,les corts barrio 1 0/,80 m²,No indicada,,,,,ut1548170,,,,,,,2026-05-26
https://www.pisos.com/alquilar/piso-sant_gervasi_galvany08006-61716821750_109200/,Piso en alquiler en Sant Gervasi-Galvany en Sant Gervasi-Galvany por 1.700 €/mes,"Apartment located on aribau street, ideal for students, professionals, or couples. It has three bedrooms: one double and two singles, all with a bed, desk, and wardrobe. The bathroom includes a bathtub, sink, and toilet. The kitchen is functional and equipped with the basics. The living room is s...",1700,sant gervasi galvany 0 0/,70 m²,No indicada,,,,,ut1657284,,,,,,,2026-05-26
https://www.pisos.com/alquilar/piso-la_dreta_de_eixample08009-61696992970_109200/,Piso en alquiler en La Dreta de L'Eixample en La Dreta de l'Eixample por 2.800 €/mes,"Spacious and bright 120 m2 apartment located in the heart of barcelona''s eixample district, one of the city''s most iconic and well-connected neighborhoods. Perfect for student accommodation in barcelona, this shared flat offers five carefully designed bedrooms that combine comfort and functiona...",2800,la dreta de eixample 0 0/,120 m²,No indicada,,,,,ut1625488,,,,,,,2026-05-26
https://www.pisos.com/alquilar/piso-el_raval08001-61756637067_109200/,Piso en alquiler en El Raval en El Raval por 1.100 €/mes,"🌟 central 2-bedroom top-floor apartment in barcelona (no elevator) 🌟 welcome to this bright and well-located apartment situated on carrer de l''hospital, right in the heart of ciutat vella, one of the most vibrant districts of barcelona ✨ perfect for couples, friends, or professionals, this 2...",1100,el raval 7 0/,65 m²,No indicada,,,,,ut1680816,,,,,,,2026-05-26
https://www.pisos.com/alquilar/piso-el_raval08001-61702023574_109200/,Piso en alquiler en El Raval en El Raval por 1.220 €/mes,🌟 one-of-a-kind opportunity to live in this outstanding apartment! 🌟 this 2-bedroom apartment is available to rent in one of the best neighborhoods in barcelona: el raval. The apartment reflects the character of its district with colorful artwork and exposed brick walls. The kitchen and living...,1220,el raval 4 0/,60 m²,No indicada,,,,,ut1375666,,,,,,,2026-05-26
https://www.pisos.com/alquilar/piso-sant_marti_de_provencals08020-61756171243_109200/,Piso en alquiler en Sant Martí de Provençals en Sant Martí de Provençals por 1.300 €/mes,"A private space for business or studies. The apartment is located in the sant martí de provençals neighborhood, 2 minutes from the bac de roda metro on l2 and 15 minutes from plaça universitat in the center of barcelona. Fully equipped kitchen, full bathroom, double bed, closet and very bright. I...",1300,sant marti de provencals 3 0/,45 m²,No indicada,,,,,ut1501281,,,Central,,,,2026-05-26
https://www.pisos.com/alquilar/piso-sant_pere_santa_caterina_la_ribera08003-61749702697_109200/,Piso en alquiler en Sant Pere-Santa Caterina-La Ribera en Sant Pere-Santa Caterina-La Ribera por 1.550 €/mes,"Comfortable and airy 2 bedroom apartment for rent, located in the central area of el born. One of the best features of this apartment is its spacious living area, featuring a sofa, a dining table and a large sliding door with access to the fully equipped kitchen. The 55 m2 apartment is just a 10 ...",1550,sant pere santa caterina la ribera 7 0/,55 m²,No indicada,,,,,ut1571584,,,,,,,2026-05-26
https://www.pisos.com/alquilar/piso-el_fort_pienc08013-60850720276_109200/,Piso en alquiler en El Fort Pienc en El Fort Pienc por 1.500 €/mes,"Seasonal rental for recreational/holiday use. Not intended as a permanent residence or to cover a residential housing need. Cozy apartment in the heart of eixample. As part of this apartment, guests will have the added convenience of a fully furnished kitchen. The kitchen is equipped with every...",1500,el fort pienc 6 0/,69 m²,No indicada,,,,,ut1219894,,,,,,,2026-05-26
https://www.pisos.com/alquilar/piso-el_barri_gotic08002-60916246856_109200/,Piso en alquiler en El Barri Gòtic en El Barri Gòtic por 1.500 €/mes,"Seasonal rental for recreational/holiday use. Not intended as a permanent residence or to cover a residential housing need. Utilities, internet and alarm included up to a joint maximum of €200/month. Any excess, if applicable, will be charged to the tenant according to actual invoices. Property...",1500,el barri gotic 6 0/,82 m²,No indicada,,,,,ut746175,,,,,,,2026-05-26
https://www.pisos.com/alquilar/piso-ciutat_vella_la_barceloneta08003-60904619932_109200/,Piso en alquiler en La Barceloneta en La Barceloneta por 1.190 €/mes,"The real workation paradise in the heart of barcelona - no tourstic use !! 1 - the gorgeous location: located on the first floor, just a few meters from the beach, with the subway only steps away, close to clubs and bars, and with full supply infrastructure in the immediate vicinity. Thanks to i...",1190,ciutat vella la barceloneta 2 0/,35 m²,No indicada,,,,,ut1683750,,,,,,,2026-05-26
https://www.pisos.com/alquilar/piso-el_baix_guinardo08025-60881096895_109200/,Piso en alquiler en El Baix Guinardó en El Baix Guinardó por 1.800 €/mes,"🌟 spacious 4-bedroom apartment – well connected to universities! 🌟 welcome to this bright and comfortable apartment located on ronda del guinardó, in the residential district of horta-guinardó, in the vibrant city of barcelona. Perfect for students, families, or professionals, this 4-bedroom a...",1800,el baix guinardo 5 0/,80 m²,No indicada,,,,,ut1647541,,,,,,,2026-05-26
https://www.pisos.com/alquilar/piso-la_maternitat_sant_ramon08028-60892523404_109200/,Piso en alquiler en La Maternitat-Sant Ramon en La Maternitat-Sant Ramon por 1.300 €/mes,"🌟 3-bedroom apartment next to fc barcelona stadium! 🌟 welcome to this bright and well-located apartment situated near the iconic fc barcelona stadium, in the vibrant city of barcelona. Perfect for families, friends, or professionals, this 3-bedroom apartment offers a comfortable and practical ...",1300,la maternitat sant ramon 4 0/,80 m²,No indicada,,,,,ut739077,,,,,,,2026-05-26
https://www.pisos.com/alquilar/piso-el_raval08001-60843862392_109200/,Piso en alquiler en El Raval en El Raval por 1.500 €/mes,"🌟 spacious 3-bedroom student apartment in barcelona city center🌟 welcome to this bright and practical apartment located on carrer de la cera, in the vibrant district of ciutat vella, right in the heart of barcelona ✨ perfect for students, this 3-bedroom apartment offers a comfortable and func...",1500,el raval 2 0/,70 m²,No indicada,,,,,ut1677688,,,,,,,2026-05-26
https://www.pisos.com/alquilar/piso-el_coll08023-60858059231_109200/,Piso en alquiler en El Coll en El Coll por 1.200 €/mes,"🌟 2-bedroom apartment near park güell – great for students! 🌟 welcome to this bright and well-located apartment situated near park güell, in the vibrant city of barcelona ✨ perfect for students, friends, or young professionals, this 2-bedroom apartment offers a practical and comfortable livin...",1200,el coll 1 0/,55 m²,No indicada,,,,,ut1405660,,,,,,,2026-05-26
https://www.pisos.com/alquilar/piso-el_raval08001-60859176139_109200/,Piso en alquiler en El Raval en El Raval por 1.200 €/mes,"🌟 central 2-bedroom apartment in barcelona – 2nd floor (no elevator)! 🌟 welcome to this bright and well-located apartment situated on carrer de valldonzella, in the heart of ciutat vella, in the vibrant city of barcelona ✨ perfect for couples, friends, or professionals, this 2-bedroom apartme...",1200,el raval 9 0/,55 m²,No indicada,,,,,ut1432341,,,,,,,2026-05-26
https://www.pisos.com/alquilar/piso-el_coll08023-60927065159_109200/,Piso en alquiler en El Coll en El Coll por 1.650 €/mes,"🌟 4-bedroom apartment with terrace near park güell! 🌟 welcome to this spacious and well-located apartment situated in a quiet and safe residential area near park güell, in the vibrant city of barcelona ✨ perfect for families, friends, or professionals, this 4-bedroom apartment with terrace of...",1650,el coll 9 0/,75 m²,No indicada,,,,,ut1469662,,,,,,,2026-05-26
https://www.pisos.com/alquilar/piso-eixample_sant_antoni08015-60885093452_109200/,Piso en alquiler en Sant Antoni en Sant Antoni por 1.800 €/mes,"🌟 spacious 4-bedroom apartment in the heart of barcelona! 🌟 welcome to this bright and comfortable apartment located in the vibrant neighborhood of l''eixample, one of the most central and sought-after areas of barcelona! perfect for students, young professionals, or families looking for space...",1800,eixample sant antoni 2 0/,90 m²,No indicada,,,,,ut1653521,,,,,,,2026-05-26
https://www.pisos.com/alquilar/piso-el_barri_gotic08002-60932160938_109200/,Piso en alquiler en El Barri Gòtic en El Barri Gòtic por 2.030 €/mes,"✨ cozy & newly renovated apartment | private terrace | perfect for couples ✨ bright and fully furnished double room in a gothic quarter apartment, ideal for couples. The room features a lift-up mattress bed, smart tv, desk, wardrobe, ceiling fan, radiator, bedding, towels, and a laundry basket �...",2030,el barri gotic 8 0/,60 m²,No indicada,,,,,ut1484560,,,,,,,2026-05-26
https://www.pisos.com/alquilar/piso-sant_marti_el_poblenou08005-60895225168_109200/,Piso en alquiler en El Poblenou en El Poblenou por 1.620 €/mes,"🌟 3-bedroom apartment in poblenou – near the beach! 🌟 welcome to this bright and comfortable apartment located in the vibrant neighborhood of poblenou, in the district of sant martí, in the lively city of barcelona. Perfect for families, friends, or professionals, this 3-bedroom apartment offe...",1620,sant marti el poblenou 8 0/,75 m²,No indicada,,,,,ut1491272,,,,,,,2026-05-26
https://www.pisos.com/alquilar/piso-la_nova_esquerra_de_eixample08029-60917754390_109200/,Piso en alquiler en La Nova Esquerra de L'Eixample en La Nova Esquerra de l'Eixample por 1.750 €/mes,"🌟 2-bedroom apartment next to hospital clínic – ideal for temporary stay in barcelona! 🌟 welcome to this bright and well-located apartment situated just steps from hospital clínic de barcelona, in the elegant district of eixample, in the heart of barcelona ✨ perfect for professionals, student...",1750,la nova esquerra de eixample 0 0/,65 m²,No indicada,,,,,ut1456673,,,,,,,2026-05-26
https://www.pisos.com/alquilar/piso-sant_andreu_barrio08030-60891345733_109200/,Piso en alquiler en Sant Andreu en Sant Andreu por 1.300 €/mes,"Small studio located in sant andreu area. In a pedestrian street, very calm and nice little neighborhood. Very close to fabra y puig ( l1) metro station that leads you to plaza cataluña in 5 minutes, or 11 de september metro station. The area is super cozy plenty of tapas bars, bars, supermarket...",1300,sant andreu barrio 3 0/,20 m²,No indicada,,,,,ut1008020,,,,,,,2026-05-26
https://www.pisos.com/alquilar/piso-el_barri_gotic08002-60886560987_109200/,Piso en alquiler en El Barri Gòtic en El Barri Gòtic por 1.000 €/mes,"Lovely loft completely renovated, furnished and fully equipped. It has a single room with double bed, balcony, kitchen and a spacious bathroom with shower. 4th floor without lift. Area activities ciutat vella - the 'old city' in the heart of barcelona. This area is characterized by winding co...",1000,el barri gotic 7 0/,60 m²,No indicada,,,,,ut746173,,,,,,,2026-05-26
https://www.pisos.com/alquilar/piso-la_vila_de_gracia08012-60928902194_109200/,Piso en alquiler en La Vila de Gràcia en La Vila de Gràcia por 1.950 €/mes,"Beautiful 3-bedroom apartment with balcony in the heart of gràcia 🏡✨ looking for a stylish and fully equipped flat to live in one of barcelona’s most charming neighborhoods? this 3-bedroom apartment in gràcia is ideal for a group of friends, a small family, or international students who want co...",1950,la vila de gracia 4 0/,70 m²,No indicada,,,,,ut1642701,,,,,,,2026-05-26
https://www.pisos.com/alquilar/piso-la_vila_de_gracia08006-60877850597_109200/,Piso en alquiler en La Vila de Gràcia en La Vila de Gràcia por 3.600 €/mes,"160 m2 apartment in gràcia – spacious, bright, and well located this spectacular 160 m2 apartment offers an excellent combination of space, comfort, and a prime location in the gràcia neighborhood, one of barcelona’s most vibrant and desirable areas. The property features five spacious and brig...",3600,la vila de gracia 7 0/,160 m²,No indicada,,,,,ut1606248,,,,,,,2026-05-26
https://www.pisos.com/alquilar/piso-el_barri_gotic08002-60928134516_109200/,Piso en alquiler en El Barri Gòtic en El Barri Gòtic por 2.950 €/mes,"Impressive apartment in front of paseo colon and the beach. In the heart of barcelona, an area full of life and art, with an offer unparalleled local restaurants. It consists of 3 bedrooms and two bathrooms in the center of barcelona, very close to la rambla, el born, and barceloneta. It has wi...",2950,el barri gotic 6 0/,85 m²,No indicada,,,,,ut1624719,,,Central,,,,2026-05-26
https://www.pisos.com/alquilar/piso-antiga_esquerra_de_eixample08036-60841882318_109200/,Piso en alquiler en L'Antiga Esquerra de L'Eixample en L'Antiga Esquerra de l'Eixample por 2.600 €/mes,"3-bedroom apartment completely renovated with high quality design and materials. It stands out for its combination of original elements such as its catalan vault ceilings, wooden floors, brick, stone and mosaics with modern and current details. In its meters there are differentiates the day and n...",2600,antiga esquerra de eixample 8 0/,85 m²,No indicada,,,,,ut1038759,,,,,,,2026-05-26
https://www.pisos.com/alquilar/piso-la_vila_de_gracia08024-60922414031_109200/,Piso en alquiler en La Vila de Gràcia en La Vila de Gràcia por 1.200 €/mes,"Charming apartment fully furnished and equipped. The apartment is distributed in one double room, a cozy study, a spacious living room with a kitchenette, an interior patio and a bathroom. 🕗 check-in times: weekdays from 10 am to 6 pm 💰late check-in fee: if check-in is out of this schedule €...",1200,la vila de gracia 1 0/,68 m²,No indicada,,,,,ut1356955,,,,,,,2026-05-26
https://www.pisos.com/alquilar/piso-el_raval08001-60927856379_109200/,Piso en alquiler en El Raval en El Raval por 1.100 €/mes,"Beautiful 2 double bedroom apartment flooded with light in the heart of raval. Modernised & fully equipped this 77m2 apartment has a tasteful decor, wooden floors throughout and two balconies with amazing views to plaça pedro. The kitchen is fully equipped with oven, microwave, refrigerator and...",1100,el raval 9 0/,77 m²,No indicada,,,,,ut1282743,,,,,,,2026-05-26
https://www.pisos.com/alquilar/piso-el_poble_sec08004-60886731963_109200/,Piso en alquiler en El Poble-Sec en El Poble-sec por 1.450 €/mes,"Very original flat, decorated with retro elements alluding to the theater and with a bohemian air. - 55 m2 on a square floor plan, without corridor, entirely useful. — it is a fourth floor - completely outside. Southeast orientation, sun all day. - views of the city and montjuïch park - two bedro...",1450,el poble sec 3 0/,55 m²,No indicada,,,,,ut1196619,,,,,,,2026-05-26
https://www.pisos.com/alquilar/piso-sant_pere_santa_caterina_la_ribera08003-60887152797_109200/,Piso en alquiler en Sant Pere-Santa Caterina-La Ribera en Sant Pere-Santa Caterina-La Ribera por 2.600 €/mes,"Discover this charming and spacious 3-bedroom apartment located in one of the most desirable and historic neighborhoods of barcelona: el born. The apartment sits just a few meters from metro jaume i (l4) and is within easy walking distance of the gothic quarter, las ramblas, plaça catalunya, barc...",2600,sant pere santa caterina la ribera 7 0/,70 m²,No indicada,,,,,ut1096808,,,,,,,2026-05-26
https://www.pisos.com/alquilar/piso-la_dreta_de_eixample08008-60880265695_109200/,Piso en alquiler en La Dreta de L'Eixample en La Dreta de l'Eixample por 2.500 €/mes,Paseo de gracia is the most important street not only in barcelona but in the whole of spain. You won''t find a better place to spend your study or work stay in the city! this property boasts a beautiful modern design. It has very bright interiors that lighten up the atmosphere of the space. Lux...,2500,la dreta de eixample 5 0/,50 m²,No indicada,,,,,ut1396590,,,Central,,,,2026-05-26
https://www.pisos.com/alquilar/piso-el_raval08001-60836526695_109200/,Piso en alquiler en El Raval en El Raval por 1.400 €/mes,"🌟 super central 2-bedroom apartment next to liceu theatre! 🌟 welcome to this bright and well-located apartment situated just steps from the famous gran teatre del liceu, in the heart of ciutat vella, one of the most iconic districts of barcelona ✨ perfect for couples, friends, or professional...",1400,el raval 5 0/,65 m²,No indicada,,,,,ut1533262,,,,,,,2026-05-26
https://www.pisos.com/alquilar/piso-eixample_sant_antoni08015-60875845183_109200/,Piso en alquiler en Sant Antoni en Sant Antoni por 2.350 €/mes,"Modern and renovated 2 bedroom apartment near sant antoni market. You can walk only in 10 min to main square plaza catalunya apartment has been designed and prepared to make your stay comfortable. It has 2 double bedrooms, open space kitchen with dining table. Both bedrooms and living room have s...",2350,eixample sant antoni 3 0/,60 m²,No indicada,,,,,ut1681490,,,,,,,2026-05-26
https://www.pisos.com/alquilar/piso-el_raval08001-60854337728_109200/,Piso en alquiler en El Raval en El Raval por 1.360 €/mes,"🌟 one-of-a-kind opportunity to live in this outstanding apartment! 🌟 this 2-bedroom apartment with 2 balconies in el raval is available to rent on carrer de la junta de comerç. The 75 m2 property offers a kitchen, a living room with a television, and a bathroom with a washing machine. 🏙️ perf...",1360,el raval 8 0/,60 m²,No indicada,,,,,ut1375654,,,,,,,2026-05-26
https://www.pisos.com/alquilar/piso-provencals_del_poblenou08018-60082571690_109200/,Piso en alquiler en Provençals del Poblenou en Provençals del Poblenou por 2.500 €/mes,"💢💢💢 be aware that this listing represents a category of apartments with similar characteristics. The actual place might be slightly different to the pictures. 💢💢💢 exclusive loft apartment (28m2) featuring large bed (150cm x 200cm), desk or table, ensuite bathroom, kitchen, and sofabed. ...",2500,provencals del poblenou 0 0/,28 m²,No indicada,,,,,ut1465751,,,Central,,,,2026-05-26
https://www.pisos.com/alquilar/piso-provencals_del_poblenou08018-60012362531_109200/,Piso en alquiler en Provençals del Poblenou en Provençals del Poblenou por 2.000 €/mes,"💢💢💢 be aware that this listing represents a category of apartments with similar characteristics. The actual place might be slightly different to the pictures. 💢💢💢 this 16m2 studio is designed for those who value extra comfort and features a single standard bed (105cm x 200cm) , ensuite b...",2000,provencals del poblenou 1 0/,16 m²,No indicada,,,,,ut1465750,,,Central,,,,2026-05-26
https://www.pisos.com/alquilar/piso-provencals_del_poblenou08018-60062457865_109200/,Piso en alquiler en Provençals del Poblenou en Provençals del Poblenou por 2.600 €/mes,"💢💢💢 be aware that this listing represents a category of apartments with similar characteristics. The actual place might be slightly different to the pictures. 💢💢💢 exclusive loft apartment (28m2) featuring private exterior terrace (11.5 m2), large bed (150cm x 200cm), desk (150cm x 60cm),...",2600,provencals del poblenou 5 0/,28 m²,No indicada,,,,,ut1465752,,,Central,,,,2026-05-26
https://www.pisos.com/alquilar/piso-provencals_del_poblenou08018-60062405693_109200/,Piso en alquiler en Provençals del Poblenou en Provençals del Poblenou por 2.450 €/mes,💢💢💢 be aware that this listing represents a category of apartments with similar characteristics. The actual place might be slightly different to the pictures. The deposit is paid by bank transfer immediately after booking confirmation. 💢💢💢 premium studio (22-26m2) featuring large bed (hi...,2450,provencals del poblenou 3 0/,22 m²,No indicada,,,,,ut1465745,,,Central,,,,2026-05-26
https://www.pisos.com/alquilar/piso-sarria_sant_gervasi_sarria08034-60063750202_109200/,Piso en alquiler en Sarrià en Sarrià por 1.150 €/mes,"Our two-story cottage is a cozy and comfortable home, ideal for couples seeking a quiet and intimate living space. Located in a charming neighborhood, it offers a warm and functional layout. The ground floor features a fully equipped kitchen, dining area, and laundry room, while the upper floor ...",1150,sarria sant gervasi sarria 2 0/,40 m²,No indicada,,,,,ut1516104,,,,,,,2026-05-26
https://www.pisos.com/alquilar/apartamento-barcelona_capital-59203363594_105600/,Apartamento en alquiler en Barcelona Capital en Barcelona Capital por 2.500 €/mes,"Presentamos oportunidad de alquier en zona poblenou. El poblenou es un extenso distrito con cafeterías y bares de tapas de moda en la rambla del poblenou, así como fábricas reformadas que albergan oficinas de tecnología y exposiciones de diseño. Entre los lugares de interés cerca de la plaza de l...",2500,4 0/,440 m²,No indicada,,1,,,65064,,,,,,,2026-05-26
https://www.pisos.com/alquilar/piso-sant_gervasi_la_bonanova08022-59264755315_109200/,Piso en alquiler en Sant Gervasi-La Bonanova en Sant Gervasi-La Bonanova por 2.300 €/mes,Seasonal rental (exclusive use for holidays/leisure) not intended as a permanent residence or to cover a residential housing need. Bright 2-bedroom apartment with terrace in sarrià enjoy this spacious and sunny apartment located in one of barcelona’s most exclusive and peaceful neighbourhoods:...,2300,sant gervasi la bonanova 5 0/,81 m²,No indicada,,,,,ut1669225,,,,,,,2026-05-26
https://www.pisos.com/alquilar/piso-sant_pere_santa_caterina_la_ribera08003-55879608087_109200/,Piso en alquiler en Sant Pere-Santa Caterina-La Ribera en Sant Pere-Santa Caterina-La Ribera por 1.000 €/mes,"🌟 super central cozy studio – your base in barcelona! 🌟 welcome to this compact and well-located studio situated on carrer del portal nou, in the heart of ciutat vella, one of the most vibrant and historic districts of barcelona ✨ perfect for singles or students, this small studio is an ideal...",1000,sant pere santa caterina la ribera 7 0/,25 m²,No indicada,,,,,ut1617401,,,,,,,2026-05-26
https://www.pisos.com/alquilar/piso-el_raval08001-59230441519_109200/,Piso en alquiler en El Raval en El Raval por 1.550 €/mes,"🌟 central 2-bedroom top-floor apartment in barcelona (no elevator) 🌟 welcome to this bright and well-located apartment situated on carrer de l''hospital, right in the heart of ciutat vella, one of the most vibrant districts of barcelona ✨ perfect for couples, friends, or professionals, this 2...",1550,el raval 9 0/,55 m²,No indicada,,,,,ut1462759,,,,,,,2026-05-26
https://www.pisos.com/alquilar/piso-la_vila_de_gracia08006-58387756000_109200/,Piso en alquiler en La Vila de Gràcia en La Vila de Gràcia por 1.030 €/mes,"🌟 small studio in prime location in barcelona! 🌟 welcome to this cozy and well-located studio situated on carrer de sèneca, in the heart of the charming neighborhood of gràcia, one of the most desirable areas of barcelona ✨ perfect for singles or students, this small studio offers a compact a...",1030,la vila de gracia 0 0/,25 m²,No indicada,,,,,ut1665880,,,,,,,2026-05-26
https://www.pisos.com/alquilar/piso-eixample_sant_antoni08015-58361125423_109200/,Piso en alquiler en Sant Antoni en Sant Antoni por 1.900 €/mes,"Amazing 1 bedroom apartment in barcelona city center! it is fully furnished and equipped! it has 1 double bedroom, living room with open space kitchen and amazing terrace to enjoy sun or meal outside. Its located in near sant antoni market, one of the new trendy neighborhoods and about 10 min wal...",1900,eixample sant antoni 3 0/,35 m²,No indicada,,,,,ut1664848,,,,,,,2026-05-26
https://www.pisos.com/alquilar/piso-sants_badal-56742727160_109200/,Piso en alquiler en Sants-Badal en Sants-Badal por 1.200 €/mes,"🌟 spacious 3-bedroom apartment in sants district! 🌟 welcome to this comfortable and well-located apartment situated in the lively sants district, one of the most authentic and well-connected areas of barcelona ✨ perfect for families, roommates, or professionals, this 3-bedroom apartment offer...",1200,sants badal 0 0/,60 m²,No indicada,,,,,ut1652104,,,,,,,2026-05-26
https://www.pisos.com/alquilar/piso-el_raval08001-55881109632_109200/,Piso en alquiler en El Raval en El Raval por 1.140 €/mes,"🌟 charming 1-bedroom apartment in barcelona city center! 🌟 welcome to this cozy and well-located apartment situated on carrer de la cera, in the heart of ciutat vella, one of the most authentic and vibrant districts of barcelona ✨ perfect for singles or couples, this 1-bedroom apartment offer...",1140,el raval 2 0/,35 m²,No indicada,,,,,ut1633673,,,,,,,2026-05-26
https://www.pisos.com/alquilar/apartamento-barcelona_capital-59249790277_105600/,Apartamento en alquiler en Barcelona Capital en Barcelona Capital por 1.500 €/mes,"Alquiler de bonito piso cerca de cientre, 3 min a pie metro navas, dos haitaciones amueblado solo por dos personas adultos sin menores sin mascotas no fumadores, posibile estudiantes , temporada de 11 meses 1500 mes.mas suministro , fiansa precio anterior alquiler: 1,500 €mes. Características: ...",1500,7 0/,,No indicada,2,1,,,158267,,,,,,,2026-05-26
https://www.pisos.com/alquilar/piso-el_camp_en_grassot_gracia_nova08024-56728995083_109200/,Piso en alquiler en El Camp D'en Grassot-Gràcia Nova en El Camp d'en Grassot-Gràcia Nova por 1.900 €/mes,"Disfruta de la sencillez de este acogedor apartamento a pie de calle ideal para 2 personas, ubicado en una calle tranquila y céntrica de gràcia. Cuenta con una habitación confortable, una sala de estar funcional, cocina equipada y baño completo. Su excelente ubicación permite disfrutar del encant...",1900,el camp en grassot gracia nova 3 0/,50 m²,No indicada,,,,,ut1647678,,,,,,,2026-05-26
https://www.pisos.com/alquilar/piso-el_raval08001-64192920125_109200/,Piso en alquiler en El Raval en El Raval por 1.215 €/mes,"Available for 32 days - 11 months, contract for one season! do you want to have breakfast every day near the most famous market in barcelona? this beautiful 2- bedroom apartment is located right next to the famous la boqueria market. Unbeatable location, in the heart of the city, very well conne...",1215,el raval 5 0/,49 m²,No indicada,,,,,ut1114722,,,Central,,,,2026-05-26
https://www.pisos.com/alquilar/piso-la_vila_de_gracia08012-64252545989_109200/,Piso en alquiler en La Vila de Gràcia en La Vila de Gràcia por 1.750 €/mes,"Please read the description before contacting. Modern studio on carrer gran de gràcia 44 | prime barcelona location | couples allowed | super bright | newly renovated | all new furniture live in one of the most exclusive and sought-after areas of barcelona. Located on carrer gran de gràcia 44, t...",1750,la vila de gracia 9 0/,22 m²,No indicada,,,,,ut1708722,,,Central,,,,2026-05-26
https://www.pisos.com/alquilar/piso-la_maternitat_sant_ramon08028-62507462393_109200/,Piso en alquiler en La Maternitat-Sant Ramon en La Maternitat-Sant Ramon por 1.150 €/mes,"This cozy 29 m2 studio offers a practical and well-designed living space, with the living and sleeping areas sharing a bright open-plan layout that creates a comfortable and functional atmosphere. The apartment features a compact open-plan kitchen, fully equipped for everyday use, as well as a f...",1150,la maternitat sant ramon 3 0/,28 m²,No indicada,,,,,ut1611689,,,,,,,2026-05-26
https://www.pisos.com/alquilar/piso-sants_montjuic_sants08028-61707522650_109200/,Piso en alquiler en Sants en Sants por 850 €/mes,Se alquila estudio para una persona alquiler ideal estudiantes trabajadores erasmus medicos cerca del metro autobuses y tranvias zona muy comercial con todo tipo de tiendas y comercios cerca de parada de bicing. Totalmente equipado con aire acondicionado exterior ventanas de aluminio muebles d...,850,sants montjuic sants 0 0/,30 m²,No indicada,,,,,ut949936,,,,,,,2026-05-26
https://www.pisos.com/alquilar/piso-la_vila_de_gracia08012-61741611350_109200/,Piso en alquiler en La Vila de Gràcia en La Vila de Gràcia por 1.750 €/mes,"🌟 spacious 3-bedroom apartment in gràcia! 🌟 welcome to this bright and comfortable apartment located in the vibrant neighborhood of gràcia, one of the most authentic and sought-after areas of barcelona ✨ perfect for families, friends, or professionals, this 3-bedroom apartment offers a practi...",1750,la vila de gracia 0 0/,60 m²,No indicada,,,,,ut1568445,,,,,,,2026-05-26
https://www.pisos.com/alquilar/piso-el_carmel08032-63426539843_109200/,Piso en alquiler en El Carmel en El Carmel por 1.190 €/mes,"65 m2 apartment in a building with lift. The property features 1 double bedroom, 1 full bathroom with shower, a bright living-dining room with access to the terrace, a fully equipped open-plan kitchen, and a terrace with open views.",1190,el carmel 3 0/,65 m²,No indicada,,,,,ut1652969,,,,,,,2026-05-26
https://www.pisos.com/alquilar/piso-el_raval08001-64257161110_109200/,Piso en alquiler en El Raval en El Raval por 925 €/mes,"🌟 quiet 1-bedroom apartment in barcelona city center! 🌟 welcome to this peaceful and well-located apartment situated on carrer de la cera, in the heart of ciutat vella, one of the most authentic and central areas of barcelona ✨ perfect for singles or couples, this 1-bedroom apartment offers a...",925,el raval 0 0/,39 m²,No indicada,,,,,ut1647112,,,,,,,2026-05-26
https://www.pisos.com/alquilar/piso-el_raval08001-64234355325_109200/,Piso en alquiler en El Raval en El Raval por 1.260 €/mes,"Seasonal rental for leisure or holiday purposes only – min. 32 days max. 11 months we only accept reservations from tenants staying for leisure or holiday purposes. This apartment is exclusively available for temporary stays related to leisure, holidays, recreational or cultural activities such ...",1260,el raval 5 0/,40 m²,No indicada,,,,,ut1654530,,,,,,,2026-05-26
https://www.pisos.com/alquilar/piso-el_poble_sec08004-64227340119_109200/,Piso en alquiler en El Poble-Sec en El Poble-sec por 1.200 €/mes,"Seasonal rental for leisure or holiday purposes only – min. 32 days max. 11 months this apartment is exclusively available for temporary stays related to leisure, holidays, recreational or cultural activities such as congresses, fairs or festivals. The minimum stay is 32 days and the maximum is ...",1200,el poble sec 9 0/,34 m²,No indicada,,,,,ut1657142,,,,,,,2026-05-26
https://www.pisos.com/alquilar/piso-el_poble_sec08004-64183080249_109200/,Piso en alquiler en El Poble-Sec en El Poble-sec por 1.750 €/mes,"Seasonal rental for leisure or holiday purposes only – min. 32 days max. 11 months this apartment is exclusively available for temporary stays related to leisure, holidays, recreational or cultural activities such as congresses, fairs or festivals. The minimum stay is 32 days and the maximum is ...",1750,el poble sec 9 0/,74 m²,No indicada,,,,,ut1573806,,,,,,,2026-05-26
https://www.pisos.com/alquilar/piso-el_raval08001-64213469738_109200/,Piso en alquiler en El Raval en El Raval por 1.800 €/mes,"Seasonal rental for leisure or holiday purposes only – min. 32 days max. 11 months this apartment is exclusively available for temporary stays related to leisure, holidays, recreational or cultural activities such as congresses, fairs or festivals. The minimum stay is 32 days and the maximum is ...",1800,el raval 8 0/,97 m²,No indicada,,,,,ut1083659,,,,,,,2026-05-26
https://www.pisos.com/alquilar/piso-la_nova_esquerra_de_eixample08029-64166938042_109200/,Piso en alquiler en La Nova Esquerra de L'Eixample en La Nova Esquerra de l'Eixample por 1.795 €/mes,"Seasonal rental for leisure or holiday purposes only – min. 32 days max. 11 months this apartment is exclusively available for temporary stays related to leisure, holidays, recreational or cultural activities such as congresses, fairs or festivals. The minimum stay is 32 days and the maximum is ...",1795,la nova esquerra de eixample 2 0/,71 m²,No indicada,,,,,ut1683049,,,,,,,2026-05-26
https://www.pisos.com/alquilar/piso-el_raval08001-64209625214_109200/,Piso en alquiler en El Raval en El Raval por 1.350 €/mes,"Seasonal rental for leisure or holiday purposes only – min. 32 days max. 11 months this apartment is exclusively available for temporary stays related to leisure, holidays, recreational or cultural activities such as congresses, fairs or festivals. The minimum stay is 32 days and the maximum is ...",1350,el raval 4 0/,50 m²,No indicada,,,,,ut1654729,,,,,,,2026-05-26
https://www.pisos.com/alquilar/piso-el_raval08001-64188314158_109200/,Piso en alquiler en El Raval en El Raval por 2.415 €/mes,"Seasonal rental for leisure or holiday purposes only – min. 32 days max. 11 months this apartment is exclusively available for temporary stays related to leisure, holidays, recreational or cultural activities such as congresses, fairs or festivals. The minimum stay is 32 days and the maximum is ...",2415,el raval 8 0/,97 m²,No indicada,,,,,ut1083938,,,,,,,2026-05-26
https://www.pisos.com/alquilar/piso-el_coll08023-64198506920_109200/,Piso en alquiler en El Coll en El Coll por 1.260 €/mes,"Seasonal rental for leisure or holiday purposes only – min. 32 days max. 11 months this apartment is exclusively available for temporary stays related to leisure, holidays, recreational or cultural activities such as congresses, fairs or festivals. The minimum stay is 32 days and the maximum is ...",1260,el coll 0 0/,27 m²,No indicada,,,,,ut1655232,,,,,,,2026-05-26
https://www.pisos.com/alquilar/piso-el_raval08001-64255593401_109200/,Piso en alquiler en El Raval en El Raval por 1.750 €/mes,"Seasonal rental for leisure or holiday purposes only – min. 32 days max. 11 months this apartment is exclusively available for temporary stays related to leisure, holidays, recreational or cultural activities such as congresses, fairs or festivals. The minimum stay is 32 days and the maximum is ...",1750,el raval 1 0/,97 m²,No indicada,,,,,ut1083937,,,,,,,2026-05-26
https://www.pisos.com/alquilar/piso-el_poble_sec08004-64224462921_109200/,Piso en alquiler en El Poble-Sec en El Poble-sec por 1.750 €/mes,"Seasonal rental for leisure or holiday purposes only – min. 32 days max. 11 months this apartment is exclusively available for temporary stays related to leisure, holidays, recreational or cultural activities such as congresses, fairs or festivals. The minimum stay is 32 days and the maximum is ...",1750,el poble sec 1 0/,74 m²,No indicada,,,,,ut1573815,,,,,,,2026-05-26
https://www.pisos.com/alquilar/piso-el_besos_el_maresme08019-64254687207_109200/,Piso en alquiler en El Besòs-El Maresme en El Besòs-El Maresme por 1.214 €/mes,"Major works on the facade until end of june, price reduces for the season! prime location in sant martí (pujades street) live in a well-established area with excellent transport links and just a short walk from the beach and the poblenou technology district. Transportation: very well connected...",1214,el besos el maresme 7 0/,69 m²,No indicada,,,,,ut1670435,,,,,,,2026-05-26
https://www.pisos.com/alquilar/piso-el_poble_sec08004-64204096837_109200/,Piso en alquiler en El Poble-Sec en El Poble-sec por 1.750 €/mes,"Seasonal rental for leisure or holiday purposes only – min. 32 days max. 11 months this apartment is exclusively available for temporary stays related to leisure, holidays, recreational or cultural activities such as congresses, fairs or festivals. The minimum stay is 32 days and the maximum is ...",1750,el poble sec 7 0/,74 m²,No indicada,,,,,ut1573808,,,,,,,2026-05-26
https://www.pisos.com/alquilar/piso-el_camp_en_grassot_gracia_nova08025-64191919070_109200/,Piso en alquiler en El Camp D'en Grassot-Gràcia Nova en El Camp d'en Grassot-Gràcia Nova por 1.650 €/mes,"Seasonal rental for leisure or holiday purposes only – min. 32 days max. 11 months this apartment is exclusively available for temporary stays related to leisure, holidays, recreational or cultural activities such as congresses, fairs or festivals. The minimum stay is 32 days and the maximum is ...",1650,el camp en grassot gracia nova 0 0/,57 m²,No indicada,,,,,ut1569120,,,,,,,2026-05-26
https://www.pisos.com/alquilar/piso-el_poble_sec08004-64214127017_109200/,Piso en alquiler en El Poble-Sec en El Poble-sec por 1.750 €/mes,"Seasonal rental – min. 32 days max. 11 months discover this spectacular 69 m2 property on vibrant tapioles street in barcelona. Located in the heart of poble sec, this outstanding space is set within a beautifully restored historic building that combines classic charm with modern convenience. T...",1750,el poble sec 7 0/,69 m²,No indicada,,,,,ut1643934,,,,,,,2026-05-26
https://www.pisos.com/alquilar/piso-sant_andreu_barrio08030-64208448825_109200/,Piso en alquiler en Sant Andreu en Sant Andreu por 950 €/mes,"Seasonal rental for leisure or holiday purposes only – min. 32 days max. 11 months we only accept reservations from tenants staying for leisure or holiday purposes. This apartment is exclusively available for temporary stays related to leisure, holidays, recreational or cultural activities such ...",950,sant andreu barrio 5 0/,34 m²,No indicada,,,,,ut1629144,,,,,,,2026-05-26
https://www.pisos.com/alquilar/piso-el_barri_gotic08002-64225406019_109200/,Piso en alquiler en El Barri Gòtic en El Barri Gòtic por 2.300 €/mes,"Seasonal rental for leisure or holiday purposes only – min. 32 days max. 11 months this apartment is exclusively available for temporary stays related to leisure, holidays, recreational or cultural activities such as congresses, fairs or festivals. The minimum stay is 32 days and the maximum is ...",2300,el barri gotic 9 0/,130 m²,No indicada,,,,,ut1143699,,,,,,,2026-05-26
https://www.pisos.com/alquilar/piso-gracia_la_salut08023-64207416223_109200/,Piso en alquiler en La Salut en La Salut por 3.000 €/mes,"Seasonal rental for leisure or holiday purposes only – min. 32 days max. 11 months this apartment is exclusively available for temporary stays related to leisure, holidays, recreational or cultural activities such as congresses, fairs or festivals. The minimum stay is 32 days and the maximum is ...",3000,gracia la salut 3 0/,94 m²,No indicada,,,,,ut1581691,,,,,,,2026-05-26
https://www.pisos.com/alquilar/piso-el_poble_sec08004-64226251491_109200/,Piso en alquiler en El Poble-Sec en El Poble-sec por 1.750 €/mes,"Seasonal rental – min. 32 days max. 11 months discover this spectacular 69 m2 property on vibrant tapioles street in barcelona. Located in the heart of poble sec, this outstanding space is set within a beautifully restored historic building that combines classic charm with modern convenience. T...",1750,el poble sec 1 0/,69 m²,No indicada,,,,,ut1649811,,,,,,,2026-05-26
https://www.pisos.com/alquilar/piso-sant_pere_santa_caterina_la_ribera08003-64198103023_109200/,Piso en alquiler en Sant Pere-Santa Caterina-La Ribera en Sant Pere-Santa Caterina-La Ribera por 1.095 €/mes,"✨ furnished loft-style penthouse | short & long-term rental ✨ bright and modern loft-style penthouse with an open layout, ideal for one person or a couple. Located in the heart of ciutat vella, this fully furnished apartment offers a spacious atmosphere with no separate bedroom, creating a styli...",1095,sant pere santa caterina la ribera 3 0/,35 m²,No indicada,,,,,ut1629480,,,,,,,2026-05-26
https://www.pisos.com/alquilar/piso-antiga_esquerra_de_eixample08036-64256385371_109200/,Piso en alquiler en L'Antiga Esquerra de L'Eixample en L'Antiga Esquerra de l'Eixample por 2.700 €/mes,"Experience the epitome of elegance at calle aribau —your premium, newly-renovated 2-bedroom apartment in the heart of barcelona''s prestigious eixample district. With a monthly rate of €2,800, this exquisite residence offers an unparalleled living experience, steps away from boutiques, museums, a...",2700,antiga esquerra de eixample 1 0/,70 m²,No indicada,,,,,ut1452493,,,,,,,2026-05-26
https://www.pisos.com/alquilar/piso-el_besos_el_maresme08019-63406454254_109200/,Piso en alquiler en El Besòs-El Maresme en El Besòs-El Maresme por 1.187 €/mes,"Welcome to your modern 3-bedroom apartment nestled in the vibrant sant marti poblenou neighborhood . This stylish residence offers the perfect blend of comfort and convenience for your barcelona stay. As you enter, natural light fills the open living space, which seamlessly connects the living, ...",1187,el besos el maresme 4 0/,75 m²,No indicada,,,,,ut1413429,,,,,,,2026-05-26
https://www.pisos.com/alquilar/piso-sant_pere_santa_caterina_la_ribera08003-63400244299_109200/,Piso en alquiler en Sant Pere-Santa Caterina-La Ribera en Sant Pere-Santa Caterina-La Ribera por 1.260 €/mes,"Opportunity to buy a refurbished flat with furniture in good condition. Fantastic 2 bedroom flat in the born. It is available to move in immediately, for stays of between 32 days and 11 months. The flat consists of two double bedrooms, a spacious bathroom with shower and a fully equipped kitchen...",1260,sant pere santa caterina la ribera 9 0/,50 m²,No indicada,,,,,ut1573871,,,,,,,2026-05-26
https://www.pisos.com/alquilar/piso-eixample_sant_antoni08015-63388695568_109200/,Piso en alquiler en Sant Antoni en Sant Antoni por 1.300 €/mes,"🌟 very central 2-bedroom apartment next to plaça d’espanya! 🌟 welcome to this bright and well-located apartment situated on avinguda del paral·lel, just steps away from the iconic plaça d''espanya, in the heart of barcelona ✨ perfect for couples, friends, or professionals, this 2-bedroom apar...",1300,eixample sant antoni 8 0/,65 m²,No indicada,,,,,ut1608999,,,,,,,2026-05-26
https://www.pisos.com/alquilar/piso-sant_pere_santa_caterina_la_ribera08003-63412781500_109200/,Piso en alquiler en Sant Pere-Santa Caterina-La Ribera en Sant Pere-Santa Caterina-La Ribera por 1.100 €/mes,"💢💢💢 🔸be aware that this listing represents a category of apartments with similar characteristics. The actual place might be slightly different from the pictures.🔸 we offer you rooms with high standards of comfort, you will live in spaces that will allow you to enjoy life in the heart of t...",1100,sant pere santa caterina la ribera 0 0/,35 m²,No indicada,,,,,ut1493782,,,,,,,2026-05-26
https://www.pisos.com/alquilar/piso-el_barri_gotic08002-63425737285_109200/,Piso en alquiler en El Barri Gòtic en El Barri Gòtic por 1.970 €/mes,"Elegant 1-bedroom, 1-bathroom apartment located in one of the most popular and sought-after areas of central barcelona. Once you find yourself in this square in the historic centre of barcelona, you can take any of the surrounding streets, where you will find cobblestone alleys full of history. ...",1970,el barri gotic 5 0/,62 m²,No indicada,,,,,ut1243530,,,,,,,2026-05-26
https://www.pisos.com/alquilar/piso-la_nova_esquerra_de_eixample08029-62519277207_109200/,Piso en alquiler en La Nova Esquerra de L'Eixample en La Nova Esquerra de l'Eixample por 2.524 €/mes,"This accommodation is exclusively for holiday stays. Bookings related to work, study, or medical visits are not permitted. This spacious, stylish and homey apartment may just be what you are looking for! located just a few minutes walking from hospital clinic and the amazing plaça francesc macià...",2524,la nova esquerra de eixample 7 0/,85 m²,No indicada,,,,,ut1688667,,,,,,,2026-05-26
https://www.pisos.com/alquilar/piso-sant_pere_santa_caterina_la_ribera08003-62510429673_109200/,Piso en alquiler en Sant Pere-Santa Caterina-La Ribera en Sant Pere-Santa Caterina-La Ribera por 1.350 €/mes,"💢💢💢 🔸be aware that this listing represents a category of apartments with similar characteristics. The actual place might be slightly different from the pictures.🔸 we offer you rooms with high standards of comfort, you will live in spaces that will allow you to enjoy life in the heart of th...",1350,sant pere santa caterina la ribera 3 0/,35 m²,No indicada,,,,,ut1493790,,,,,,,2026-05-26
https://www.pisos.com/alquilar/piso-el_raval08002-61765158248_109200/,Piso en alquiler en El Raval en El Raval por 2.701 €/mes,"This accommodation is exclusively for holiday stays. Bookings related to work, study, or medical visits are not permitted. Take a look at this amazing 2 bedroom apartment, located in the very city centre of (hidden). You will be close to all public transportation, even though you will be able ...",2701,el raval 8 0/,78 m²,No indicada,,,,,ut1688663,,,,,,,2026-05-26
https://www.pisos.com/alquilar/piso-el_raval08002-61759245315_109200/,Piso en alquiler en El Raval en El Raval por 2.239 €/mes,"This accommodation is exclusively for holiday stays. Bookings related to work, study, or medical visits are not permitted. Rambla c- on the top floor of a building from the 19th century with great views over la rambla and plaça catalunya. Very bright and sky sight it is ideally located in the m...",2239,el raval 5 0/,47 m²,No indicada,,,,,ut1688656,,,,,,,2026-05-26
https://www.pisos.com/alquilar/piso-el_barri_gotic08002-61690682234_109200/,Piso en alquiler en El Barri Gòtic en El Barri Gòtic por 1.265 €/mes,"Private apartment in the heart of the gothic 🏛️✨ studio for rent located in the very center of barcelona 🌆. The apartment is fully furnished and equipped. It features a double bed 🛏️, balcony 🌟, desk 🖥️, closet 🚪, kitchen 🍳, and a full bathroom 🚿. The apartment does not have an elevator...",1265,el barri gotic 4 0/,50 m²,No indicada,,,,,ut1527116,,,,,,,2026-05-26
https://www.pisos.com/alquilar/piso-el_clot08018-60905077445_109200/,Piso en alquiler en El Clot en El Clot por 1.400 €/mes,"🌟 2-bedroom apartment with stunning views in barcelona! 🌟 welcome to this bright and well-located apartment situated on gran via de les corts catalanes, in the district of sant martí, in the vibrant city of barcelona ✨ perfect for couples, friends, or professionals, this 2-bedroom apartment o...",1400,el clot 5 0/,60 m²,No indicada,,,,,ut1664804,,,,,,,2026-05-26
https://www.pisos.com/alquilar/piso-sant_pere_santa_caterina_la_ribera08003-60873803995_109200/,Piso en alquiler en Sant Pere-Santa Caterina-La Ribera en Sant Pere-Santa Caterina-La Ribera por 1.400 €/mes,"💢💢💢 🔸be aware that this listing represents a category of apartments with similar characteristics. The actual place might be slightly different from the pictures.🔸 we offer you studios with high standards of comfort, you will live in spaces that will allow you to enjoy life in the heart of ...",1400,sant pere santa caterina la ribera 5 0/,35 m²,No indicada,,,,,ut1488548,,,,,,,2026-05-26
https://www.pisos.com/alquilar/piso-la_dreta_de_eixample08010-60895984014_109200/,Piso en alquiler en La Dreta de L'Eixample en La Dreta de l'Eixample por 3.700 €/mes,"5 bedroom luxury home rental conditions: monthly rental income: (3.700€) deposit: 2 month deposit (returned at the end of the contract) - (7.400€) water, electricity, gas and internet supply costs: borne by the tenant (according to consumption) agency service: (3.700€) housing description: loca...",3700,la dreta de eixample 4 0/,170 m²,No indicada,,,,,ut1469678,,,,,,,2026-05-26
https://www.pisos.com/alquilar/piso-el_raval08001-60924564833_109200/,Piso en alquiler en El Raval en El Raval por 1.100 €/mes,"Ideal for students: 1-bedroom apartment rental conditions: rent: (1.100€) deposit: 1 month (returned at the end of the contract) water and electricity bills: 150€ agency services: (1.330€) house description: located on the first floor with a private elevator, the apartment is 37 m2 and has 1 be...",1100,el raval 3 0/,37 m²,No indicada,,,,,ut1631261,,,,,,,2026-05-26
https://www.pisos.com/alquilar/piso-el_barri_gotic08002-60914698966_109200/,Piso en alquiler en El Barri Gòtic en El Barri Gòtic por 1.970 €/mes,"Move into this astonishing property! this elegant apartment with two bedrooms and a bathroom is located in one of the most popular and sought-after areas in the center of barcelona. Once you are in this square in the historic center of barcelona, ​​you can take any of the streets around it, wher...",1970,el barri gotic 6 0/,62 m²,No indicada,,,,,ut1243540,,,,,,,2026-05-26
https://www.pisos.com/alquilar/piso-el_barri_gotic08002-60869302560_109200/,Piso en alquiler en El Barri Gòtic en El Barri Gòtic por 1.700 €/mes,"Make this beautiful apartment your own home! 1-bedroom apartment in the centre of barcelona, very close to la rambla, el born and barceloneta. It has wi-fi internet connection, air conditioning and a safe. You will also find a fully equipped kitchen, a bathroom and a bright living room with a c...",1700,el barri gotic 0 0/,40 m²,No indicada,,,,,ut1567497,,,,,,,2026-05-26
https://www.pisos.com/alquilar/piso-sant_pere_santa_caterina_la_ribera08003-60855467534_109200/,Piso en alquiler en Sant Pere-Santa Caterina-La Ribera en Sant Pere-Santa Caterina-La Ribera por 1.275 €/mes,"💢💢💢 🔸be aware that this listing represents a category of apartments with similar characteristics. The actual place might be slightly different from the pictures.🔸 we offer you studios with high standards of comfort, you will live in spaces that will allow you to enjoy life in the heart of ...",1275,sant pere santa caterina la ribera 4 0/,35 m²,No indicada,,,,,ut1488541,,,,,,,2026-05-26
https://www.pisos.com/alquilar/piso-el_barri_gotic08002-60062548882_109200/,Piso en alquiler en El Barri Gòtic en El Barri Gòtic por 1.920 €/mes,"2-bedroom apartment in the centre of barcelona, very close to la rambla, el born and barceloneta. It has wi-fi internet connection, air conditioning and a safe. You will also find a fully equipped kitchen, a bathroom and a bright living room with a comfortable sofa, smart tv, tables and chairs. ...",1920,el barri gotic 2 0/,60 m²,No indicada,,,,,ut1243524,,,,,,,2026-05-26
https://www.pisos.com/alquilar/piso-el_barri_gotic08002-55912398592_109200/,Piso en alquiler en El Barri Gòtic en El Barri Gòtic por 2.000 €/mes,"Ideal student or share home with 3 double bedrooms rental conditions: rental income: (2.000€) deposit: 2 months (returned at the end of the contract), (3.000€) water, electricity and internet supply costs: 180€ agency expenses: (2.000€) housing description: located in a completely renovated bui...",2000,el barri gotic 2 0/,75 m²,No indicada,,,,,ut1508702,,,,,,,2026-05-26
https://www.pisos.com/alquilar/piso-sant_pere_santa_caterina_la_ribera08003-55880055336_109200/,Piso en alquiler en Sant Pere-Santa Caterina-La Ribera en Sant Pere-Santa Caterina-La Ribera por 1.350 €/mes,"💢💢💢 🔸be aware that this listing represents a category of apartments with similar characteristics. The actual place might be slightly different from the pictures.🔸 we offer you rooms with high standards of comfort, you will live in spaces that will allow you to enjoy life in the heart of th...",1350,sant pere santa caterina la ribera 6 0/,35 m²,No indicada,,,,,ut1488544,,,,,,,2026-05-26
https://www.pisos.com/alquilar/estudio-la_vila_de_gracia08012-52574707010_104700/,Estudio en alquiler en La Vila de Gràcia en La Vila de Gràcia por 1.200 €/mes,"Reservas e inquietudes tipo de alojamiento - alojamiento entero términos y condiciones de alojamiento: - fecha de disponibilidad: 10/08/2026 - duración mínima del alquiler: 60 días - máximo de huéspedes: 3 - todas las facturas incluidas: no, para obtener más información visite el sitio web - a...",1200,estudio la vila de gracia 0 0/,28 m²,No indicada,,1,,,316090,,,,,,,2026-05-26
https://www.pisos.com/alquilar/piso-provencals_del_poblenou08020-64227626253_109200/,Piso en alquiler en Provençals del Poblenou en Provençals del Poblenou por 1.552 €/mes,"🔸cleaning room, change of sheets and towel included in the price. It is fortnightly ! - the premium studio offers a larger and more comfortable private living space with a 135x200 cm bed, private bathroom, and private kitchen. Ideal for those looking for extra comfort and independence. - privat...",1552,provencals del poblenou 3 0/,16 m²,No indicada,,,,,ut1711310,,,Central,,,,2026-05-26
https://www.pisos.com/alquilar/piso-provencals_del_poblenou08020-64218414112_109200/,Piso en alquiler en Provençals del Poblenou en Provençals del Poblenou por 1.338 €/mes,"🔸cleaning room, change of sheets and towel included in the price. It is fortnightly ! - the studio offers a private and comfortable living space with a 100x200 cm bed, a private and fully equipped private kitchen. Ideal for those looking for more independence while enjoying all the services and...",1338,provencals del poblenou 2 0/,12 m²,No indicada,,,,,ut1711304,,,Central,,,,2026-05-26
https://www.pisos.com/alquilar/piso-provencals_del_poblenou08020-64266298829_109200/,Piso en alquiler en Provençals del Poblenou en Provençals del Poblenou por 1.605 €/mes,"🔸cleaning room, change of sheets and towel included in the price. It is fortnightly ! - the premium studio with terrace offers a larger and more comfortable private living space with a 135x200 cm bed, private bathroom, private kitchen, and your own terrace. Ideal for those looking for extra com...",1605,provencals del poblenou 9 0/,16 m²,No indicada,,,,,ut1711311,,,Central,,,,2026-05-26
https://www.pisos.com/alquilar/piso-provencals_del_poblenou08020-64211623319_109200/,Piso en alquiler en Provençals del Poblenou en Provençals del Poblenou por 1.391 €/mes,"🔸cleaning room, change of sheets and towel included in the price. It is fortnightly ! - the studio with terrace offers a private and comfortable living space with a 100x200 cm bed, private bathroom, private kitchen, and your own terrace. Ideal for those looking for more independence and outdoor...",1391,provencals del poblenou 9 0/,12 m²,No indicada,,,,,ut1711305,,,Central,,,,2026-05-26
https://www.pisos.com/alquilar/piso-el_barri_gotic08002-62580703429_109200/,Piso en alquiler en El Barri Gòtic en El Barri Gòtic por 1.050 €/mes,"🏡 independent studio in mezzanine with bathroom and private kitchen. Washing machine and kitchen equipped with oven, vitroceramic hob, and microwave 🍳. Double bed 🛏️, bathroom with shower 🚿, and ac ❄️. Water and electricity included 💧⚡. Rental conditions: 💰 deposit: 2 month''s rent servic...",1050,el barri gotic 9 0/,41 m²,No indicada,,,,,ut1605048,,,,,,,2026-05-26
https://www.pisos.com/alquilar/apartamento-barcelona_capital-59250082791_105600/,Apartamento en alquiler en Barcelona Capital en Barcelona Capital por 2.100 €/mes,"Oi realtor presenta en exclusiva, precioso piso en alquiler en calle pau claris en el eixample derecho, barcelona, se trata de una de las calles más famosas de la hermosa ciudad condal, a una manzana del famoso passeig de grácia, donde nos encontramos la casa batlló y diferentes tipos de museos...",2100,1 0/,66 m²,No indicada,2,1,,,63453,,,,,,,2026-05-26
https://www.pisos.com/alquilar/apartamento-barcelona_capital-59246366434_105600/,Apartamento en alquiler en Barcelona Capital en Barcelona Capital por 2.050 €/mes,"Oi realtor presenta en exclusiva, precioso piso en alquiler en calle pau claris en el eixample derecho, barcelona, se trata de una de las calles más famosas de la hermosa ciudad condal, a una manzana del famoso passeig de grácia, donde nos encontramos la casa batlló y diferentes tipos de museos...",2050,4 0/,70 m²,No indicada,2,1,,,63449,,,,,,,2026-05-26
https://www.pisos.com/alquilar/apartamento-barcelona_capital-59178591529_105600/,Apartamento en alquiler en Barcelona Capital en Barcelona Capital por 2.050 €/mes,"Oi realtor presenta en exclusiva, precioso piso en alquiler en calle pau claris en el eixample derecho, barcelona, se trata de una de las calles más famosas de la hermosa ciudad condal, a una manzana del famoso passeig de grácia, donde nos encontramos la casa batlló y diferentes tipos de museos...",2050,9 0/,66 m²,No indicada,2,1,,,63451,,,,,,,2026-05-26
https://www.pisos.com/alquilar/apartamento-barcelona_capital-59206683345_105600/,Apartamento en alquiler en Barcelona Capital en Barcelona Capital por 2.500 €/mes,"Disponible ya! alquiler temporal piso ideal para compartir en la zona de villa de gracia, cerca de la plaza de la revolución y a 3 minutos de la parada de metro joanic. Recientemente reformado, cuenta con 4 habitaciones amplias, dos de ellas con salida al balcón y luz todo el día. Cada habitació...",2500,5 0/,,No indicada,4,2,,,138881,,,,,,,2026-05-26
https://www.pisos.com/alquilar/piso-les_corts_barrio08014-62543117645_109200/,Piso en alquiler en Les Corts en Les Corts por 1.700 €/mes,"Penthouse of 50 m2 with 3 bedrooms (2 doubles and 1 single). It features a bright living-dining room, a fully equipped kitchen, and a full bathroom. Very sunny with an excellent layout, ideal for enjoying a comfortable and cozy space.",1700,les corts barrio 5 0/,50 m²,No indicada,,,,,ut1611701,,,,,,,2026-05-26
https://www.pisos.com/alquilar/piso-la_vila_de_gracia08012-64202033569_109200/,Piso en alquiler en La Vila de Gràcia en La Vila de Gràcia por 3.000 €/mes,"A spectacular 3-bedroom, 3-bathroom apartment with abundant natural light, perfect for sharing. Nestled in the emblematic district of gracia, this residence offers a unique living experience just five minutes away from iconic streets like paseo de gracia and eixample. Property details: duration...",3000,la vila de gracia 9 0/,85 m²,No indicada,,,,,ut1452478,,,,,,,2026-05-26
https://www.pisos.com/alquilar/piso-el_camp_de_arpa_del_clot08026-64228546661_109200/,Piso en alquiler en El Camp de L'Arpa del Clot en El Camp de l'Arpa del Clot por 1.700 €/mes,"El apartamento está ubicado en una zona muy tranquila y familiar de camp de l''arpa del clot. Tiene excelente acceso al metro, autobús y tren (a menos de 3-5 minutos caminando de todo). Hay muchos supermercados, restaurantes y cafeterías en la zona. El apartamento cuenta con wi-fi y un espacio d...",1700,el camp de arpa del clot 1 0/,80 m²,No indicada,,,,,ut1709221,,,,,,,2026-05-26
https://www.pisos.com/alquilar/piso-el_raval08001-64197961368_109200/,Piso en alquiler en El Raval en El Raval por 1.800 €/mes,"Seasonal rental for leisure or holiday purposes only – min. 32 days max. 11 months this apartment is exclusively available for temporary stays related to leisure, holidays, recreational or cultural activities such as congresses, fairs or festivals. The minimum stay is 32 days and the maximum is ...",1800,el raval 8 0/,97 m²,No indicada,,,,,ut1083656,,,,,,,2026-05-26
https://www.pisos.com/alquilar/piso-sants_montjuic_la_bordeta08014-64232408201_109200/,Piso en alquiler en La Bordeta en La Bordeta por 1.390 €/mes,"Seasonal rental for leisure or holiday purposes only – min. 32 days max. 11 months this apartment is exclusively available for temporary stays related to leisure, holidays, recreational or cultural activities such as congresses, fairs or festivals. The minimum stay is 32 days and the maximum is ...",1390,sants montjuic la bordeta 1 0/,65 m²,No indicada,,,,,ut760851,,,,,,,2026-05-26
https://www.pisos.com/alquilar/piso-sant_marti_el_poblenou08005-64210119607_109200/,Piso en alquiler en El Poblenou en El Poblenou por 1.200 €/mes,"Seasonal rental for leisure or holiday purposes only – min. 32 days max. 11 months this apartment is exclusively available for temporary stays related to leisure, holidays, recreational or cultural activities such as congresses, fairs or festivals. The minimum stay is 32 days and the maximum is ...",1200,sant marti el poblenou 7 0/,65 m²,No indicada,,,,,ut761452,,,,,,,2026-05-26
https://www.pisos.com/alquilar/piso-el_raval08002-64178499243_109200/,Piso en alquiler en El Raval en El Raval por 1.200 €/mes,"🌟 1-bedroom apartment on la rambla – prime location in barcelona! 🌟 welcome to this bright and well-located apartment situated on la rambla, one of the most iconic streets in the heart of barcelona ✨ perfect for singles or couples, this 1-bedroom apartment offers a comfortable and practical l...",1200,el raval 3 0/,45 m²,No indicada,,,,,ut1500397,,,,,,,2026-05-26
https://www.pisos.com/alquilar/piso-el_barri_gotic08002-64185490159_109200/,Piso en alquiler en El Barri Gòtic en El Barri Gòtic por 900 €/mes,"Ideal apartment for couples ❤️ in mezzanine with 1 bedroom 🛏️ (separate bedroom with two closets 🧥), living room 🛋️, kitchen 🍽️, and bathroom 🚿. Equipped kitchen 🍴. Two windows facing south of ferrán street 🌞. Additionally, it has a storage room 🗄️ that can be used for example to store lu...",900,el barri gotic 9 0/,60 m²,No indicada,,,,,ut952594,,,,,,,2026-05-26
https://www.pisos.com/alquilar/piso-la_sagrada_familia08025-64175224248_109200/,Piso en alquiler en La Sagrada Família en La Sagrada Família por 1.996 €/mes,"Experience spain''s unique culture from your cozy room in barcelona! charming 2 bedroom and 1 bathroom apartment great for sharing. Located in a typical building in barcelona''s eixample district, 5 minutes away from emblematic monuments like the sagrada familia church, 20 minutes from big gree...",1996,la sagrada familia 8 0/,69 m²,No indicada,,,,,ut1401416,,,,,,,2026-05-26
https://www.pisos.com/alquilar/piso-la_sagrada_familia08025-63375932053_109200/,Piso en alquiler en La Sagrada Família en La Sagrada Família por 890 €/mes,Property description the studio was recently renewed. Fully furnished and equipped. It has a kitchenette with all appliances and one bathroom with a shower. Area activities eixample district (left and right) - some of barcelona''s best shopping is found in this area. It also has many bars and re...,890,la sagrada familia 3 0/,30 m²,No indicada,,,,,ut746719,,,,,,,2026-05-26
https://www.pisos.com/alquilar/piso-el_camp_en_grassot_gracia_nova08024-63336077147_109200/,Piso en alquiler en El Camp D'en Grassot-Gràcia Nova en El Camp d'en Grassot-Gràcia Nova por 1.400 €/mes,"Un apartamento agradable, bien equipado en el barrio de gracia. Cuenta con un salón comedor, 2 dormitorios, cocina equipada, baño con ducha y 2 balcones. El apartamento está en la segunda planta (tercera real) con ascensor. Esta equipado con lavadora, tostadora, máquina de café etc) y dos dormito...",1400,el camp en grassot gracia nova 7 0/,50 m²,No indicada,,,,,ut1385853,,,,,,,2026-05-26
https://www.pisos.com/alquilar/piso-el_raval08001-63344180843_109200/,Piso en alquiler en El Raval en El Raval por 800 €/mes,"Monthly rental apartment this 35m2 apartment has everything you need for your temporary stay in barcelona. It has one double room, a cozy living room with access to a gallery, a fully equipped kitchen, a shower, and a toilet. The utilities of internet, water, and electricity are not included ...",800,el raval 3 0/,35 m²,No indicada,,,,,ut1241232,,,,,,,2026-05-26
https://www.pisos.com/alquilar/piso-el_poble_sec08004-61698485378_109200/,Piso en alquiler en El Poble-Sec en El Poble-sec por 1.249 €/mes,"This wonderful apartment, ready to move into, is ideally located in the famous blai pedestrian street - the center of pinchitos and tapas. The sunny flat has a balcony that overlooks the bohemian street with its restaurants and bars. Poble sec is an amazing traditional spanish area; filled with ...",1249,el poble sec 8 0/,55 m²,No indicada,,,,,ut1265144,,,,,,,2026-05-26
https://www.pisos.com/alquilar/piso-sant_pere_santa_caterina_la_ribera08003-61741471897_109200/,Piso en alquiler en Sant Pere-Santa Caterina-La Ribera en Sant Pere-Santa Caterina-La Ribera por 2.460 €/mes,"A truly exceptional property with a lot to offer! this elegant 2-bedroom, 1-bathroom apartment is located in the attractive ciutat vella district, a 10-minute walk from plaça catalunya. The apartment features parquet floors and modernist-style doors, making it a very cosy space. The property is ...",2460,sant pere santa caterina la ribera 7 0/,90 m²,No indicada,,,,,ut1243546,,,,,,,2026-05-26
https://www.pisos.com/alquilar/piso-el_poble_sec08004-61734998100_109200/,Piso en alquiler en El Poble-Sec en El Poble-sec por 1.330 €/mes,"🌟 one-of-a-kind opportunity to live in this outstanding apartment! 🌟 you''ll love this bright and stylish 2-bedroom apartment, available to rent on carrer d''en fontodrona in poble sec. The 75 m2 apartment has both indoor and outdoor spaces and is the perfect place to relax away from barcelona...",1330,el poble sec 0 0/,52 m²,No indicada,,,,,ut1375543,,,,,,,2026-05-26
https://www.pisos.com/alquilar/piso-el_poble_sec08004-61750981816_109200/,Piso en alquiler en El Poble-Sec en El Poble-sec por 1.330 €/mes,"🌟 one-of-a-kind opportunity to live in this outstanding apartment! 🌟 this 2-bedroom apartment on carrer d''en fontrodona, poblesec, covers a large space of 52 m2 and features an elegant living room and dining room. The living room has a beautiful exposed brick wall, a comfortable l-shaped sofa,...",1330,el poble sec 6 0/,52 m²,No indicada,,,,,ut1373551,,,,,,,2026-05-26
https://www.pisos.com/alquilar/piso-el_poble_sec08004-61673711638_109200/,Piso en alquiler en El Poble-Sec en El Poble-sec por 1.330 €/mes,🏡 one-of-a-kind apartment in barcelona experience the charm and convenience of living in this styli(hidden) home. ✨ stylish and spacious living this 52 m2 2-bedroom apartment on carrer d''en fontrodona is a true gem. It features a large living and dining area with balconies offering vibrant vie...,1330,el poble sec 8 0/,52 m²,No indicada,,,,,ut1375557,,,,,,,2026-05-26
https://www.pisos.com/alquilar/piso-sant_gervasi_galvany08006-61759146928_109200/,Piso en alquiler en Sant Gervasi-Galvany en Sant Gervasi-Galvany por 1.575 €/mes,"One-bedroom apartment in sárria welcome to your cozy urban retreat nestled in the heart of barcelona on balmes street. This thoughtfully designed apartment offers a unique blend of comfort and privacy, with a focus on tranquility despite its central location. As you enter, you''ll find a chic liv...",1575,sant gervasi galvany 8 0/,25 m²,No indicada,,,,,ut1475694,,,,,,,2026-05-26
https://www.pisos.com/alquilar/piso-la_dreta_de_eixample08037-61668431709_109200/,Piso en alquiler en La Dreta de L'Eixample en La Dreta de l'Eixample por 1.800 €/mes,"This new 1 bed 1 bath flat in eixample has an amazing deco that contrasts nicely with the natural light and fitted with brand new furniture. Perfect for one or two person looking to discover barcelona. Upon entering the flat, there is a kitchen on the left, fully equipped with all appliances a...",1800,la dreta de eixample 9 0/,60 m²,No indicada,,,,,ut1585432,,,,,,,2026-05-26
https://www.pisos.com/alquilar/piso-la_vila_olimpica_del_poblenou-60908309690_104700/,Piso en alquiler en La Vila Olímpica del Poblenou en La Vila Olímpica del Poblenou por 1.040 €/mes,"Reservas e inquietudes tipo de alojamiento - alojamiento entero términos y condiciones de alojamiento: - fecha de disponibilidad: disponible ahora - duración mínima del alquiler: 150 días - máximo de huéspedes: 1 - todas las facturas incluidas: sí, para obtener más información visite el sitio ...",1040,la vila olimpica del poblenou 0 0/,,No indicada,,,,,496520,,,,,,,2026-05-26
https://www.pisos.com/alquilar/piso-el_barri_gotic08002-60883052421_109200/,Piso en alquiler en El Barri Gòtic en El Barri Gòtic por 1.400 €/mes,"💢💢💢 spacious 97 m2 apartment in the heart of barri gòtic 🏠✨ this beautiful apartment is located on the first floor of a historic building, adjacent to the ancient roman wall of barcelona, with exterior views of some of the city’s most iconic streets. Situated in one of the most prestigious ...",1400,el barri gotic 1 0/,97 m²,No indicada,,,,,ut1189810,,,,,,,2026-05-26
https://www.pisos.com/alquilar/piso-la_nova_esquerra_de_eixample08029-60912724355_109200/,Piso en alquiler en La Nova Esquerra de L'Eixample en La Nova Esquerra de l'Eixample por 795 €/mes,"💢💢💢 well-connected 3-bedroom apartment in sants 🏠✨ this fully furnished and equipped apartment is ready to move in and ideally located near tmb transport, shops, and leisure areas. It features 3 double bedrooms and a spacious living/dining room with access to a balcony overlooking the stree...",795,la nova esquerra de eixample 5 0/,67 m²,No indicada,,,,,ut1496787,,,,,,,2026-05-26
https://www.pisos.com/alquilar/piso-la_vila_de_gracia08012-60847539015_109200/,Piso en alquiler en La Vila de Gràcia en La Vila de Gràcia por 1.250 €/mes,"🌟 spacious 3-bedroom apartment in vila de gràcia! 🌟 welcome to this bright and comfortable apartment located in the charming neighborhood of vila de gràcia, one of the most authentic and vibrant areas of barcelona ✨ perfect for families, friends, or professionals, this 3-bedroom apartment off...",1250,la vila de gracia 5 0/,60 m²,No indicada,,,,,ut1649322,,,,,,,2026-05-26
https://www.pisos.com/alquilar/piso-el_clot08018-60931358597_109200/,Piso en alquiler en El Clot en El Clot por 1.370 €/mes,"🌟 3-bedroom apartment on gran via next to el clot! 🌟 welcome to this bright and well-located apartment situated on gran via de les corts catalanes, just steps from the vibrant neighborhood of el clot, in the dynamic city of barcelona ✨ perfect for families, friends, or professionals, this 3-b...",1370,el clot 7 0/,65 m²,No indicada,,,,,ut1575638,,,,,,,2026-05-26
https://www.pisos.com/alquilar/piso-el_poble_sec08004-60845836476_109200/,Piso en alquiler en El Poble-Sec en El Poble-sec por 1.330 €/mes,"📍 bright and stylish 2-bedroom apartment in poble sec discover this inviting 75 m2 2-bedroom apartment, located on carrer d''en fontodrona in the vibrant poble sec neighborhood. Featuring both indoor and outdoor spaces, this apartment is the perfect escape from barcelona''s summer heat. The spa...",1330,el poble sec 6 0/,50 m²,No indicada,,,,,ut1375544,,,,,,,2026-05-26
https://www.pisos.com/alquilar/piso-el_barri_gotic08002-60895605683_109200/,Piso en alquiler en El Barri Gòtic en El Barri Gòtic por 1.400 €/mes,"Cosy studio in the heart of barcelona. Perfect for one person or a couple, the location could not be better as it is super central but located on a small and not too busy street. It is located in the gothic quarter, very close to plaza catalunya, paseo de gracia, el corte inglés department store...",1400,el barri gotic 3 0/,40 m²,No indicada,,,,,ut1612670,,,,,,,2026-05-26
https://www.pisos.com/alquilar/piso-el_barri_gotic08002-60921291587_109200/,Piso en alquiler en El Barri Gòtic en El Barri Gòtic por 1.265 €/mes,"Private apartment in the center of the gothic 🏛️✨ bright studio for rent located in the heart of barcelona 💫. The apartment is fully furnished and equipped. It features a double bed 🛏️, balcony with views of the iconic streets of barcelona 🌆, desk 🖥️, closet 🚪, kitchen 🍳, and a full bathr...",1265,el barri gotic 7 0/,50 m²,No indicada,,,,,ut1429154,,,,,,,2026-05-26
https://www.pisos.com/alquilar/piso-el_poble_sec08004-55879657897_109200/,Piso en alquiler en El Poble-Sec en El Poble-sec por 1.410 €/mes,"🏡 one-of-a-kind apartment in barcelona experience stylish living in a fantastic location in barcelona. ✨ bright and contemporary living this 50 m2 2-bedroom apartment boasts a spacious living and dining area, a modern kitchen, and a well-equipped laundry room. The bright and welcoming spaces ...",1410,el poble sec 7 0/,50 m²,No indicada,,,,,ut1375564,,,,,,,2026-05-26
https://www.pisos.com/alquilar/piso-el_poble_sec08004-58337634750_109200/,Piso en alquiler en El Poble-Sec en El Poble-sec por 1.360 €/mes,"🌟 one-of-a-kind opportunity to live in this outstanding apartment! 🌟 this fully furnished 2-bedroom apartment in poblesec offers a kitchen, a modern and recently renovated bathroom, and a very large living and dining room. It is 70 m2, has excellent natural lighting, and features a large leathe...",1360,el poble sec 0 0/,50 m²,No indicada,,,,,ut1373569,,,,,,,2026-05-26
https://www.pisos.com/alquilar/piso-el_poble_sec08004-55900863740_109200/,Piso en alquiler en El Poble-Sec en El Poble-sec por 1.480 €/mes,"📍 stylish 2-bedroom apartment in vibrant poble sec this elegant 50 m2, 2-bedroom apartment on carrer d''en fontrodona is perfect for anyone seeking comfort and convenience in barcelona. The apartment boasts a spacious living and dining area with large, sunlit windows overlooking the lively pobl...",1480,el poble sec 0 0/,50 m²,No indicada,,,,,ut1375552,,,,,,,2026-05-26
https://www.pisos.com/alquilar/piso-el_raval08001-55897494418_109200/,Piso en alquiler en El Raval en El Raval por 1.400 €/mes,"🌟 spacious apartment in barcelona city center next to plaça catalunya! 🌟 welcome to this bright and spacious apartment located just steps from plaça de catalunya, in the very heart of barcelona ✨ perfect for families, friends, or professionals, this apartment offers a comfortable and generous...",1400,el raval 8 0/,55 m²,No indicada,,,,,ut1514958,,,,,,,2026-05-26
https://www.pisos.com/alquilar/piso-antiga_esquerra_de_eixample08036-55852768495_109200/,Piso en alquiler en L'Antiga Esquerra de L'Eixample en L'Antiga Esquerra de l'Eixample por 2.800 €/mes,"Apartamento céntrico a pocos minutos del metro y del centro de la ciudad. Apartamento de 4 habitaciones, ideal para disfrutar de largas estancias en barcelona.",2800,antiga esquerra de eixample 5 0/,90 m²,No indicada,,,,,ut1552081,,,,,,,2026-05-26
https://www.pisos.com/alquilar/piso-sant_marti_el_poblenou08005-64207385834_109200/,Piso en alquiler en El Poblenou en El Poblenou por 1.950 €/mes,"Discover this bright renovated 2-bedroom, 2-bathroom apartment in the heart of poblenou. Fully furnished and equipped, this home combines comfort and functionality in one of the most vibrant areas of barcelona.",1950,sant marti el poblenou 4 0/,38 m²,No indicada,,,,,ut1596010,,,,,,,2026-05-26
https://www.pisos.com/alquilar/piso-sant_marti_el_poblenou08005-64214606001_109200/,Piso en alquiler en El Poblenou en El Poblenou por 2.000 €/mes,"Discover this bright renovated 2-bedroom, 2-bathroom apartment in the heart of poblenou. Fully furnished and equipped, this home combines comfort and functionality in one of the most vibrant areas of barcelona.",2000,sant marti el poblenou 1 0/,53 m²,No indicada,,,,,ut1606420,,,,,,,2026-05-26
https://www.pisos.com/alquilar/piso-les_tres_torres08017-62541514003_106000/,Piso en alquiler en Sarria Sant Gervasi - Bonanova en Les Tres Torres por 2.200 €/mes,"Piso en barcelona zona bonanova de 135m, 3 dormitorios, 2 baños,1 aseo, salón comedor de 27m, cocina office equipada con lavadero, balcón de 8m, suelo de parket. Ventanas de aluminio. Finca con ascensor y portero. Piso con muy buena iluminación en el interior. Posibilidad de plaza de parking en ...",2200,les tres torres 3 0/,135 m²,127 m²,3,3,2ª,,4810/18,,,,Amueblada sin electrodomésticos,,,2026-05-26
https://www.pisos.com/alquilar/piso-el_raval08001-64254388951_109200/,Piso en alquiler en El Raval en El Raval por 1.050 €/mes,"Seasonal rental for leisure or holiday purposes only – min. 32 days max. 11 months this apartment is exclusively available for temporary stays related to leisure, holidays, recreational or cultural activities such as congresses, fairs or festivals. The minimum stay is 32 days and the maximum is ...",1050,el raval 1 0/,30 m²,No indicada,,,,,ut760839,,,,,,,2026-05-26
https://www.pisos.com/alquilar/piso-les_corts_barrio08029-55845186019_109200/,Piso en alquiler en Les Corts en Les Corts por 2.300 €/mes,"Precioso apartamento en el corazón de barcelona, delante del centro comercial la illa diagonal y a esasos minutos andando de la universidad de barcelona.",2300,les corts barrio 9 0/,90 m²,No indicada,,,,,ut1645443,,,,,,,2026-05-26
https://www.pisos.com/alquilar/piso-el_raval08001-64169013758_109200/,Piso en alquiler en El Raval en El Raval por 1.100 €/mes,"Seasonal rental for leisure or holiday purposes only – min. 32 days max. 11 months this apartment is exclusively available for temporary stays related to leisure, holidays, recreational or cultural activities such as congresses, fairs or festivals. The minimum stay is 32 days and the maximum is ...",1100,el raval 8 0/,60 m²,No indicada,,,,,ut1683882,,,,,,,2026-05-26
https://www.pisos.com/alquilar/piso-el_raval08001-64211564870_109200/,Piso en alquiler en El Raval en El Raval por 1.010 €/mes,"Seasonal rental for leisure or holiday purposes only – min. 32 days max. 11 months this apartment is exclusively available for temporary stays related to leisure, holidays, recreational or cultural activities such as congresses, fairs or festivals. The minimum stay is 32 days and the maximum is ...",1010,el raval 0 0/,39 m²,No indicada,,,,,ut1060580,,,,,,,2026-05-26
https://www.pisos.com/alquilar/piso-la_guineueta08042-64228219196_109200/,Piso en alquiler en La Guineueta en La Guineueta por 1.250 €/mes,"A cozy loft located on the third floor of a charming 16th-century building in the lovely horta neighborhood of barcelona. The property features an open, bright layout that combines a living room and bedroom, a practical open kitchen, and a bathroom that is surprisingly spacious for its size. Idea...",1250,la guineueta 6 0/,26 m²,No indicada,,,,,ut1706744,,,,,,,2026-05-26
https://www.pisos.com/alquilar/casa-pedralbes08034-63405146546_101800/,Casa en alquiler en Pedralbes en Pedralbes por 11.200 €/mes,"Maravillosa casa con piscina ,de 600m2 rodeada de un frondoso jardín con árboles , ubicada en una parcela de 1500 m2, la casa está distribuida en tres plantas más buhardilla, y dispone de garaje con esapacio para dos coches y dos motos. En la planta baja se encuentra un amplio salón- comedor div...",11200,pedralbes 6 0/,600 m²,No indicada,5,5,,,I-048X53-W-048X53,,1,Central,Cocina equipada,,,2026-05-26
https://www.pisos.com/alquilar/piso-el_putxet_el_farro08006-62537879898_109200/,Piso en alquiler en El Putxet-El Farró en El Putxet-El Farró por 1.450 €/mes,"Apartment with all the necessary amenities, which will make you feel at home. Located in the northern part of the center of barcelona, the safest and most distinguished area of the city, with excellent communications. The metro and the railways are a 5-minute walk away.",1450,el putxet el farro 8 0/,50 m²,No indicada,,,,,ut1650658,,,Central,,,,2026-05-26
https://www.pisos.com/alquilar/piso-sant_pere_santa_caterina_la_ribera08010-61708302550_109200/,Piso en alquiler en Sant Pere-Santa Caterina-La Ribera en Sant Pere-Santa Caterina-La Ribera por 1.500 €/mes,"🌟 modern 65 m2 apartment with dual balconies in prime location 🌟 this beautifully designed 65 m2 apartment combines style and practicality, making it the perfect home for those seeking comfort in the heart of barcelona. Located near trafalgar street and just moments from the arc de triomf, it’...",1500,sant pere santa caterina la ribera 0 0/,65 m²,No indicada,,,,,ut1553324,,,,,,,2026-05-26
https://www.pisos.com/alquilar/piso-el_barri_gotic08003-61716440933_109200/,Piso en alquiler en El Barri Gòtic en El Barri Gòtic por 1.900 €/mes,"90 m2 very bright 90sqm apartment. It has 2 double bedrooms (one with ensuite bathroom, and there is another bathroom in the apartment), living room with open kitchen",1900,el barri gotic 3 0/,90 m²,No indicada,,,,,ut1520404,,,,,,,2026-05-26
https://www.pisos.com/alquilar/piso-sant_andreu_barrio08030-64229539651_109200/,Piso en alquiler en Sant Andreu en Sant Andreu por 1.150 €/mes,"🌟 2-bedroom apartment with terrace in sant andreu! 🌟 welcome to this bright and comfortable apartment located in the residential district of sant andreu, in the vibrant city of barcelona ✨ perfect for couples, friends, or small families, this 2-bedroom apartment offers a practical layout comb...",1150,sant andreu barrio 1 0/,55 m²,No indicada,,,,,ut1652235,,,,,,,2026-05-26
https://www.pisos.com/alquilar/piso-sant_andreu_barrio08030-60873540644_109200/,Piso en alquiler en Sant Andreu en Sant Andreu por 1.150 €/mes,"🌟 2-bedroom apartment with terrace in sant andreu! 🌟 welcome to this bright and comfortable apartment located in the residential district of sant andreu, in the vibrant city of barcelona ✨ perfect for couples, friends, or small families, this 2-bedroom apartment offers a practical layout comb...",1150,sant andreu barrio 4 0/,55 m²,No indicada,,,,,ut1575545,,,,,,,2026-05-26
https://www.pisos.com/alquilar/piso-la_dreta_de_eixample08010-60899070597_109200/,Piso en alquiler en La Dreta de L'Eixample en La Dreta de l'Eixample por 3.700 €/mes,"4 bedroom luxury home rental conditions: monthly rental income: (3.700€) deposit: 2 month deposit (returned at the end of the contract) - (7.400€) water, electricity, gas and internet supply costs: borne by the tenant (according to consumption) agency service: (3.700€) housing description: loca...",3700,la dreta de eixample 7 0/,170 m²,No indicada,,,,,ut1517670,,,,,,,2026-05-26
https://www.pisos.com/alquilar/apartamento-barcelona_capital-59181692298_105600/,Apartamento en alquiler en Barcelona Capital en Barcelona Capital por 2.400 €/mes,"Piso muy luminoso en la avenida josep tarradellas, en la nova esquerra de l'eixample, barcelona. Este piso tiene 120 m² construidos y se encuentra en buen estado, siendo de segunda mano pero recién reformado con muebles a estrenar. Ubicado en la 6ª planta exterior, el edificio cuenta con dos ...",2400,8 0/,,No indicada,3,2,,,141567,,,,,,,2026-05-26
https://www.pisos.com/alquilar/piso-el_raval08001-64225325197_109200/,Piso en alquiler en El Raval en El Raval por 1.300 €/mes,An apoartment in the center of barcelona. Renewed and clean . With bathroom and double bed. Kitchen and everything you need .,1300,el raval 7 0/,35 m²,No indicada,,,,,ut1476983,,,,,,,2026-05-26
https://www.pisos.com/alquilar/piso-el_baix_guinardo08024-64212038169_109200/,Piso en alquiler en El Baix Guinardó en El Baix Guinardó por 750 €/mes,"Available in march live a unique experience in barcelona in our co-living, a dynamic community of workers and students. Take advantage of the opportunity to reside in a shared space, which reduces the insecurity of living alone. Location: c. De praga, 4. 08024. Barcelona the rent includes: -...",750,el baix guinardo 9 0/,20 m²,No indicada,,,,,ut1693319,,,,,,,2026-05-26
https://www.pisos.com/alquilar/apartamento-barcelona_capital-59242136292_105600/,Apartamento en alquiler en Barcelona Capital en Barcelona Capital por 2.000 €/mes,"¡bienvenido a tu hogar en el corazón de barcelona! este encantador apartamento, situado en pleno centro, te sumerge en la vibrante energía de la ciudad. A pocos pasos de las ramblas, el barrio gótico y el mercado de la boqueria, disfrutarás de una ubicación inmejorable. Con dos acogedoras habitac...",2000,2 0/,,No indicada,2,1,,,144224,,,,,,,2026-05-26
https://www.pisos.com/alquilar/piso-el_camp_de_arpa_del_clot08026-64201738990_109200/,Piso en alquiler en El Camp de L'Arpa del Clot en El Camp de l'Arpa del Clot por 900 €/mes,"Amazing full place, with a bedroom, living room, private bathroom and kitchen. Extra people 150€.",900,el camp de arpa del clot 0 0/,35 m²,No indicada,,,,,ut1545070,,,,,,,2026-05-26
https://www.pisos.com/alquilar/piso-la_sagrada_familia08025-64245112015_109200/,Piso en alquiler en La Sagrada Família en La Sagrada Família por 2.500 €/mes,Newly renovated house near sagrada familia...metro l3 and l5,2500,la sagrada familia 5 0/,100 m²,No indicada,,,,,ut1704314,,,,,,,2026-05-26
https://www.pisos.com/alquilar/piso-sant_gervasi_galvany-64246272951_106400/,Piso en alquiler en Sant Gervasi-Galvany en Sant Gervasi-Galvany por 5.800 €/mes,"Ref: d1n4rvbcn � piso reformado a estrenar en sarrià-sant gervasi - ¡disponible ahora! � descubre este excepcional piso en alquiler de 210m², ubicado en una prestigiosa finca regia con conserjería en el codiciado barrio de sarrià-sant gervasi, cerca de la emblemática avenida diagonal. Una oport...",5800,sant gervasi galvany 1 0/,200 m²,200 m²,4,3,,,111448198-T1N4RVBCN,,,,,,,2026-05-26
https://www.pisos.com/alquilar/piso-el_fort_pienc08013-60890082290_109200/,Piso en alquiler en El Fort Pienc en El Fort Pienc por 1.390 €/mes,Beautiful apartment next to sagrada ! 1 bedroom free to rent,1390,el fort pienc 0 0/,38 m²,No indicada,,,,,ut1664944,,,,,,,2026-05-26
https://www.pisos.com/alquilar/piso-sant_gervasi_galvany08006-62574760584_109800/,"Piso en alquiler en Carrer de Muntaner, 466, cerca de Carrer d' Hercegovina en Sant Gervasi-Galvany por 3.900 €/mes","Vivienda amplia y luminosa situada en carrer de muntaner, en una zona muy bien conectada de barcelona. El piso cuenta con una distribución cómoda y práctica, con estancias espaciosas y buena entrada de luz natural durante el día. Dispone de 3 dormitorios, todos con su propio baño, lo que aporta m...",3900,sant gervasi galvany 4 0/,210 m²,No indicada,3,4,3ª,Más de 50 años,23188469,,,Eléctrica,,,,2026-05-26
https://www.pisos.com/alquilar/piso-la_nova_esquerra_de_eixample08029-60869619310_109800/,"Piso en alquiler en Carrer de Mallorca, 80, cerca de Carrer de Viladomat en La Nova Esquerra de l'Eixample por 2.300 €/mes","No se atiende por teléfono. Alquiler de larga duración de particular a particular no atiendo a inmobiliarias ubicación premium en el corazón de nova esquerra de l’eixample, un barrio consolidado con todos los servicios: supermercados, tiendas, restaurantes y excelentes conexiones en transporte pú...",2300,la nova esquerra de eixample 0 0/,118 m²,109 m²,4,2,7ª,Entre 30 y 50 años,22909462,,Más de 2,Gas natural,,,,2026-05-26
https://www.pisos.com/alquilar/atico-el_guinardo08041-64217542079_109800/,"Ático en alquiler en Avinguda de la Mare de Déu de Montserrat, 127, cerca de Carrer de Cartagena en El Guinardó por 3.500 €/mes","Este ático con vistas a mar y montaña, ubicado en el séptimo piso ofrece una superficie construida de 180 m² con terrazas y una superficie útil de 154 m². Dispone de cuatro habitaciones y tres baños y aseos, con orientación sur que garantiza una buena entrada de luz natural durante el día. El inm...",3500,el guinardo 9 0/,180 m²,154 m²,4,3,7ª,Más de 50 años,23501446,,2,Gas natural,,,,2026-05-26
https://www.pisos.com/alquilar/atico-la_nova_esquerra_de_eixample08029-61696779262_109800/,"Ático en alquiler en Avinguda de Josep Tarradellas, 34, cerca de Carrer del Rosselló en La Nova Esquerra de l'Eixample por 2.114 €/mes","Este ático reformado cuenta con una superficie construida de 80 m² distribuidos en tres habitaciones y un baño completo, ubicado en la novena planta con orientación este que asegura buena entrada de luz natural. El suelo es de parquet y la carpintería exterior de aluminio, además dispone de aire ...",2114,la nova esquerra de eixample 2 0/,80 m²,No indicada,3,1,9ª,Más de 50 años,23076707,,,Gas natural,,,,2026-05-26
