"preu_eur","ubicacio","superficie_construida_m2","habitacions","banys","planta","antiguitat_anys","armaris_empotrats","calefaccio","cuina_equipada","planta_num","antiguitat_num","armaris_bin","calefaccio_bin","cuina_bin","preu_m2","cluster"
2000,"Sarria Sant Gervasi Sarria",183,4,2,"Bajo","Más de 50 años","","","",0,60,"No","No","No",10.93,"3"
3100,"Sant Gervasi Galvany",110,2,1,"5ª","Más de 50 años","1","Central","",5,60,"Sí","Sí","No",28.18,"1"
2600,"Sant Gervasi Galvany",110,2,1,"4ª","Más de 50 años","1","Central","",4,60,"Sí","Sí","No",23.64,"1"
1790,"El Barri Gotic",119,3,2,"3ª","Más de 50 años","1","Central","Cocina equipada",3,60,"Sí","Sí","Sí",15.04,"3"
1050,"Estudio El Guinardo",40,1,1,"3ª","Más de 50 años","","","Americana",3,60,"No","No","Sí",26.25,"2"
4600,"Les Tres Torres",200,5,3,"2ª","Más de 50 años","1","","",2,60,"Sí","No","No",23,"5"
2000,"Sarria Sant Gervasi Sarria",183,4,2,"Bajo","Más de 50 años","","","",0,60,"No","No","No",10.93,"3"
7500,"Sant Pere Santa Caterina La Ribera",308,2,2,"4ª","Más de 50 años","","","",4,60,"No","No","No",24.35,"5"
2450,"El Putxet El Farro",156,4,2,"1ª","Entre 10 y 20 años","","Central","",1,15,"No","Sí","No",15.71,"3"
1695,"La Marina Del Prat Vermell Zona Franca Port",60,1,1,"1ª","Más de 50 años","","","",1,60,"No","No","No",28.25,"2"
7500,"Sant Marti El Poblenou",200,4,3,"Bajo","Más de 50 años","","","",0,60,"No","No","No",37.5,"5"
11600,"Sarria Sant Gervasi Sarria",178,3,2,"6ª","Más de 50 años","","","",6,60,"No","No","No",65.17,"5"
1975,"El Poble Sec",59,2,2,"3ª","Más de 50 años","2","Eléctrica","",3,60,"Sí","Sí","No",33.47,"1"
4950,"Sarria Sant Gervasi Sarria",124,3,2,"1ª","Más de 50 años","","","",1,60,"No","No","No",39.92,"3"
1538,"Sant Gervasi Galvany",73,3,1,"3ª","Más de 50 años","","","",3,60,"No","No","No",21.07,"4"
3900,"La Font En Fargues",320,2,2,"Bajo","Entre 30 y 50 años","","","",0,40,"No","No","No",12.19,"5"
1492,"El Coll",100,3,2,"Bajo","Más de 50 años","1","","Cocina americana",0,60,"Sí","No","Sí",14.92,"4"
7500,"Sant Pere Santa Caterina La Ribera",300,2,2,"4ª","Más de 50 años","1","","",4,60,"Sí","No","No",25,"5"
2000,"Sant Gervasi Galvany",85,2,1,"2ª","Entre 10 y 20 años","","","",2,15,"No","No","No",23.53,"1"
1634,"Sant Andreu La Sagrera",108,3,2,"7ª","Más de 50 años","","Gas natural","Independiente",7,60,"No","Sí","Sí",15.13,"4"
2900,"Eixample Sant Antoni",90,2,2,"Bajo","Más de 50 años","","","",0,60,"No","No","No",32.22,"1"
1600,"El Raval",70,2,2,"3ª","Más de 50 años","","","",3,60,"No","No","No",22.86,"1"
2000,"Sant Gervasi Galvany",65,2,1,"1ª","Menos de 5 años","","","",1,2.5,"No","No","No",30.77,"1"
2085,"El Barri Gotic",100,2,1,"2ª","Más de 50 años","1","","Cocina amueblada",2,60,"Sí","No","Sí",20.85,"1"
1800,"Sant Pere Santa Caterina La Ribera",62,2,2,"4ª","Más de 50 años","1","Eléctrica","",4,60,"Sí","Sí","No",29.03,"1"
5000,"Sarria Sant Gervasi Sarria",190,3,3,"Bajo","Más de 50 años","1","","",0,60,"Sí","No","No",26.32,"5"
2000,"Sant Pere Santa Caterina La Ribera",61,2,2,"2ª","Más de 50 años","","Eléctrica","",2,60,"No","Sí","No",32.79,"1"
1350,"Ciutat Vella La Barceloneta",34,1,1,"4ª","Más de 50 años","","","",4,60,"No","No","No",39.71,"2"
2500,"Sant Pere Santa Caterina La Ribera",91,2,2,"4ª","Más de 50 años","","Eléctrica","",4,60,"No","Sí","No",27.47,"1"
1210,"4 0/",37,3,1,"1ª","Más de 50 años","","","",1,60,"No","No","No",32.7,"4"
1180,"Ciutat Vella La Barceloneta",45,2,1,"Bajo","Más de 50 años","","","",0,60,"No","No","No",26.22,"1"
4200,"Eixample",75,3,2,"1ª","Más de 50 años","","","",1,60,"No","No","No",56,"3"
3350,"El Raval",111,3,3,"4ª","Entre 10 y 20 años","","","",4,15,"No","No","No",30.18,"3"
1600,"Sant Gervasi Galvany",45,1,1,"1ª","Menos de 5 años","","","",1,2.5,"No","No","No",35.56,"2"
3300,"El Raval",150,3,3,"2ª","Entre 10 y 20 años","","","",2,15,"No","No","No",22,"3"
1550,"El Fort Pienc",60,1,1,"1ª","Entre 5 y 10 años","","","",1,7.5,"No","No","No",25.83,"2"
2200,"Sant Gervasi Galvany",80,2,1,"2ª","Menos de 5 años","","","",2,2.5,"No","No","No",27.5,"1"
2200,"Sant Gervasi Galvany",85,2,1,"3ª","Entre 10 y 20 años","","","",3,15,"No","No","No",25.88,"1"
2000,"Sant Gervasi Galvany",75,2,1,"3ª","Entre 10 y 20 años","","","",3,15,"No","No","No",26.67,"1"
3000,"Sant Gervasi Galvany",80,2,1,"2ª","Entre 20 y 30 años","","","",2,25,"No","No","No",37.5,"1"
3000,"Sant Gervasi Galvany",85,3,1,"7ª","Más de 50 años","","","",7,60,"No","No","No",35.29,"3"
1800,"Sant Gervasi Galvany",53,1,1,"2ª","Más de 50 años","","","",2,60,"No","No","No",33.96,"2"
1800,"Sant Gervasi Galvany",55,1,1,"Bajo","Más de 50 años","","","",0,60,"No","No","No",32.73,"2"
3700,"Ciutat Vella",45,2,1,"1ª","Más de 50 años","","","",1,60,"No","No","No",82.22,"1"
3500,"Eixample",58,1,1,"1ª","Más de 50 años","","","",1,60,"No","No","No",60.34,"2"
4200,"Ciutat Vella",220,3,2,"1ª","Más de 50 años","","","",1,60,"No","No","No",19.09,"5"
3700,"Sant Marti",70,2,1,"1ª","Más de 50 años","","","",1,60,"No","No","No",52.86,"1"
1515,"La Dreta De Eixample",75,1,1,"1ª","Más de 50 años","","","",1,60,"No","No","No",20.2,"2"
2800,"Ciutat Vella",158,2,2,"4ª","Más de 50 años","","","",4,60,"No","No","No",17.72,"1"
1600,"Sant Gervasi Galvany",65,2,1,"1ª","Menos de 5 años","","","",1,2.5,"No","No","No",24.62,"1"
1850,"Sant Gervasi Galvany",55,1,1,"2ª","Menos de 5 años","","","",2,2.5,"No","No","No",33.64,"2"
3000,"Sant Gervasi Galvany",85,3,1,"1ª","Entre 10 y 20 años","","","",1,15,"No","No","No",35.29,"3"
2200,"Sant Gervasi Galvany",55,1,1,"2ª","Más de 50 años","","","",2,60,"No","No","No",40,"2"
2960,"Sant Pere Santa Caterina La Ribera",140,3,3,"1ª","Más de 50 años","","","",1,60,"No","No","No",21.14,"3"
5800,"Sarria Sant Gervasi Sarria",262,4,3,"5ª","Más de 50 años","","","",5,60,"No","No","No",22.14,"5"
4000,"Sant Gervasi Galvany",220,5,3,"6ª","Más de 50 años","","","",6,60,"No","No","No",18.18,"5"
3700,"Sant Gervasi Galvany",210,5,3,"4ª","Más de 50 años","","","",4,60,"No","No","No",17.62,"5"
4000,"La Vila De Gracia",85,2,1,"1ª","Más de 50 años","","","",1,60,"No","No","No",47.06,"1"
3500,"Sant Gervasi Galvany",80,3,1,"1ª","Más de 50 años","","","",1,60,"No","No","No",43.75,"3"
1600,"Sant Gervasi Galvany",55,1,1,"Bajo","Más de 50 años","","","",0,60,"No","No","No",29.09,"2"
5800,"Sarria Sant Gervasi Sarria",262,4,3,"5ª","Más de 50 años","","","",5,60,"No","No","No",22.14,"5"
4490,"Sant Gervasi La Bonanova",172,3,4,"6ª","Más de 50 años","","","",6,60,"No","No","No",26.1,"3"
7500,"Sant Pere Santa Caterina La Ribera",300,2,2,"4ª","Más de 50 años","","","",4,60,"No","No","No",25,"5"
3000,"Sant Gervasi Galvany",85,3,1,"1ª","Más de 50 años","","","",1,60,"No","No","No",35.29,"3"
3000,"Sant Gervasi Galvany",85,3,1,"2ª","Más de 50 años","","","",2,60,"No","No","No",35.29,"3"
2600,"La Nova Esquerra De Eixample",120,3,2,"3ª","Más de 50 años","","","",3,60,"No","No","No",21.67,"3"
2000,"Sant Gervasi Galvany",65,1,1,"1ª","Más de 50 años","","","",1,60,"No","No","No",30.77,"2"
4400,"El Barri Gotic",132,1,1,"6ª","Más de 50 años","","","",6,60,"No","No","No",33.33,"1"
2000,"Sant Gervasi Galvany",55,1,1,"1ª","Más de 50 años","","","",1,60,"No","No","No",36.36,"2"
3700,"Gracia Distrito",60,2,1,"1ª","Más de 50 años","","","",1,60,"No","No","No",61.67,"1"
4200,"Sant Marti",140,3,2,"1ª","Más de 50 años","","","",1,60,"No","No","No",30,"3"
3800,"La Font De La Guatlla",110,2,3,"1ª","Más de 50 años","","","",1,60,"No","No","No",34.55,"1"
3500,"Ciutat Vella",40,1,1,"1ª","Más de 50 años","","","",1,60,"No","No","No",87.5,"2"
3700,"Eixample",60,2,1,"1ª","Más de 50 años","","","",1,60,"No","No","No",61.67,"1"
4200,"Eixample",110,3,2,"1ª","Más de 50 años","","","",1,60,"No","No","No",38.18,"3"
3700,"Eixample",66,2,1,"1ª","Más de 50 años","","","",1,60,"No","No","No",56.06,"1"
1605,"Eixample",91,3,1,"6ª","Más de 50 años","","","",6,60,"No","No","No",17.64,"4"
4026,"Sant Gervasi La Bonanova",228,5,3,"3ª","Más de 50 años","","","",3,60,"No","No","No",17.66,"5"
2200,"Sant Gervasi Galvany",65,2,1,"1ª","Entre 10 y 20 años","","","",1,15,"No","No","No",33.85,"1"
1790,"La Dreta De Eixample",125,2,2,"1ª","Más de 50 años","","","",1,60,"No","No","No",14.32,"1"
2999,"Sant Gervasi Galvany",71,1,1,"6ª","Más de 50 años","","","",6,60,"No","No","No",42.24,"2"
7100,"Sarria Sant Gervasi Sarria",273,3,3,"1ª","Entre 10 y 20 años","","","",1,15,"No","No","No",26.01,"5"
1500,"El Fort Pienc",40,1,1,"1ª","Entre 10 y 20 años","","","",1,15,"No","No","No",37.5,"2"
1900,"Sant Gervasi Galvany",60,1,1,"3ª","Más de 50 años","","","",3,60,"No","No","No",31.67,"2"
2500,"Sant Gervasi Galvany",70,2,1,"1ª","Entre 20 y 30 años","","","",1,25,"No","No","No",35.71,"1"
1600,"El Raval",55,2,1,"1ª","Más de 50 años","","","",1,60,"No","No","No",29.09,"1"
1790,"La Vila De Gracia",188,1,2,"1ª","Más de 50 años","","","",1,60,"No","No","No",9.52,"1"
3700,"Sant Marti",80,2,1,"1ª","Más de 50 años","","","",1,60,"No","No","No",46.25,"1"
3500,"Eixample",61,1,1,"1ª","Más de 50 años","","","",1,60,"No","No","No",57.38,"2"
3500,"Eixample",85,1,1,"1ª","Más de 50 años","","","",1,60,"No","No","No",41.18,"2"
4500,"Eixample",210,4,2,"1ª","Más de 50 años","","","",1,60,"No","No","No",21.43,"5"
3800,"Eixample",120,2,2,"1ª","Más de 50 años","","","",1,60,"No","No","No",31.67,"1"
4200,"Sarria Sant Gervasi Sarria",76,3,2,"1ª","Más de 50 años","","","",1,60,"No","No","No",55.26,"3"
3500,"Eixample",63,1,1,"1ª","Más de 50 años","","","",1,60,"No","No","No",55.56,"2"
3700,"Eixample",65,2,1,"1ª","Más de 50 años","","","",1,60,"No","No","No",56.92,"1"
2400,"La Vila De Gracia",80,3,1,"1ª","Entre 10 y 20 años","","","",1,15,"No","No","No",30,"4"
1600,"El Fort Pienc",60,3,1,"1ª","Entre 10 y 20 años","","","",1,15,"No","No","No",26.67,"4"
1700,"El Parc La Llacuna Del Poblenou",60,3,1,"4ª","Entre 20 y 30 años","","","",4,25,"No","No","No",28.33,"4"
2200,"Sant Gervasi Galvany",85,2,1,"4ª","Menos de 5 años","","","",4,2.5,"No","No","No",25.88,"1"
1000,"Sants Montjuic Hostafrancs",29,1,1,"5ª","Más de 50 años","","Eléctrica","Independiente",5,60,"No","Sí","Sí",34.48,"2"
1695,"Estudio Sarria Sant Gervasi Sarria",45,1,1,"Bajo","Más de 50 años","","Aire acondicionado","Abierta",0,60,"No","Sí","Sí",37.67,"2"
1830,"El Raval",130,4,2,"3ª","Más de 50 años","2","Eléctrica","Equipada independiente",3,60,"Sí","Sí","Sí",14.08,"3"
1150,"El Raval",65,2,2,"3ª","Más de 50 años","2","Central","Tipo  americana",3,60,"Sí","Sí","Sí",17.69,"1"
1800,"Sant Pere Santa Caterina La Ribera",48,1,1,"2ª","Más de 50 años","1","","Americana",2,60,"Sí","No","Sí",37.5,"2"
3500,"El Putxet El Farro",151,4,2,"1ª","Más de 50 años","Más de 2","","",1,60,"Sí","No","No",23.18,"3"
1102,"El Barri Gotic",50,1,1,"2ª","Entre 20 y 30 años","1","","Abierta",2,25,"Sí","No","Sí",22.04,"2"
1102,"El Barri Gotic",50,1,1,"1ª","Entre 20 y 30 años","1","","Abierta",1,25,"Sí","No","Sí",22.04,"2"
1130,"El Raval",86,1,1,"3ª","Más de 50 años","2","Eléctrica","",3,60,"Sí","Sí","No",13.14,"2"
3300,"La Dreta De Eixample",126,2,1,"2ª","Más de 50 años","","Bomba de calor","Americana",2,60,"No","Sí","Sí",26.19,"1"
3200,"Antiga Esquerra De Eixample",110,3,2,"Principal","Entre 5 y 10 años","Más de 2","","Independiente",1,7.5,"Sí","No","Sí",29.09,"3"
1150,"El Raval",65,2,2,"5ª","Más de 50 años","2","Central","Tipo  americana",5,60,"Sí","Sí","Sí",17.69,"1"
4900,"La Dreta De Eixample",60,2,1,"3ª","Menos de 5 años","1","","",3,2.5,"Sí","No","No",81.67,"1"
1300,"Ciutat Vella La Barceloneta",37,2,1,"5ª","Más de 50 años","","","",5,60,"No","No","No",35.14,"1"
8000,"La Dreta De Eixample",209,3,3,"2ª","Más de 50 años","","","",2,60,"No","No","No",38.28,"5"
4950,"Sarria Sant Gervasi Sarria",124,3,2,"3ª","Más de 50 años","","","",3,60,"No","No","No",39.92,"3"
4950,"Sarria Sant Gervasi Sarria",124,3,2,"4ª","Más de 50 años","","","",4,60,"No","No","No",39.92,"3"
4950,"Sarria Sant Gervasi Sarria",124,3,2,"3ª","Más de 50 años","","","",3,60,"No","No","No",39.92,"3"
4950,"Sarria Sant Gervasi Sarria",124,3,2,"2ª","Más de 50 años","","","",2,60,"No","No","No",39.92,"3"
4950,"Sarria Sant Gervasi Sarria",124,3,2,"2ª","Más de 50 años","","","",2,60,"No","No","No",39.92,"3"
5040,"La Vila De Gracia",100,2,2,"3ª","Menos de 5 años","Más de 2","Central","",3,2.5,"Sí","Sí","No",50.4,"1"
1218,"El Poble Sec",68,3,1,"3ª","Más de 50 años","2","","Reformada",3,60,"Sí","No","Sí",17.91,"4"
5000,"Les Tres Torres",234,4,3,"1ª","Entre 10 y 20 años","Más de 2","Eléctrica","",1,15,"Sí","Sí","No",21.37,"5"
1342,"La Dreta De Eixample",45,1,1,"Bajo","Más de 50 años","","","",0,60,"No","No","No",29.82,"2"
1300,"Estudio Sant Pere Santa Caterina La Ribera",50,1,1,"Principal","Entre 20 y 30 años","Más de 2","","Totalmente equipada",1,25,"Sí","No","Sí",26,"2"
925,"La Maternitat Sant Ramon",47,1,1,"2ª","Más de 50 años","1","Eléctrica","Independiente",2,60,"Sí","Sí","Sí",19.68,"2"
2700,"La Vila De Gracia",135,3,2,"5ª","Entre 30 y 50 años","Más de 2","Eléctrica","",5,40,"Sí","Sí","No",20,"3"
1158,"El Raval",63,2,1,"4ª","Más de 50 años","2","","Equipado",4,60,"Sí","No","Sí",18.38,"1"
2055,"Antiga Esquerra De Eixample",87,3,2,"1ª","Más de 50 años","1","Gas natural","",1,60,"Sí","Sí","No",23.62,"4"
960,"El Barri Gotic",60,1,2,"3ª","Más de 50 años","","Central","Totalmente equipada",3,60,"No","Sí","Sí",16,"2"
1000,"Sant Pere Santa Caterina La Ribera",45,1,1,"2ª","Más de 50 años","1","Eléctrica","Abierta",2,60,"Sí","Sí","Sí",22.22,"2"
10500,"La Dreta De Eixample",220,4,4,"4ª","Más de 50 años","Más de 2","Eléctrica","",4,60,"Sí","Sí","No",47.73,"5"
3300,"Antiga Esquerra De Eixample",94,2,2,"2ª","Menos de 5 años","Más de 2","Central","",2,2.5,"Sí","Sí","No",35.11,"1"
1490,"La Dreta De Eixample",70,3,1,"4ª","Entre 30 y 50 años","2","Eléctrica","Independiente",4,40,"Sí","Sí","Sí",21.29,"4"
900,"Sants Montjuic Hostafrancs",45,1,1,"4ª","Más de 50 años","","Eléctrica","Independiente",4,60,"No","Sí","Sí",20,"2"
5145,"Diagonal Mar El Front Maritim Del Poblenou",80,1,1,"5ª","Menos de 5 años","Más de 2","Central","Americana",5,2.5,"Sí","Sí","Sí",64.31,"1"
8300,"La Dreta De Eixample",128,2,2,"1ª","Menos de 5 años","1","","",1,2.5,"Sí","No","No",64.84,"5"
775,"Estudio El Raval",27,1,1,"1ª","Más de 50 años","","","",1,60,"No","No","No",28.7,"2"
900,"Estudio El Putxet El Farro",30,1,1,"Bajo","Más de 50 años","","Gas natural","Totalmente equipada",0,60,"No","Sí","Sí",30,"2"
2700,"La Dreta De Eixample",70,3,2,"3ª","Más de 50 años","","","",3,60,"No","No","No",38.57,"4"
2400,"La Dreta De Eixample",65,2,1,"2ª","Más de 50 años","","","",2,60,"No","No","No",36.92,"1"
3224,"Sant Pere Santa Caterina La Ribera",100,2,4,"4ª","Menos de 5 años","Más de 2","Eléctrica","",4,2.5,"Sí","Sí","No",32.24,"1"
1428,"La Nova Esquerra De Eixample",72,2,1,"1ª","Más de 50 años","","","Totalmente equipada",1,60,"No","No","Sí",19.83,"1"
5100,"La Dreta De Eixample",223,7,3,"3ª","Más de 50 años","Más de 2","","Americana",3,60,"Sí","No","Sí",22.87,"5"
8000,"El Putxet El Farro",320,5,6,"8ª","Más de 50 años","Más de 2","Central","",8,60,"Sí","Sí","No",25,"5"
2150,"La Dreta De Eixample",70,2,2,"1ª","Más de 50 años","Más de 2","Eléctrica","",1,60,"Sí","Sí","No",30.71,"1"
7500,"La Dreta De Eixample",300,2,2,"4ª","Más de 50 años","Más de 2","Gas natural","",4,60,"Sí","Sí","No",25,"5"
7500,"Sant Pere Santa Caterina La Ribera",300,2,2,"4ª","Más de 50 años","Más de 2","Gas natural","",4,60,"Sí","Sí","No",25,"5"
1250,"Estudio Ciutat Vella La Barceloneta",35,1,1,"Bajo","Más de 50 años","","","Equipada",0,60,"No","No","Sí",35.71,"2"
850,"El Congres Els Indians",42,1,1,"2ª","Entre 30 y 50 años","1","Eléctrica","Americana",2,40,"Sí","Sí","Sí",20.24,"2"
5939,"La Dreta De Eixample",170,3,3,"4ª","Más de 50 años","1","Eléctrica","",4,60,"Sí","Sí","No",34.94,"5"
2900,"Sant Pere Santa Caterina La Ribera",110,2,2,"1ª","Más de 50 años","","Eléctrica","",1,60,"No","Sí","No",26.36,"1"
1000,"La Maternitat Sant Ramon",50,1,1,"6ª","Más de 50 años","","","",6,60,"No","No","No",20,"2"
4000,"La Nova Esquerra De Eixample",130,4,2,"2ª","Más de 50 años","","","",2,60,"No","No","No",30.77,"3"
2700,"La Dreta De Eixample",96,2,2,"3ª","Más de 50 años","","","",3,60,"No","No","No",28.12,"1"
3300,"El Raval",120,3,3,"2ª","Entre 10 y 20 años","","","",2,15,"No","No","No",27.5,"3"
3000,"La Dreta De Eixample",75,3,2,"3ª","Más de 50 años","","","",3,60,"No","No","No",40,"4"
7500,"Sant Pere Santa Caterina La Ribera",293,2,2,"4ª","Más de 50 años","1","Central","Cocina equipada",4,60,"Sí","Sí","Sí",25.6,"5"
4200,"La Dreta De Eixample",110,3,2,"3ª","Más de 50 años","1","Central","Cocina equipada",3,60,"Sí","Sí","Sí",38.18,"3"
975,"Estudio La Vila De Gracia",40,3,1,"2ª","Entre 30 y 50 años","","Eléctrica","Independiente",2,40,"No","Sí","Sí",24.38,"4"
1350,"El Barri Gotic",57,2,1,"3ª","Entre 5 y 10 años","2","","",3,7.5,"Sí","No","No",23.68,"1"
1342,"La Nova Esquerra De Eixample",69,3,1,"6ª","Entre 10 y 20 años","1","Gas natural","Independiente",6,15,"Sí","Sí","Sí",19.45,"4"
1200,"La Vila De Gracia",55,1,1,"2ª","Más de 50 años","1","Eléctrica","Independiente",2,60,"Sí","Sí","Sí",21.82,"2"
4000,"5 0/",150,4,2,"3ª","Más de 50 años","","","",3,60,"No","No","No",26.67,"3"
2650,"0 0/",150,4,2,"4ª","Más de 50 años","","","",4,60,"No","No","No",17.67,"3"
3350,"Eixample Sant Antoni",110,3,3,"3ª","Más de 50 años","","","",3,60,"No","No","No",30.45,"3"
2990,"Eixample Sant Antoni",82,2,2,"2ª","Más de 50 años","","","",2,60,"No","No","No",36.46,"1"
2950,"Eixample Sant Antoni",85,2,2,"1ª","Más de 50 años","","","",1,60,"No","No","No",34.71,"1"
1075,"La Marina Del Port Parc De Montjuic",71,1,1,"1ª","Más de 50 años","","","",1,60,"No","No","No",15.14,"2"
2750,"La Dreta De Eixample",96,2,2,"6ª","Más de 50 años","","","",6,60,"No","No","No",28.65,"1"
2780,"La Vila De Gracia",100,3,2,"3ª","Más de 50 años","","","",3,60,"No","No","No",27.8,"3"
950,"El Barri Gotic",83,1,1,"Bajo","Más de 50 años","","","",0,60,"No","No","No",11.45,"2"
1100,"El Raval",50,1,1,"4ª","Más de 50 años","1","","Abierta",4,60,"Sí","No","Sí",22,"2"
2200,"Pedralbes",112,1,1,"Bajo","Más de 50 años","","","",0,60,"No","No","No",19.64,"2"
950,"Antiga Esquerra De Eixample",29,1,1,"5ª","Más de 50 años","1","","Totalmente equipada",5,60,"Sí","No","Sí",32.76,"2"
950,"Ciutat Vella La Barceloneta",35,2,1,"5ª","Más de 50 años","","","",5,60,"No","No","No",27.14,"2"
1290,"La Marina Del Port Parc De Montjuic",59,2,1,"2ª","Entre 10 y 20 años","1","","",2,15,"Sí","No","No",21.86,"1"
800,"El Barri Gotic",32,1,1,"4ª","Más de 50 años","","Eléctrica","Abierta",4,60,"No","Sí","Sí",25,"2"
4500,"La Dreta De Eixample",185,4,2,"4ª","Más de 50 años","","Eléctrica","",4,60,"No","Sí","No",24.32,"5"
6000,"Diagonal Mar El Front Maritim Del Poblenou",158,3,2,"10ª","Más de 50 años","","Gas natural","",10,60,"No","Sí","No",37.97,"5"
1850,"La Dreta De Eixample",65,1,1,"6ª","Menos de 5 años","Más de 2","Central","",6,2.5,"Sí","Sí","No",28.46,"2"
4500,"La Dreta De Eixample",160,4,3,"1ª","Menos de 5 años","Más de 2","Eléctrica","",1,2.5,"Sí","Sí","No",28.12,"3"
4500,"La Dreta De Eixample",160,4,3,"Principal","Entre 5 y 10 años","Más de 2","Eléctrica","",1,7.5,"Sí","Sí","No",28.12,"3"
3950,"La Dreta De Eixample",47,1,1,"4ª","Menos de 5 años","Más de 2","Gas natural","",4,2.5,"Sí","Sí","No",84.04,"2"
8100,"La Dreta De Eixample",130,2,2,"4ª","Menos de 5 años","Más de 2","Central","",4,2.5,"Sí","Sí","No",62.31,"5"
4650,"La Dreta De Eixample",59,2,1,"3ª","Menos de 5 años","Más de 2","Central","",3,2.5,"Sí","Sí","No",78.81,"1"
2200,"El Barri Gotic",90,2,1,"Entresuelo","Más de 50 años","2","Eléctrica","Americana",0.5,60,"Sí","Sí","Sí",24.44,"1"
990,"La Dreta De Eixample",45,1,1,"Bajo","Más de 50 años","","","",0,60,"No","No","No",22,"2"
750,"El Raval",42,1,1,"7ª","Más de 50 años","","","Independiente",7,60,"No","No","Sí",17.86,"2"
851,"La Nova Esquerra De Eixample",39,1,1,"Entresuelo","Entre 30 y 50 años","","","",0.5,40,"No","No","No",21.82,"2"
1371,"Sant Pere Santa Caterina La Ribera",73,3,2,"2ª","Más de 50 años","","","",2,60,"No","No","No",18.78,"4"
1400,"Sant Pere Santa Caterina La Ribera",83,2,2,"3ª","Más de 50 años","","","",3,60,"No","No","No",16.87,"1"
2750,"Sant Gervasi Galvany",170,3,2,"2ª","Más de 50 años","1","","",2,60,"Sí","No","No",16.18,"3"
2200,"El Congres Els Indians",90,4,2,"6ª","Más de 50 años","1","","",6,60,"Sí","No","No",24.44,"3"
1590,"Sant Andreu Barrio",58,1,1,"1ª","Menos de 5 años","","","",1,2.5,"No","No","No",27.41,"2"
2800,"El Raval",86,4,2,"2ª","Más de 50 años","1","","Cocina amueblada",2,60,"Sí","No","Sí",32.56,"3"
2100,"Eixample Sant Antoni",81,4,2,"5ª","Más de 50 años","","","Cocina amueblada",5,60,"No","No","Sí",25.93,"4"
2500,"El Fort Pienc",105,3,2,"4ª","Más de 50 años","","","Cocina amueblada",4,60,"No","No","Sí",23.81,"3"
1200,"El Camp De Arpa Del Clot",25,1,1,"1ª","Más de 50 años","","Central","",1,60,"No","Sí","No",48,"2"
7300,"El Barri Gotic",300,5,4,"1ª","Menos de 5 años","1","Central","Cocina equipada",1,2.5,"Sí","Sí","Sí",24.33,"5"
8250,"El Barri Gotic",156,2,2,"1ª","Menos de 5 años","1","Central","Cocina equipada",1,2.5,"Sí","Sí","Sí",52.88,"5"
9000,"Sant Gervasi La Bonanova",230,4,3,"1ª","Más de 50 años","1","Central","Cocina equipada",1,60,"Sí","Sí","Sí",39.13,"5"
6600,"El Barri Gotic",293,2,2,"1ª","Menos de 5 años","1","Central","Cocina equipada",1,2.5,"Sí","Sí","Sí",22.53,"5"
7950,"Les Tres Torres",309,6,4,"1ª","Entre 20 y 30 años","1","Central","Cocina equipada",1,25,"Sí","Sí","Sí",25.73,"5"
4000,"Sant Gervasi Galvany",200,5,3,"1ª","Más de 50 años","","Central","Cocina equipada",1,60,"No","Sí","Sí",20,"5"
9900,"El Barri Gotic",234,2,3,"1ª","Menos de 5 años","1","Central","Cocina equipada",1,2.5,"Sí","Sí","Sí",42.31,"5"
6600,"El Barri Gotic",125,2,2,"1ª","Menos de 5 años","1","Central","Cocina equipada",1,2.5,"Sí","Sí","Sí",52.8,"3"
3224,"Ciutat Vella La Barceloneta",99,1,2,"1ª","Entre 5 y 10 años","1","Central","Cocina equipada",1,7.5,"Sí","Sí","Sí",32.57,"2"
8665,"El Barri Gotic",218,3,3,"1ª","Menos de 5 años","1","Central","Cocina equipada",1,2.5,"Sí","Sí","Sí",39.75,"5"
9000,"La Vila De Gracia",248,5,3,"1ª","Más de 50 años","1","Central","Cocina equipada",1,60,"Sí","Sí","Sí",36.29,"5"
1850,"La Nova Esquerra De Eixample",52,1,1,"2ª","Más de 50 años","1","Eléctrica","",2,60,"Sí","Sí","No",35.58,"2"
11000,"La Dreta De Eixample",140,3,2,"1ª","Más de 50 años","1","Central","Cocina equipada",1,60,"Sí","Sí","Sí",78.57,"5"
5939,"Antiga Esquerra De Eixample",205,3,3,"1ª","Más de 50 años","1","Central","Cocina equipada",1,60,"Sí","Sí","Sí",28.97,"5"
10500,"El Barri Gotic",146,2,2,"1ª","Más de 50 años","1","Central","Cocina equipada",1,60,"Sí","Sí","Sí",71.92,"5"
1300,"Estudio Sants Montjuic Sants",55,3,1,"3ª","Entre 30 y 50 años","1","","",3,40,"Sí","No","No",23.64,"4"
2000,"Sant Andreu Barrio",120,3,2,"1ª","Más de 50 años","","","",1,60,"No","No","No",16.67,"3"
2000,"Sant Andreu Barrio",100,2,1,"Bajo","Menos de 5 años","","","",0,2.5,"No","No","No",20,"1"
3100,"Diagonal Mar El Front Maritim Del Poblenou",98,3,2,"1ª","Más de 50 años","","","",1,60,"No","No","No",31.63,"3"
850,"El Putxet El Farro",33,3,1,"3ª","Entre 30 y 50 años","","","",3,40,"No","No","No",25.76,"4"
1890,"Sant Andreu Barrio",85,2,2,"4ª","Menos de 5 años","","","",4,2.5,"No","No","No",22.24,"1"
5500,"Les Tres Torres",234,4,3,"1ª","Menos de 5 años","1","Central","",1,2.5,"Sí","Sí","No",23.5,"5"
800,"Sants Montjuic Hostafrancs",44,1,1,"4ª","Más de 50 años","Más de 2","Gas natural","Abierta",4,60,"Sí","Sí","Sí",18.18,"2"
2300,"La Marina Del Port Parc De Montjuic",71,1,1,"1ª","Más de 50 años","","","",1,60,"No","No","No",32.39,"2"
2664,"La Font En Fargues",147,5,2,"5ª","Más de 50 años","1","Gas natural","Cocina equipada",5,60,"Sí","Sí","Sí",18.12,"3"
850,"Estudio El Barri Gotic",29,3,1,"Entresuelo","Más de 50 años","","Eléctrica","",0.5,60,"No","Sí","No",29.31,"4"
1800,"El Barri Gotic",63,2,2,"1ª","Más de 50 años","","","",1,60,"No","No","No",28.57,"1"
1200,"La Marina Del Port Parc De Montjuic",78,1,2,"Bajo","Entre 10 y 20 años","","","",0,15,"No","No","No",15.38,"2"
2457,"Sant Gervasi Galvany",116,2,1,"6ª","Más de 50 años","1","Gas natural","",6,60,"Sí","Sí","No",21.18,"1"
8789,"Pedralbes",245,4,5,"5ª","Menos de 5 años","","","",5,2.5,"No","No","No",35.87,"5"
4024,"Les Corts Barrio",149,4,3,"1ª","Más de 50 años","","","",1,60,"No","No","No",27.01,"3"
8000,"Diagonal Mar El Front Maritim Del Poblenou",240,3,2,"11ª","Entre 10 y 20 años","1","Central","Cocina equipada",11,15,"Sí","Sí","Sí",33.33,"5"
1850,"La Sagrada Familia",70,2,1,"7ª","Más de 50 años","1","Central","Cocina equipada",7,60,"Sí","Sí","Sí",26.43,"1"
5500,"Les Tres Torres",234,4,3,"1ª","Entre 20 y 30 años","1","Central","Cocina equipada",1,25,"Sí","Sí","Sí",23.5,"5"
10500,"La Dreta De Eixample",210,4,4,"4ª","Más de 50 años","1","Central","Cocina equipada",4,60,"Sí","Sí","Sí",50,"5"
3050,"El Raval",93,2,2,"3ª","Más de 50 años","1","Central","Cocina equipada",3,60,"Sí","Sí","Sí",32.8,"1"
3200,"El Raval",120,3,2,"1ª","Más de 50 años","1","Central","Cocina equipada",1,60,"Sí","Sí","Sí",26.67,"3"
2550,"La Dreta De Eixample",117,2,2,"5ª","Más de 50 años","1","Central","Cocina equipada",5,60,"Sí","Sí","Sí",21.79,"1"
850,"El Poble Sec",47,3,1,"1ª","Más de 50 años","","","Independiente",1,60,"No","No","Sí",18.09,"4"
3700,"Sant Gervasi Galvany",95,2,1,"1ª","Más de 50 años","","","",1,60,"No","No","No",38.95,"1"
6500,"Les Tres Torres",250,5,4,"1ª","Más de 50 años","","","",1,60,"No","No","No",26,"5"
820,"Estudio Eixample Sant Antoni",33,3,1,"4ª","Más de 50 años","","Eléctrica","Abierta",4,60,"No","Sí","Sí",24.85,"4"
950,"Sant Marti El Poblenou",62,3,1,"3ª","Más de 50 años","","","Independiente",3,60,"No","No","Sí",15.32,"4"
7000,"Pedralbes",200,4,4,"4ª","Más de 50 años","","","",4,60,"No","No","No",35,"5"
3397,"La Vila De Gracia",70,3,2,"2ª","Menos de 5 años","","Central","",2,2.5,"No","Sí","No",48.53,"4"
3200,"Antiga Esquerra De Eixample",100,4,2,"3ª","Más de 50 años","","Central","",3,60,"No","Sí","No",32,"3"
2455,"La Vila De Gracia",61,1,1,"5ª","Entre 30 y 50 años","1","Central","Cocina equipada",5,40,"Sí","Sí","Sí",40.25,"2"
7500,"El Barri Gotic",230,2,2,"3ª","Más de 50 años","1","Central","Cocina equipada",3,60,"Sí","Sí","Sí",32.61,"5"
1900,"La Vila De Gracia",80,2,1,"1ª","Más de 50 años","1","Central","Cocina equipada",1,60,"Sí","Sí","Sí",23.75,"1"
2500,"El Camp De Arpa Del Clot",120,3,2,"1ª","Más de 50 años","1","Central","Cocina equipada",1,60,"Sí","Sí","Sí",20.83,"3"
2611,"Antiga Esquerra De Eixample",114,3,2,"5ª","Más de 50 años","1","Central","Cocina equipada",5,60,"Sí","Sí","Sí",22.9,"3"
2000,"Ciutat Vella La Barceloneta",70,2,2,"4ª","Entre 10 y 20 años","1","Central","Cocina equipada",4,15,"Sí","Sí","Sí",28.57,"1"
8700,"La Dreta De Eixample",202,3,3,"3ª","Más de 50 años","1","Central","Cocina equipada",3,60,"Sí","Sí","Sí",43.07,"5"
2000,"La Sagrada Familia",85,4,2,"1ª","Más de 50 años","","Central","Cocina equipada",1,60,"No","Sí","Sí",23.53,"4"
2306,"Antiga Esquerra De Eixample",147,5,2,"3ª","Más de 50 años","","Central","Cocina equipada",3,60,"No","Sí","Sí",15.69,"3"
2500,"El Barri Gotic",78,2,1,"4ª","Entre 5 y 10 años","","Central","Cocina equipada",4,7.5,"No","Sí","Sí",32.05,"1"
4500,"Sant Marti El Poblenou",114,3,2,"3ª","Entre 20 y 30 años","1","Central","Cocina equipada",3,25,"Sí","Sí","Sí",39.47,"3"
3500,"Sant Pere Santa Caterina La Ribera",120,4,2,"1ª","Más de 50 años","1","Central","Cocina equipada",1,60,"Sí","Sí","Sí",29.17,"3"
3000,"La Nova Esquerra De Eixample",50,1,1,"5ª","Más de 50 años","1","Central","Cocina equipada",5,60,"Sí","Sí","Sí",60,"2"
2300,"El Barri Gotic",140,3,2,"2ª","Más de 50 años","1","Central","Cocina equipada",2,60,"Sí","Sí","Sí",16.43,"3"
2300,"El Barri Gotic",103,3,2,"2ª","Más de 50 años","1","Central","Cocina equipada",2,60,"Sí","Sí","Sí",22.33,"3"
2350,"El Barri Gotic",140,3,2,"3ª","Más de 50 años","1","Central","Cocina equipada",3,60,"Sí","Sí","Sí",16.79,"3"
9500,"La Dreta De Eixample",264,5,4,"4ª","Más de 50 años","1","Central","Cocina equipada",4,60,"Sí","Sí","Sí",35.98,"5"
5000,"Sarria Sant Gervasi Sarria",280,5,4,"2ª","Más de 50 años","1","Central","Cocina equipada",2,60,"Sí","Sí","Sí",17.86,"5"
2100,"El Raval",97,3,2,"2ª","Más de 50 años","1","Central","Cocina equipada",2,60,"Sí","Sí","Sí",21.65,"4"
2750,"Antiga Esquerra De Eixample",77,3,1,"2ª","Más de 50 años","","Central","Cocina equipada",2,60,"No","Sí","Sí",35.71,"4"
10000,"La Dreta De Eixample",221,5,3,"5ª","Más de 50 años","1","Central","Cocina equipada",5,60,"Sí","Sí","Sí",45.25,"5"
2100,"El Barri Gotic",125,1,2,"3ª","Más de 50 años","","Central","Cocina equipada",3,60,"No","Sí","Sí",16.8,"2"
3300,"Sant Pere Santa Caterina La Ribera",137,4,2,"6ª","Más de 50 años","","Central","Cocina equipada",6,60,"No","Sí","Sí",24.09,"3"
3985,"La Vila De Gracia",183,3,3,"1ª","Más de 50 años","1","Central","Cocina equipada",1,60,"Sí","Sí","Sí",21.78,"3"
2800,"La Dreta De Eixample",107,2,2,"2ª","Entre 20 y 30 años","1","Central","Cocina equipada",2,25,"Sí","Sí","Sí",26.17,"1"
1450,"El Barri Gotic",58,1,1,"2ª","Más de 50 años","1","Central","Cocina equipada",2,60,"Sí","Sí","Sí",25,"2"
1850,"Ciutat Vella La Barceloneta",75,2,2,"4ª","Más de 50 años","","Central","Cocina equipada",4,60,"No","Sí","Sí",24.67,"1"
2200,"La Nova Esquerra De Eixample",48,1,1,"8ª","Entre 30 y 50 años","","Central","Cocina equipada",8,40,"No","Sí","Sí",45.83,"2"
2700,"Gracia La Salut",65,1,1,"10ª","Más de 50 años","1","Central","Cocina equipada",10,60,"Sí","Sí","Sí",41.54,"2"
9000,"La Dreta De Eixample",185,4,3,"4ª","Más de 50 años","1","Central","Cocina equipada",4,60,"Sí","Sí","Sí",48.65,"5"
2650,"La Nova Esquerra De Eixample",80,3,2,"7ª","Más de 50 años","1","Central","Cocina equipada",7,60,"Sí","Sí","Sí",33.12,"4"
2300,"El Fort Pienc",80,3,2,"5ª","Más de 50 años","1","Central","Cocina equipada",5,60,"Sí","Sí","Sí",28.75,"4"
2500,"El Barri Gotic",143,3,2,"3ª","Más de 50 años","1","Central","Cocina equipada",3,60,"Sí","Sí","Sí",17.48,"3"
2500,"La Vila De Gracia",71,1,1,"3ª","Entre 5 y 10 años","1","Central","Cocina equipada",3,7.5,"Sí","Sí","Sí",35.21,"2"
2200,"El Raval",130,3,2,"2ª","Más de 50 años","1","Central","Cocina equipada",2,60,"Sí","Sí","Sí",16.92,"3"
2150,"Pedralbes",75,1,1,"6ª","Más de 50 años","","Central","",6,60,"No","Sí","No",28.67,"2"
4000,"Nou Barris",60,3,1,"1ª","Más de 50 años","","","",1,60,"No","No","No",66.67,"3"
4200,"Sant Gervasi Galvany",98,3,2,"1ª","Más de 50 años","","","",1,60,"No","No","No",42.86,"3"
2850,"El Barri Gotic",101,3,2,"4ª","Más de 50 años","","Central","Cocina equipada",4,60,"No","Sí","Sí",28.22,"3"
1750,"Sant Pere Santa Caterina La Ribera",53,1,1,"7ª","Más de 50 años","1","Central","Cocina equipada",7,60,"Sí","Sí","Sí",33.02,"2"
2600,"Antiga Esquerra De Eixample",105,2,2,"2ª","Más de 50 años","1","Central","Cocina equipada",2,60,"Sí","Sí","Sí",24.76,"1"
3700,"La Dreta De Eixample",91,2,2,"5ª","Más de 50 años","1","Central","Cocina equipada",5,60,"Sí","Sí","Sí",40.66,"1"
3546,"Sarria Sant Gervasi Sarria",200,3,2,"3ª","Más de 50 años","1","Central","Cocina equipada",3,60,"Sí","Sí","Sí",17.73,"3"
1150,"Sant Gervasi Galvany",44,1,1,"1ª","Más de 50 años","1","Central","Cocina equipada",1,60,"Sí","Sí","Sí",26.14,"2"
2048,"Antiga Esquerra De Eixample",129,2,3,"3ª","Más de 50 años","1","Central","Cocina equipada",3,60,"Sí","Sí","Sí",15.88,"1"
2252,"El Barri Gotic",115,2,2,"5ª","Más de 50 años","1","Central","Cocina equipada",5,60,"Sí","Sí","Sí",19.58,"1"
2800,"Antiga Esquerra De Eixample",93,3,2,"3ª","Más de 50 años","1","Central","Cocina equipada",3,60,"Sí","Sí","Sí",30.11,"3"
3240,"El Barri Gotic",130,5,2,"3ª","Más de 50 años","1","Central","Cocina equipada",3,60,"Sí","Sí","Sí",24.92,"3"
2275,"La Vila De Gracia",70,2,1,"2ª","Más de 50 años","","Central","Cocina equipada",2,60,"No","Sí","Sí",32.5,"1"
2425,"Ciutat Vella La Barceloneta",65,2,2,"3ª","Más de 50 años","","Central","Cocina equipada",3,60,"No","Sí","Sí",37.31,"1"
3100,"Les Tres Torres",90,3,2,"1ª","Más de 50 años","","Central","Cocina equipada",1,60,"No","Sí","Sí",34.44,"3"
2800,"El Barri Gotic",138,3,3,"2ª","Más de 50 años","","Central","Cocina equipada",2,60,"No","Sí","Sí",20.29,"3"
2400,"El Camp En Grassot Gracia Nova",140,4,2,"5ª","Más de 50 años","1","Central","Cocina equipada",5,60,"Sí","Sí","Sí",17.14,"3"
1800,"Ciutat Vella La Barceloneta",33,1,1,"1ª","Más de 50 años","1","Central","Cocina equipada",1,60,"Sí","Sí","Sí",54.55,"2"
3000,"La Nova Esquerra De Eixample",160,4,2,"5ª","Más de 50 años","","Central","Cocina equipada",5,60,"No","Sí","Sí",18.75,"3"
2510,"La Sagrada Familia",80,3,2,"3ª","Más de 50 años","1","Central","Cocina equipada",3,60,"Sí","Sí","Sí",31.38,"4"
2270,"Sant Marti El Poblenou",35,1,1,"4ª","Más de 50 años","","Central","Cocina equipada",4,60,"No","Sí","Sí",64.86,"2"
2835,"Provencals Del Poblenou",60,2,1,"2ª","Más de 50 años","1","Central","Cocina equipada",2,60,"Sí","Sí","Sí",47.25,"1"
3250,"La Dreta De Eixample",134,3,2,"2ª","Más de 50 años","","Central","Cocina equipada",2,60,"No","Sí","Sí",24.25,"3"
5310,"Sant Pere Santa Caterina La Ribera",120,2,1,"1ª","Más de 50 años","1","Central","Cocina equipada",1,60,"Sí","Sí","Sí",44.25,"1"
1495,"El Raval",65,2,1,"4ª","Más de 50 años","1","Central","Cocina equipada",4,60,"Sí","Sí","Sí",23,"1"
1380,"El Raval",36,1,1,"4ª","Más de 50 años","1","Central","Cocina equipada",4,60,"Sí","Sí","Sí",38.33,"2"
5200,"Sant Gervasi Galvany",234,4,3,"1ª","Más de 50 años","","Central","Cocina equipada",1,60,"No","Sí","Sí",22.22,"5"
2700,"Sant Gervasi Galvany",75,3,1,"1ª","Más de 50 años","","Central","Cocina equipada",1,60,"No","Sí","Sí",36,"4"
3350,"El Raval",120,3,2,"1ª","Más de 50 años","1","Central","Cocina equipada",1,60,"Sí","Sí","Sí",27.92,"3"
3700,"La Dreta De Eixample",260,4,2,"2ª","Más de 50 años","1","Central","Cocina equipada",2,60,"Sí","Sí","Sí",14.23,"5"
3700,"La Dreta De Eixample",170,5,2,"1ª","Más de 50 años","1","Central","Cocina equipada",1,60,"Sí","Sí","Sí",21.76,"3"
4200,"Sant Pere Santa Caterina La Ribera",210,4,2,"5ª","Más de 50 años","","Central","Cocina equipada",5,60,"No","Sí","Sí",20,"5"
3100,"El Barri Gotic",90,2,2,"1ª","Más de 50 años","1","Central","Cocina equipada",1,60,"Sí","Sí","Sí",34.44,"1"
2875,"Sant Pere Santa Caterina La Ribera",70,2,2,"2ª","Más de 50 años","1","Central","Cocina equipada",2,60,"Sí","Sí","Sí",41.07,"1"
2750,"La Dreta De Eixample",120,3,2,"1ª","Más de 50 años","1","Central","Cocina equipada",1,60,"Sí","Sí","Sí",22.92,"3"
2600,"La Dreta De Eixample",95,2,2,"1ª","Más de 50 años","1","Central","Cocina equipada",1,60,"Sí","Sí","Sí",27.37,"1"
2500,"Vallvidrera El Tibidabo Les Planes",125,3,2,"1ª","Más de 50 años","1","Central","Cocina equipada",1,60,"Sí","Sí","Sí",20,"3"
2300,"El Baix Guinardo",86,3,2,"3ª","Más de 50 años","1","Central","Cocina equipada",3,60,"Sí","Sí","Sí",26.74,"4"
1600,"La Sagrada Familia",77,2,1,"4ª","Más de 50 años","1","Central","Cocina equipada",4,60,"Sí","Sí","Sí",20.78,"1"
3250,"Antiga Esquerra De Eixample",100,3,2,"1ª","Más de 50 años","1","Central","Cocina equipada",1,60,"Sí","Sí","Sí",32.5,"3"
1380,"El Raval",36,1,1,"4ª","Más de 50 años","1","Central","Cocina equipada",4,60,"Sí","Sí","Sí",38.33,"2"
5000,"Antiga Esquerra De Eixample",124,2,3,"4ª","Más de 50 años","1","Central","Cocina equipada",4,60,"Sí","Sí","Sí",40.32,"1"
2112,"Sant Andreu Barrio",67,2,2,"3ª","Más de 50 años","","Central","Cocina equipada",3,60,"No","Sí","Sí",31.52,"1"
1300,"La Dreta De Eixample",30,1,1,"7ª","Más de 50 años","","Central","Cocina equipada",7,60,"No","Sí","Sí",43.33,"2"
2700,"Sant Gervasi Galvany",75,3,1,"1ª","Más de 50 años","","Central","Cocina equipada",1,60,"No","Sí","Sí",36,"4"
4800,"Les Corts Barrio",203,5,3,"4ª","Más de 50 años","1","Central","Cocina equipada",4,60,"Sí","Sí","Sí",23.65,"5"
3000,"La Dreta De Eixample",94,2,2,"3ª","Más de 50 años","1","Central","Cocina equipada",3,60,"Sí","Sí","Sí",31.91,"1"
4390,"Sants Montjuic Hostafrancs",120,3,2,"12ª","Entre 30 y 50 años","1","","",12,40,"Sí","No","No",36.58,"3"
2500,"La Dreta De Eixample",54,1,1,"3ª","Más de 50 años","","Central","Cocina equipada",3,60,"No","Sí","Sí",46.3,"2"
2809,"Pedralbes",135,3,3,"1ª","Más de 50 años","1","Central","Cocina equipada",1,60,"Sí","Sí","Sí",20.81,"3"
2800,"El Barri Gotic",130,3,2,"3ª","Más de 50 años","1","Central","Cocina equipada",3,60,"Sí","Sí","Sí",21.54,"3"
1900,"Sant Pere Santa Caterina La Ribera",83,3,2,"3ª","Más de 50 años","","","",3,60,"No","No","No",22.89,"4"
1700,"Sant Pere Santa Caterina La Ribera",83,2,1,"4ª","Más de 50 años","","","",4,60,"No","No","No",20.48,"1"
2300,"El Parc La Llacuna Del Poblenou",149,2,2,"1ª","Más de 50 años","","Central","",1,60,"No","Sí","No",15.44,"1"
7900,"Diagonal Mar El Front Maritim Del Poblenou",149,3,2,"Bajo","Más de 50 años","","Central","",0,60,"No","Sí","No",53.02,"5"
3700,"Les Tres Torres",197,5,3,"1ª","Más de 50 años","","","",1,60,"No","No","No",18.78,"5"
3700,"Les Tres Torres",197,5,3,"1ª","Más de 50 años","","","",1,60,"No","No","No",18.78,"5"
4800,"Sant Gervasi Galvany",215,4,4,"9ª","Más de 50 años","","","",9,60,"No","No","No",22.33,"5"
3500,"La Dreta De Eixample",130,3,3,"4ª","Más de 50 años","","Central","",4,60,"No","Sí","No",26.92,"3"
2650,"Sant Marti El Poblenou",122,3,2,"4ª","Entre 20 y 30 años","","Central","",4,25,"No","Sí","No",21.72,"3"
9800,"La Dreta De Eixample",213,3,2,"1ª","Entre 30 y 50 años","1","Central","",1,40,"Sí","Sí","No",46.01,"5"
3950,"Sant Gervasi Galvany",211,5,3,"1ª","Más de 50 años","1","Central","",1,60,"Sí","Sí","No",18.72,"5"
2500,"La Dreta De Eixample",125,1,1,"3ª","Más de 50 años","","Central","",3,60,"No","Sí","No",20,"1"
3500,"La Dreta De Eixample",125,4,2,"3ª","Más de 50 años","","Central","",3,60,"No","Sí","No",28,"3"
5500,"La Dreta De Eixample",256,8,2,"3ª","Más de 50 años","","Central","",3,60,"No","Sí","No",21.48,"5"
4800,"Antiga Esquerra De Eixample",229,8,4,"1ª","Más de 50 años","","Central","",1,60,"No","Sí","No",20.96,"5"
2590,"Sant Marti El Poblenou",36,1,1,"4ª","Menos de 5 años","1","","",4,2.5,"Sí","No","No",71.94,"2"
1550,"Estudio Sant Marti El Poblenou",23,1,1,"4ª","Menos de 5 años","1","","",4,2.5,"Sí","No","No",67.39,"2"
1780,"Estudio Sant Marti El Poblenou",21,1,1,"4ª","Menos de 5 años","1","","",4,2.5,"Sí","No","No",84.76,"2"
1630,"Estudio Sant Marti El Poblenou",26,1,1,"4ª","Menos de 5 años","1","","",4,2.5,"Sí","No","No",62.69,"2"
2190,"Sant Marti El Poblenou",28,1,1,"4ª","Menos de 5 años","1","","",4,2.5,"Sí","No","No",78.21,"2"
1990,"Sant Marti El Poblenou",100,2,2,"1ª","Más de 50 años","","","",1,60,"No","No","No",19.9,"1"
5200,"Sant Gervasi Galvany",227,5,3,"3ª","Más de 50 años","1","Central","",3,60,"Sí","Sí","No",22.91,"5"
2200,"El Camp De Arpa Del Clot",110,4,2,"2ª","Más de 50 años","","Central","",2,60,"No","Sí","No",20,"3"
1940,"La Sagrada Familia",60,2,1,"2ª","Más de 50 años","","Central","",2,60,"No","Sí","No",32.33,"1"
1553,"Sant Gervasi Galvany",92,3,1,"1ª","Más de 50 años","","","",1,60,"No","No","No",16.88,"4"
2610,"Sarria Sant Gervasi Sarria",145,2,2,"1ª","Más de 50 años","1","Central","Cocina equipada",1,60,"Sí","Sí","Sí",18,"1"
2500,"Vallcarca Els Penitents",85,2,2,"1ª","Menos de 5 años","1","Central","Cocina equipada",1,2.5,"Sí","Sí","Sí",29.41,"1"
4900,"La Dreta De Eixample",143,4,2,"2ª","Más de 50 años","","Central","",2,60,"No","Sí","No",34.27,"3"
2500,"El Barri Gotic",78,2,2,"1ª","Entre 5 y 10 años","","Central","Cocina equipada",1,7.5,"No","Sí","Sí",32.05,"1"
5800,"Sant Gervasi Galvany",161,3,3,"4ª","Más de 50 años","1","Central","",4,60,"Sí","Sí","No",36.02,"5"
4000,"La Dreta De Eixample",136,4,2,"1ª","Más de 50 años","1","Central","Cocina equipada",1,60,"Sí","Sí","Sí",29.41,"3"
2290,"El Barri Gotic",82,2,2,"1ª","Más de 50 años","","Central","",1,60,"No","Sí","No",27.93,"1"
2750,"La Dreta De Eixample",93,2,1,"2ª","Más de 50 años","1","Central","",2,60,"Sí","Sí","No",29.57,"1"
6174,"El Besos El Maresme",80,1,1,"5ª","Más de 50 años","","Central","",5,60,"No","Sí","No",77.17,"1"
2500,"Sant Pere Santa Caterina La Ribera",95,2,2,"4ª","Más de 50 años","1","Central","",4,60,"Sí","Sí","No",26.32,"1"
2875,"El Barri Gotic",110,2,2,"1ª","Más de 50 años","","Central","",1,60,"No","Sí","No",26.14,"1"
3800,"La Vila De Gracia",86,2,1,"3ª","Más de 50 años","1","Central","",3,60,"Sí","Sí","No",44.19,"1"
2500,"El Barri Gotic",90,2,2,"1ª","Entre 5 y 10 años","1","Central","Cocina equipada",1,7.5,"Sí","Sí","Sí",27.78,"1"
2300,"El Barri Gotic",90,2,2,"1ª","Más de 50 años","1","Central","Cocina equipada",1,60,"Sí","Sí","Sí",25.56,"1"
4000,"Sant Gervasi Galvany",95,2,2,"5ª","Más de 50 años","1","Central","",5,60,"Sí","Sí","No",42.11,"1"
5500,"Antiga Esquerra De Eixample",215,5,3,"8ª","Más de 50 años","","Central","",8,60,"No","Sí","No",25.58,"5"
9000,"Sant Gervasi Galvany",266,5,5,"1ª","Entre 10 y 20 años","1","Central","Cocina equipada",1,15,"Sí","Sí","Sí",33.83,"5"
1716,"Sant Gervasi Galvany",114,3,2,"7ª","Más de 50 años","1","Central","",7,60,"Sí","Sí","No",15.05,"3"
3990,"Sant Gervasi Galvany",224,4,3,"1ª","Más de 50 años","1","Central","Cocina equipada",1,60,"Sí","Sí","Sí",17.81,"5"
5900,"La Dreta De Eixample",158,3,2,"1ª","Entre 20 y 30 años","1","Central","Cocina equipada",1,25,"Sí","Sí","Sí",37.34,"5"
4550,"La Dreta De Eixample",59,2,1,"1ª","Menos de 5 años","1","Central","Cocina equipada",1,2.5,"Sí","Sí","Sí",77.12,"1"
3695,"Les Corts Barrio",103,3,2,"1ª","Más de 50 años","1","Central","Cocina equipada",1,60,"Sí","Sí","Sí",35.87,"3"
4000,"Casa Adosada Horta Guinardo Horta",287,5,3,"1ª","Más de 50 años","1","Central","Cocina equipada",1,60,"Sí","Sí","Sí",13.94,"5"
1500,"La Dreta De Eixample",40,1,1,"1ª","Más de 50 años","","Central","Cocina equipada",1,60,"No","Sí","Sí",37.5,"2"
2250,"Sarria Sant Gervasi Sarria",60,2,1,"1ª","Más de 50 años","","Central","Cocina equipada",1,60,"No","Sí","Sí",37.5,"1"
5250,"La Nova Esquerra De Eixample",160,4,2,"1ª","Más de 50 años","1","Central","Cocina equipada",1,60,"Sí","Sí","Sí",32.81,"5"
4500,"Sant Gervasi Galvany",153,4,2,"1ª","Más de 50 años","1","Central","Cocina equipada",1,60,"Sí","Sí","Sí",29.41,"3"
2193,"Vallvidrera El Tibidabo Les Planes",107,2,1,"1ª","Más de 50 años","1","Central","Cocina equipada",1,60,"Sí","Sí","Sí",20.5,"1"
1975,"Sants Montjuic Sants",70,3,2,"1ª","Más de 50 años","1","Central","Cocina equipada",1,60,"Sí","Sí","Sí",28.21,"4"
4500,"Les Tres Torres",220,5,3,"1ª","Más de 50 años","1","Central","Cocina equipada",1,60,"Sí","Sí","Sí",20.45,"5"
5200,"La Dreta De Eixample",250,5,4,"1ª","Más de 50 años","1","Central","Cocina equipada",1,60,"Sí","Sí","Sí",20.8,"5"
2700,"La Dreta De Eixample",100,3,2,"1ª","Más de 50 años","1","Central","Cocina equipada",1,60,"Sí","Sí","Sí",27,"3"
4600,"Les Tres Torres",180,5,4,"1ª","Más de 50 años","1","Central","Cocina equipada",1,60,"Sí","Sí","Sí",25.56,"5"
7000,"Sant Pere Santa Caterina La Ribera",220,3,2,"1ª","Más de 50 años","1","Central","Cocina equipada",1,60,"Sí","Sí","Sí",31.82,"5"
4500,"La Dreta De Eixample",188,4,2,"1ª","Más de 50 años","1","Central","Cocina equipada",1,60,"Sí","Sí","Sí",23.94,"5"
2125,"Ciutat Vella La Barceloneta",40,2,1,"1ª","Más de 50 años","","Central","Cocina equipada",1,60,"No","Sí","Sí",53.12,"1"
3075,"El Barri Gotic",80,2,2,"1ª","Más de 50 años","","Central","Cocina equipada",1,60,"No","Sí","Sí",38.44,"1"
10000,"La Dreta De Eixample",183,3,3,"1ª","Más de 50 años","1","Central","Cocina equipada",1,60,"Sí","Sí","Sí",54.64,"5"
11500,"La Dreta De Eixample",154,2,3,"1ª","Más de 50 años","1","Central","Cocina equipada",1,60,"Sí","Sí","Sí",74.68,"5"
2900,"El Putxet El Farro",174,5,3,"1ª","Más de 50 años","1","Central","Cocina equipada",1,60,"Sí","Sí","Sí",16.67,"3"
3500,"Estudio Eixample",28,1,1,"1ª","Más de 50 años","","","",1,60,"No","No","No",125,"2"
3900,"Vallcarca Els Penitents",270,5,4,"1ª","Más de 50 años","1","Central","Cocina equipada",1,60,"Sí","Sí","Sí",14.44,"5"
4600,"Les Tres Torres",175,5,3,"1ª","Más de 50 años","1","Central","Cocina equipada",1,60,"Sí","Sí","Sí",26.29,"5"
4200,"Sarria Sant Gervasi Sarria",192,5,3,"1ª","Más de 50 años","","","",1,60,"No","No","No",21.88,"5"
1600,"El Guinardo",40,1,1,"1ª","Más de 50 años","","","",1,60,"No","No","No",40,"2"
1650,"El Camp En Grassot Gracia Nova",45,1,2,"1ª","Más de 50 años","","","",1,60,"No","No","No",36.67,"2"
1335,"Sant Pere Santa Caterina La Ribera",62,2,1,"1ª","Más de 50 años","","","",1,60,"No","No","No",21.53,"1"
1650,"Sant Andreu Navas",65,2,1,"1ª","Más de 50 años","","","",1,60,"No","No","No",25.38,"1"
1500,"La Maternitat Sant Ramon",81,3,2,"1ª","Más de 50 años","","","",1,60,"No","No","No",18.52,"4"
1500,"Sant Andreu La Sagrera",44,1,1,"1ª","Más de 50 años","","","",1,60,"No","No","No",34.09,"2"
1500,"El Raval",35,1,1,"1ª","Más de 50 años","","","",1,60,"No","No","No",42.86,"2"
1335,"Sant Pere Santa Caterina La Ribera",54,2,2,"1ª","Más de 50 años","","","",1,60,"No","No","No",24.72,"1"
1650,"La Maternitat Sant Ramon",79,3,2,"1ª","Más de 50 años","","","",1,60,"No","No","No",20.89,"4"
1630,"La Maternitat Sant Ramon",55,2,1,"1ª","Más de 50 años","","","",1,60,"No","No","No",29.64,"1"
1630,"La Maternitat Sant Ramon",55,2,1,"1ª","Más de 50 años","","","",1,60,"No","No","No",29.64,"1"
3700,"Eixample",55,2,1,"1ª","Más de 50 años","","","",1,60,"No","No","No",67.27,"1"
4200,"Eixample",75,3,2,"1ª","Más de 50 años","","","",1,60,"No","No","No",56,"3"
4500,"Eixample",180,4,2,"1ª","Más de 50 años","","","",1,60,"No","No","No",25,"5"
3500,"Ciutat Vella",50,1,1,"1ª","Más de 50 años","","","",1,60,"No","No","No",70,"2"
3500,"Eixample",60,1,1,"1ª","Más de 50 años","","","",1,60,"No","No","No",58.33,"2"
4200,"Eixample",75,3,2,"1ª","Más de 50 años","","","",1,60,"No","No","No",56,"3"
4200,"Sant Marti",120,3,2,"1ª","Más de 50 años","","","",1,60,"No","No","No",35,"3"
3500,"Eixample",60,1,1,"1ª","Más de 50 años","","","",1,60,"No","No","No",58.33,"2"
1100,"El Barri Gotic",46,1,1,"1ª","Más de 50 años","","","",1,60,"No","No","No",23.91,"2"
1600,"El Raval",75,2,2,"1ª","Más de 50 años","","","",1,60,"No","No","No",21.33,"1"
1680,"El Barri Gotic",99,2,1,"1ª","Más de 50 años","","","",1,60,"No","No","No",16.97,"1"
1580,"Provencals Del Poblenou",48,2,1,"2ª","Más de 50 años","","","",2,60,"No","No","No",32.92,"1"
2700,"La Dreta De Eixample",75,3,2,"3ª","Más de 50 años","","","",3,60,"No","No","No",36,"4"
7250,"El Barri Gotic",175,3,2,"4ª","Más de 50 años","","","",4,60,"No","No","No",41.43,"5"
1850,"Provencals Del Poblenou",67,2,1,"1ª","Entre 10 y 20 años","","Central","",1,15,"No","Sí","No",27.61,"1"
2990,"La Dreta De Eixample",66,1,2,"1ª","Más de 50 años","","Central","",1,60,"No","Sí","No",45.3,"2"
5500,"La Dreta De Eixample",225,5,4,"1ª","Más de 50 años","","Central","",1,60,"No","Sí","No",24.44,"5"
2000,"La Nova Esquerra De Eixample",105,2,2,"1ª","Más de 50 años","","","",1,60,"No","No","No",19.05,"1"
3600,"Eixample",55,1,2,"1ª","Más de 50 años","","","",1,60,"No","No","No",65.45,"2"
2650,"Sant Gervasi Galvany",75,3,2,"4ª","Más de 50 años","","","",4,60,"No","No","No",35.33,"4"
1950,"La Sagrada Familia",67,2,1,"1ª","Más de 50 años","","Central","",1,60,"No","Sí","No",29.1,"1"
3397,"La Vila De Gracia",70,3,2,"1ª","Menos de 5 años","","Central","",1,2.5,"No","Sí","No",48.53,"4"
3500,"La Dreta De Eixample",85,3,2,"Bajo","Más de 50 años","","","",0,60,"No","No","No",41.18,"3"
3990,"El Barri Gotic",90,3,2,"1ª","Más de 50 años","","","",1,60,"No","No","No",44.33,"3"
3650,"Antiga Esquerra De Eixample",90,3,2,"1ª","Más de 50 años","","","",1,60,"No","No","No",40.56,"3"
3300,"El Fort Pienc",80,3,2,"3ª","Más de 50 años","","","",3,60,"No","No","No",41.25,"3"
2605,"La Dreta De Eixample",162,4,3,"1ª","Más de 50 años","","","",1,60,"No","No","No",16.08,"3"
5200,"La Dreta De Eixample",238,5,3,"1ª","Más de 50 años","","","",1,60,"No","No","No",21.85,"5"
2500,"Sant Pere Santa Caterina La Ribera",95,2,2,"1ª","Más de 50 años","","","",1,60,"No","No","No",26.32,"1"
2900,"Sant Pere Santa Caterina La Ribera",141,4,2,"1ª","Más de 50 años","","","",1,60,"No","No","No",20.57,"3"
1950,"El Poble Sec",60,2,2,"1ª","Más de 50 años","","","",1,60,"No","No","No",32.5,"1"
5635,"Sarria Sant Gervasi Sarria",232,5,3,"1ª","Más de 50 años","","","",1,60,"No","No","No",24.29,"5"
5000,"El Camp En Grassot Gracia Nova",200,4,3,"1ª","Más de 50 años","1","Central","",1,60,"Sí","Sí","No",25,"5"
7835,"Sarria Sant Gervasi Sarria",272,5,4,"1ª","Más de 50 años","","","",1,60,"No","No","No",28.81,"5"
1500,"La Vila De Gracia",44,1,1,"1ª","Más de 50 años","","","",1,60,"No","No","No",34.09,"2"
7600,"La Dreta De Eixample",196,4,4,"1ª","Más de 50 años","","","",1,60,"No","No","No",38.78,"5"
3100,"El Putxet El Farro",68,1,1,"1ª","Más de 50 años","","Central","",1,60,"No","Sí","No",45.59,"2"
4600,"Sarria Sant Gervasi Sarria",175,5,4,"1ª","Más de 50 años","","","",1,60,"No","No","No",26.29,"5"
8500,"La Dreta De Eixample",126,2,2,"1ª","Más de 50 años","","Central","",1,60,"No","Sí","No",67.46,"5"
5200,"5 0/",234,4,3,"1ª","Más de 50 años","","","",1,60,"No","No","No",22.22,"5"
3900,"Vallcarca Els Penitents",201,5,3,"1ª","Más de 50 años","","","",1,60,"No","No","No",19.4,"5"
10000,"Sant Gervasi Galvany",174,3,3,"1ª","Más de 50 años","","","",1,60,"No","No","No",57.47,"5"
8000,"El Fort Pienc",165,2,2,"1ª","Más de 50 años","","","",1,60,"No","No","No",48.48,"5"
8250,"El Barri Gotic",156,2,2,"1ª","Más de 50 años","","","",1,60,"No","No","No",52.88,"5"
4950,"Sarria Sant Gervasi Sarria",122,3,2,"1ª","Más de 50 años","","","",1,60,"No","No","No",40.57,"3"
6600,"El Barri Gotic",156,2,2,"1ª","Más de 50 años","","","",1,60,"No","No","No",42.31,"5"
9900,"El Barri Gotic",234,2,3,"1ª","Más de 50 años","","","",1,60,"No","No","No",42.31,"5"
7300,"Sant Gervasi Galvany",311,4,5,"1ª","Más de 50 años","","","",1,60,"No","No","No",23.47,"5"
8300,"3 0/",128,2,2,"1ª","Más de 50 años","","","",1,60,"No","No","No",64.84,"5"
7900,"La Vila De Gracia",264,6,4,"1ª","Más de 50 años","","","",1,60,"No","No","No",29.92,"5"
2800,"Les Corts Barrio",185,4,2,"1ª","Más de 50 años","","","",1,60,"No","No","No",15.14,"3"
8946,"Gracia La Salut",230,3,3,"1ª","Más de 50 años","","","",1,60,"No","No","No",38.9,"5"
2912,"Sarria Sant Gervasi Sarria",170,3,3,"1ª","Más de 50 años","","","",1,60,"No","No","No",17.13,"3"
4950,"6 0/",199,5,4,"1ª","Más de 50 años","","","",1,60,"No","No","No",24.87,"5"
5500,"2 0/",178,4,3,"1ª","Más de 50 años","","","",1,60,"No","No","No",30.9,"5"
6600,"El Barri Gotic",125,2,2,"1ª","Más de 50 años","","","",1,60,"No","No","No",52.8,"3"
4950,"Sarria Sant Gervasi Sarria",122,3,2,"1ª","Más de 50 años","","","",1,60,"No","No","No",40.57,"3"
7000,"La Dreta De Eixample",200,4,3,"1ª","Más de 50 años","","","",1,60,"No","No","No",35,"5"
5950,"Antiga Esquerra De Eixample",215,5,3,"1ª","Más de 50 años","","","",1,60,"No","No","No",27.67,"5"
7000,"Pedralbes",210,3,3,"1ª","Más de 50 años","","","",1,60,"No","No","No",33.33,"5"
5145,"El Besos El Maresme",85,1,2,"1ª","Más de 50 años","","","",1,60,"No","No","No",60.53,"1"
8500,"Gracia La Salut",190,3,2,"1ª","Más de 50 años","","","",1,60,"No","No","No",44.74,"5"
2250,"Verdun",70,3,1,"1ª","Más de 50 años","1","Central","",1,60,"Sí","Sí","No",32.14,"4"
4000,"Les Corts Barrio",100,3,2,"1ª","Más de 50 años","","","",1,60,"No","No","No",40,"3"
8400,"Sant Andreu Barrio",300,4,4,"1ª","Más de 50 años","","","",1,60,"No","No","No",28,"5"
5500,"Sarria Sant Gervasi Sarria",252,3,3,"1ª","Más de 50 años","","Central","",1,60,"No","Sí","No",21.83,"5"
2550,"La Dreta De Eixample",117,2,1,"1ª","Más de 50 años","","Central","",1,60,"No","Sí","No",21.79,"1"
2950,"Sarria Sant Gervasi Sarria",170,3,2,"1ª","Más de 50 años","","Central","",1,60,"No","Sí","No",17.35,"3"
2300,"El Fort Pienc",95,3,2,"1ª","Más de 50 años","","Central","",1,60,"No","Sí","No",24.21,"4"
3750,"La Dreta De Eixample",220,5,3,"1ª","Más de 50 años","","Central","",1,60,"No","Sí","No",17.05,"5"
7000,"Eixample",120,3,2,"1ª","Más de 50 años","","","",1,60,"No","No","No",58.33,"5"
3700,"Les Corts Barrio",60,2,1,"1ª","Más de 50 años","","","",1,60,"No","No","No",61.67,"1"
3500,"Eixample",50,1,1,"1ª","Más de 50 años","","","",1,60,"No","No","No",70,"2"
3800,"Eixample",80,2,2,"1ª","Más de 50 años","","","",1,60,"No","No","No",47.5,"1"
3500,"Ciutat Vella",40,1,1,"1ª","Más de 50 años","","","",1,60,"No","No","No",87.5,"2"
4200,"Ciutat Vella",96,3,2,"1ª","Más de 50 años","","","",1,60,"No","No","No",43.75,"3"
3700,"Sant Marti",60,2,1,"1ª","Más de 50 años","","","",1,60,"No","No","No",61.67,"1"
3500,"Ciutat Vella",45,1,1,"1ª","Más de 50 años","","","",1,60,"No","No","No",77.78,"2"
3900,"Les Corts Barrio",120,3,2,"7ª","Entre 30 y 50 años","","","",7,40,"No","No","No",32.5,"3"
4700,"La Dreta De Eixample",260,3,3,"1ª","Más de 50 años","1","Central","Cocina equipada",1,60,"Sí","Sí","Sí",18.08,"5"
8000,"Sant Pere Santa Caterina La Ribera",209,3,3,"2ª","Más de 50 años","","","",2,60,"No","No","No",38.28,"5"
4250,"La Dreta De Eixample",60,1,2,"4ª","Más de 50 años","","","",4,60,"No","No","No",70.83,"2"
6150,"Pedralbes",85,3,2,"8ª","Más de 50 años","","","",8,60,"No","No","No",72.35,"3"
1500,"El Guinardo",44,1,1,"1ª","Más de 50 años","","","",1,60,"No","No","No",34.09,"2"
2500,"El Camp En Grassot Gracia Nova",125,3,2,"1ª","Más de 50 años","","Central","",1,60,"No","Sí","No",20,"3"
1500,"El Barri Gotic",80,3,1,"1ª","Más de 50 años","","","",1,60,"No","No","No",18.75,"4"
1500,"Sant Andreu La Sagrera",45,1,1,"1ª","Más de 50 años","","","",1,60,"No","No","No",33.33,"2"
1600,"El Raval",60,2,1,"1ª","Más de 50 años","","","",1,60,"No","No","No",26.67,"1"
1300,"El Barri Gotic",50,2,1,"1ª","Más de 50 años","","","",1,60,"No","No","No",26,"1"
3700,"Les Corts Barrio",60,2,1,"1ª","Más de 50 años","","","",1,60,"No","No","No",61.67,"1"
4200,"Ciutat Vella",140,3,2,"1ª","Más de 50 años","","","",1,60,"No","No","No",30,"3"
3700,"Sant Marti",100,2,1,"1ª","Más de 50 años","","","",1,60,"No","No","No",37,"1"
1650,"Vallvidrera El Tibidabo Les Planes",62,2,1,"1ª","Más de 50 años","","","",1,60,"No","No","No",26.61,"1"
1500,"El Carmel",75,1,1,"1ª","Más de 50 años","","","",1,60,"No","No","No",20,"2"
1950,"El Putxet El Farro",50,1,1,"1ª","Más de 50 años","","","",1,60,"No","No","No",39,"2"
1887,"Estudio La Vila De Gracia",50,3,1,"1ª","Más de 50 años","1","Central","Cocina equipada",1,60,"Sí","Sí","Sí",37.74,"4"
3500,"Sant Andreu",50,1,1,"1ª","Más de 50 años","","","",1,60,"No","No","No",70,"2"
2600,"Antiga Esquerra De Eixample",85,2,2,"1ª","Más de 50 años","","","",1,60,"No","No","No",30.59,"1"
1520,"Sant Gervasi Galvany",25,1,1,"1ª","Más de 50 años","","","",1,60,"No","No","No",60.8,"2"
1350,"Ciutat Vella La Barceloneta",40,1,1,"1ª","Más de 50 años","","","",1,60,"No","No","No",33.75,"2"
1600,"El Clot",45,2,1,"1ª","Más de 50 años","","","",1,60,"No","No","No",35.56,"1"
7000,"La Dreta De Eixample",75,3,5,"1ª","Más de 50 años","1","Central","Cocina equipada",1,60,"Sí","Sí","Sí",93.33,"3"
3500,"La Dreta De Eixample",130,3,3,"1ª","Más de 50 años","","","",1,60,"No","No","No",26.92,"3"
4700,"La Dreta De Eixample",190,4,3,"1ª","Más de 50 años","","","",1,60,"No","No","No",24.74,"5"
11000,"La Dreta De Eixample",220,5,4,"1ª","Más de 50 años","","","",1,60,"No","No","No",50,"5"
4194,"La Dreta De Eixample",208,3,2,"1ª","Más de 50 años","","","",1,60,"No","No","No",20.16,"3"
2755,"La Dreta De Eixample",117,3,2,"1ª","Más de 50 años","","","",1,60,"No","No","No",23.55,"3"
7500,"Sant Pere Santa Caterina La Ribera",300,2,2,"1ª","Más de 50 años","","","",1,60,"No","No","No",25,"5"
1550,"Sant Marti El Poblenou",30,1,1,"1ª","Más de 50 años","","","",1,60,"No","No","No",51.67,"2"
6000,"La Dreta De Eixample",238,5,4,"1ª","Más de 50 años","","","",1,60,"No","No","No",25.21,"5"
3500,"La Dreta De Eixample",210,3,3,"1ª","Más de 50 años","","","",1,60,"No","No","No",16.67,"3"
1990,"Sant Marti El Poblenou",110,1,2,"1ª","Más de 50 años","","","",1,60,"No","No","No",18.09,"2"
6500,"Sant Marti",175,3,2,"1ª","Más de 50 años","","","",1,60,"No","No","No",37.14,"5"
3500,"Estudio Eixample",31,3,1,"1ª","Más de 50 años","","","",1,60,"No","No","No",112.9,"4"
3700,"Les Corts Barrio",80,2,1,"1ª","Más de 50 años","","","",1,60,"No","No","No",46.25,"1"
3700,"Eixample",100,2,1,"1ª","Más de 50 años","","","",1,60,"No","No","No",37,"1"
4400,"Eixample",94,4,1,"1ª","Más de 50 años","","","",1,60,"No","No","No",46.81,"3"
4200,"Eixample",130,3,2,"1ª","Más de 50 años","","","",1,60,"No","No","No",32.31,"3"
3800,"El Putxet El Farro",74,2,2,"1ª","Más de 50 años","","","",1,60,"No","No","No",51.35,"1"
3500,"Eixample",60,1,1,"1ª","Más de 50 años","","","",1,60,"No","No","No",58.33,"2"
3500,"Eixample",60,1,1,"1ª","Más de 50 años","","","",1,60,"No","No","No",58.33,"2"
3500,"Eixample",90,1,1,"1ª","Más de 50 años","","","",1,60,"No","No","No",38.89,"2"
3800,"Eixample",80,2,2,"1ª","Más de 50 años","","","",1,60,"No","No","No",47.5,"1"
3700,"Eixample",80,2,1,"1ª","Más de 50 años","","","",1,60,"No","No","No",46.25,"1"
4200,"Eixample",120,3,2,"1ª","Más de 50 años","","","",1,60,"No","No","No",35,"3"
4200,"Nou Barris",120,3,2,"1ª","Más de 50 años","","","",1,60,"No","No","No",35,"3"
3800,"El Putxet El Farro",80,2,2,"1ª","Más de 50 años","","","",1,60,"No","No","No",47.5,"1"
4000,"Eixample",70,3,1,"1ª","Más de 50 años","","","",1,60,"No","No","No",57.14,"3"
3800,"Eixample",91,2,2,"1ª","Más de 50 años","","","",1,60,"No","No","No",41.76,"1"
3800,"Ciutat Vella",130,2,2,"1ª","Más de 50 años","","","",1,60,"No","No","No",29.23,"1"
4200,"Sant Marti",91,3,2,"1ª","Más de 50 años","","","",1,60,"No","No","No",46.15,"3"
3600,"El Putxet El Farro",80,1,2,"1ª","Más de 50 años","","","",1,60,"No","No","No",45,"2"
3800,"Sant Marti",119,2,2,"1ª","Más de 50 años","","","",1,60,"No","No","No",31.93,"1"
3700,"Eixample",75,2,1,"1ª","Más de 50 años","","","",1,60,"No","No","No",49.33,"1"
3800,"El Putxet El Farro",110,2,2,"1ª","Más de 50 años","","","",1,60,"No","No","No",34.55,"1"
3700,"Eixample",100,2,1,"1ª","Más de 50 años","","","",1,60,"No","No","No",37,"1"
4500,"Sarria Sant Gervasi Sarria",130,4,2,"1ª","Más de 50 años","","","",1,60,"No","No","No",34.62,"3"
4200,"Eixample",120,3,2,"1ª","Más de 50 años","","","",1,60,"No","No","No",35,"3"
3800,"Eixample",91,2,2,"1ª","Más de 50 años","","","",1,60,"No","No","No",41.76,"1"
3800,"Eixample",74,2,2,"1ª","Más de 50 años","","","",1,60,"No","No","No",51.35,"1"
4200,"Eixample",150,3,2,"1ª","Más de 50 años","","","",1,60,"No","No","No",28,"3"
7000,"9 0/",210,4,4,"1ª","Más de 50 años","","","",1,60,"No","No","No",33.33,"5"
3630,"0 0/",115,3,2,"1ª","Más de 50 años","","","",1,60,"No","No","No",31.57,"3"
1500,"Estudio El Raval",40,3,1,"1ª","Más de 50 años","","","",1,60,"No","No","No",37.5,"4"
1500,"Estudio El Fort Pienc",40,3,1,"1ª","Más de 50 años","","","",1,60,"No","No","No",37.5,"4"
1100,"Estudio La Vila De Gracia",20,3,1,"1ª","Más de 50 años","","","",1,60,"No","No","No",55,"4"
1200,"Estudio El Raval",29,3,1,"1ª","Más de 50 años","","","",1,60,"No","No","No",41.38,"4"
1500,"Estudio La Vila De Gracia",27,3,1,"1ª","Más de 50 años","","Central","",1,60,"No","Sí","No",55.56,"4"
1500,"Sant Andreu Barrio",43,1,1,"1ª","Más de 50 años","","","",1,60,"No","No","No",34.88,"2"
3700,"Ciutat Vella",80,2,1,"1ª","Más de 50 años","","","",1,60,"No","No","No",46.25,"1"
2300,"4 0/",97,3,1,"1ª","Más de 50 años","","","",1,60,"No","No","No",23.71,"4"
3300,"3 0/",75,5,3,"1ª","Más de 50 años","","","",1,60,"No","No","No",44,"3"
1950,"9 0/",75,4,2,"1ª","Más de 50 años","","","",1,60,"No","No","No",26,"4"
2300,"3 0/",75,2,2,"1ª","Más de 50 años","","","",1,60,"No","No","No",30.67,"1"
3840,"4 0/",75,6,3,"1ª","Más de 50 años","","","",1,60,"No","No","No",51.2,"3"
1820,"1 0/",90,2,2,"1ª","Más de 50 años","","","",1,60,"No","No","No",20.22,"1"
2600,"0 0/",100,4,2,"1ª","Más de 50 años","","","",1,60,"No","No","No",26,"3"
2500,"9 0/",75,4,2,"1ª","Más de 50 años","","","",1,60,"No","No","No",33.33,"4"
1600,"9 0/",75,2,1,"1ª","Más de 50 años","","","",1,60,"No","No","No",21.33,"1"
6100,"2 0/",240,3,3,"1ª","Más de 50 años","","","",1,60,"No","No","No",25.42,"5"
2250,"8 0/",85,1,1,"1ª","Más de 50 años","","","",1,60,"No","No","No",26.47,"2"
2700,"0 0/",89,4,1,"1ª","Más de 50 años","","","",1,60,"No","No","No",30.34,"3"
2950,"4 0/",129,2,2,"1ª","Más de 50 años","","","",1,60,"No","No","No",22.87,"1"
2000,"9 0/",79,2,1,"1ª","Más de 50 años","","","",1,60,"No","No","No",25.32,"1"
3900,"7 0/",138,3,4,"1ª","Más de 50 años","","","",1,60,"No","No","No",28.26,"3"
2600,"7 0/",117,2,2,"1ª","Más de 50 años","","","",1,60,"No","No","No",22.22,"1"
1850,"8 0/",75,3,1,"1ª","Más de 50 años","","","",1,60,"No","No","No",24.67,"4"
2750,"4 0/",130,4,1,"1ª","Más de 50 años","","","",1,60,"No","No","No",21.15,"3"
1700,"1 0/",75,2,1,"1ª","Más de 50 años","","","",1,60,"No","No","No",22.67,"1"
1350,"0 0/",40,1,1,"1ª","Más de 50 años","","","",1,60,"No","No","No",33.75,"2"
2500,"5 0/",60,1,1,"1ª","Más de 50 años","","","",1,60,"No","No","No",41.67,"2"
2000,"0 0/",70,1,1,"1ª","Más de 50 años","","","",1,60,"No","No","No",28.57,"2"
2200,"3 0/",185,3,2,"1ª","Más de 50 años","","","",1,60,"No","No","No",11.89,"3"
2180,"3 0/",75,3,2,"1ª","Más de 50 años","","","",1,60,"No","No","No",29.07,"4"
2320,"7 0/",140,4,2,"1ª","Más de 50 años","","","",1,60,"No","No","No",16.57,"3"
2200,"3 0/",75,2,2,"1ª","Más de 50 años","","","",1,60,"No","No","No",29.33,"1"
1625,"6 0/",75,3,2,"1ª","Más de 50 años","","","",1,60,"No","No","No",21.67,"4"
1575,"7 0/",75,1,1,"1ª","Más de 50 años","","","",1,60,"No","No","No",21,"2"
2800,"5 0/",75,4,2,"1ª","Más de 50 años","","","",1,60,"No","No","No",37.33,"3"
2500,"8 0/",75,2,2,"1ª","Más de 50 años","","","",1,60,"No","No","No",33.33,"1"
1600,"5 0/",71,2,1,"1ª","Más de 50 años","","","",1,60,"No","No","No",22.54,"1"
1650,"8 0/",60,1,2,"1ª","Más de 50 años","","","",1,60,"No","No","No",27.5,"2"
2780,"7 0/",160,5,2,"1ª","Más de 50 años","","","",1,60,"No","No","No",17.38,"3"
3000,"3 0/",75,2,2,"1ª","Más de 50 años","","","",1,60,"No","No","No",40,"1"
2200,"0 0/",75,3,2,"1ª","Más de 50 años","","","",1,60,"No","No","No",29.33,"4"
2100,"7 0/",75,3,2,"1ª","Más de 50 años","","","",1,60,"No","No","No",28,"4"
2199,"9 0/",81,4,1,"1ª","Más de 50 años","","","",1,60,"No","No","No",27.15,"4"
2700,"8 0/",123,4,2,"1ª","Más de 50 años","","","",1,60,"No","No","No",21.95,"3"
2800,"5 0/",160,2,2,"1ª","Más de 50 años","","","",1,60,"No","No","No",17.5,"1"
1550,"6 0/",75,2,2,"1ª","Más de 50 años","","","",1,60,"No","No","No",20.67,"1"
2000,"5 0/",75,3,1,"1ª","Más de 50 años","","","",1,60,"No","No","No",26.67,"4"
2500,"2 0/",151,3,2,"1ª","Más de 50 años","","","",1,60,"No","No","No",16.56,"3"
2300,"4 0/",75,2,2,"1ª","Más de 50 años","","","",1,60,"No","No","No",30.67,"1"
3500,"9 0/",75,3,2,"1ª","Más de 50 años","","","",1,60,"No","No","No",46.67,"3"
2350,"7 0/",75,3,1,"1ª","Más de 50 años","","","",1,60,"No","No","No",31.33,"4"
2200,"7 0/",140,3,2,"1ª","Más de 50 años","","","",1,60,"No","No","No",15.71,"3"
1750,"4 0/",57,1,2,"1ª","Más de 50 años","","","",1,60,"No","No","No",30.7,"2"
2500,"9 0/",75,2,1,"1ª","Más de 50 años","","","",1,60,"No","No","No",33.33,"1"
4160,"7 0/",240,3,3,"1ª","Más de 50 años","","","",1,60,"No","No","No",17.33,"5"
2500,"7 0/",75,2,2,"1ª","Más de 50 años","","","",1,60,"No","No","No",33.33,"1"
2790,"0 0/",230,2,2,"1ª","Más de 50 años","","","",1,60,"No","No","No",12.13,"3"
1880,"0 0/",95,2,1,"1ª","Más de 50 años","","","",1,60,"No","No","No",19.79,"1"
1890,"3 0/",75,1,2,"1ª","Más de 50 años","","","",1,60,"No","No","No",25.2,"2"
5000,"1 0/",75,4,3,"1ª","Más de 50 años","","","",1,60,"No","No","No",66.67,"3"
3400,"1 0/",195,6,3,"1ª","Más de 50 años","","","",1,60,"No","No","No",17.44,"5"
2100,"5 0/",75,3,1,"1ª","Más de 50 años","","","",1,60,"No","No","No",28,"4"
2140,"6 0/",75,4,2,"1ª","Más de 50 años","","","",1,60,"No","No","No",28.53,"4"
1500,"5 0/",45,1,1,"1ª","Más de 50 años","","","",1,60,"No","No","No",33.33,"2"
1800,"7 0/",65,2,2,"1ª","Más de 50 años","","","",1,60,"No","No","No",27.69,"1"
3000,"1 0/",75,3,2,"1ª","Más de 50 años","","","",1,60,"No","No","No",40,"4"
3000,"6 0/",75,2,1,"1ª","Más de 50 años","","","",1,60,"No","No","No",40,"1"
2400,"9 0/",127,3,2,"1ª","Más de 50 años","","","",1,60,"No","No","No",18.9,"3"
2900,"7 0/",75,1,1,"1ª","Más de 50 años","","","",1,60,"No","No","No",38.67,"2"
1200,"5 0/",75,1,1,"1ª","Más de 50 años","","","",1,60,"No","No","No",16,"2"
2350,"6 0/",146,2,2,"1ª","Más de 50 años","","","",1,60,"No","No","No",16.1,"1"
3000,"8 0/",240,3,3,"1ª","Más de 50 años","","","",1,60,"No","No","No",12.5,"3"
2250,"4 0/",100,3,2,"1ª","Más de 50 años","","","",1,60,"No","No","No",22.5,"3"
3000,"2 0/",185,3,2,"1ª","Más de 50 años","","","",1,60,"No","No","No",16.22,"3"
1700,"9 0/",75,2,1,"1ª","Más de 50 años","","","",1,60,"No","No","No",22.67,"1"
2200,"0 0/",185,4,2,"1ª","Más de 50 años","","","",1,60,"No","No","No",11.89,"3"
1000,"Estudio El Barri Gotic",28,3,1,"1ª","Más de 50 años","","","",1,60,"No","No","No",35.71,"4"
1400,"1 0/",75,2,1,"1ª","Más de 50 años","","","",1,60,"No","No","No",18.67,"1"
2600,"4 0/",75,3,1,"1ª","Más de 50 años","","","",1,60,"No","No","No",34.67,"4"
2600,"8 0/",75,3,1,"1ª","Más de 50 años","","","",1,60,"No","No","No",34.67,"4"
2600,"2 0/",75,3,1,"1ª","Más de 50 años","","","",1,60,"No","No","No",34.67,"4"
2600,"5 0/",75,4,2,"1ª","Más de 50 años","","","",1,60,"No","No","No",34.67,"4"
2120,"5 0/",80,3,2,"1ª","Más de 50 años","","","",1,60,"No","No","No",26.5,"4"
2500,"5 0/",75,2,1,"1ª","Más de 50 años","","","",1,60,"No","No","No",33.33,"1"
1870,"Ciutat Vella La Barceloneta",85,3,2,"1ª","Más de 50 años","","Central","",1,60,"No","Sí","No",22,"4"
1400,"Sants Badal",35,3,2,"1ª","Más de 50 años","","","",1,60,"No","No","No",40,"4"
2800,"El Raval",91,3,2,"1ª","Más de 50 años","","","",1,60,"No","No","No",30.77,"3"
1800,"Ciutat Vella La Barceloneta",36,3,2,"1ª","Más de 50 años","","","",1,60,"No","No","No",50,"4"
2300,"Sant Marti El Poblenou",70,3,2,"1ª","Más de 50 años","","","",1,60,"No","No","No",32.86,"4"
2000,"Ciutat Vella La Barceloneta",45,3,2,"1ª","Más de 50 años","","","",1,60,"No","No","No",44.44,"4"
3000,"La Nova Esquerra De Eixample",123,3,2,"1ª","Más de 50 años","","","",1,60,"No","No","No",24.39,"3"
2000,"Eixample Sant Antoni",65,3,2,"1ª","Más de 50 años","","","",1,60,"No","No","No",30.77,"4"
2062,"Vilapicina La Torre Llobeta",75,3,2,"1ª","Más de 50 años","","Central","",1,60,"No","Sí","No",27.49,"4"
2000,"El Fort Pienc",25,3,2,"1ª","Más de 50 años","","Central","",1,60,"No","Sí","No",80,"4"
3714,"Sant Marti El Poblenou",90,3,2,"1ª","Más de 50 años","","","",1,60,"No","No","No",41.27,"3"
1800,"El Fort Pienc",40,3,2,"1ª","Más de 50 años","","","",1,60,"No","No","No",45,"4"
2940,"El Barri Gotic",80,3,2,"1ª","Más de 50 años","","Central","",1,60,"No","Sí","No",36.75,"4"
2935,"La Nova Esquerra De Eixample",90,3,2,"1ª","Más de 50 años","","Central","",1,60,"No","Sí","No",32.61,"3"
2700,"Provencals Del Poblenou",80,3,2,"1ª","Más de 50 años","","","",1,60,"No","No","No",33.75,"4"
2430,"Eixample Sant Antoni",72,3,2,"1ª","Más de 50 años","","","",1,60,"No","No","No",33.75,"4"
2000,"La Sagrada Familia",110,3,2,"1ª","Más de 50 años","","","",1,60,"No","No","No",18.18,"3"
1194,"El Besos El Maresme",13,3,2,"1ª","Más de 50 años","","Central","",1,60,"No","Sí","No",91.85,"4"
1573,"El Besos El Maresme",24,3,2,"1ª","Más de 50 años","","Central","",1,60,"No","Sí","No",65.54,"4"
1085,"El Besos El Maresme",12,3,2,"1ª","Más de 50 años","","Central","",1,60,"No","Sí","No",90.42,"4"
2600,"Provencals Del Poblenou",75,3,2,"1ª","Más de 50 años","","","",1,60,"No","No","No",34.67,"4"
2750,"La Vila Olimpica Del Poblenou",65,3,2,"1ª","Más de 50 años","","Central","",1,60,"No","Sí","No",42.31,"4"
2000,"Sant Andreu Navas",85,3,2,"1ª","Más de 50 años","","","",1,60,"No","No","No",23.53,"4"
1800,"El Fort Pienc",40,3,2,"1ª","Más de 50 años","","","",1,60,"No","No","No",45,"4"
2700,"El Raval",62,3,2,"1ª","Más de 50 años","","Central","",1,60,"No","Sí","No",43.55,"4"
2400,"La Vila De Gracia",75,3,2,"1ª","Más de 50 años","","","",1,60,"No","No","No",32,"4"
2350,"El Raval",40,3,2,"1ª","Más de 50 años","","","",1,60,"No","No","No",58.75,"4"
1970,"El Barri Gotic",70,3,2,"1ª","Más de 50 años","","Central","",1,60,"No","Sí","No",28.14,"4"
2600,"El Putxet El Farro",110,3,2,"1ª","Más de 50 años","","","",1,60,"No","No","No",23.64,"3"
2950,"El Camp De Arpa Del Clot",100,3,2,"1ª","Más de 50 años","","","",1,60,"No","No","No",29.5,"3"
2333,"El Raval",85,3,2,"1ª","Más de 50 años","","","",1,60,"No","No","No",27.45,"4"
1500,"Estudio El Fort Pienc",27,3,1,"1ª","Más de 50 años","","","",1,60,"No","No","No",55.56,"4"
1100,"Estudio El Fort Pienc",18,3,1,"1ª","Más de 50 años","","","",1,60,"No","No","No",61.11,"4"
1500,"Estudio El Fort Pienc",40,3,1,"1ª","Más de 50 años","","","",1,60,"No","No","No",37.5,"4"
1630,"Estudio El Camp De Arpa Del Clot",28,3,1,"1ª","Más de 50 años","","","",1,60,"No","No","No",58.21,"4"
1650,"Sant Andreu La Sagrera",50,2,1,"1ª","Más de 50 años","","","",1,60,"No","No","No",33,"1"
1100,"Eixample Sant Antoni",29,3,2,"1ª","Más de 50 años","","Central","",1,60,"No","Sí","No",37.93,"4"
2100,"0 0/",75,3,1,"1ª","Más de 50 años","","","",1,60,"No","No","No",28,"4"
1750,"6 0/",75,2,1,"1ª","Más de 50 años","","","",1,60,"No","No","No",23.33,"1"
3500,"2 0/",75,3,2,"1ª","Más de 50 años","","","",1,60,"No","No","No",46.67,"3"
1750,"2 0/",75,2,1,"1ª","Más de 50 años","","","",1,60,"No","No","No",23.33,"1"
1500,"3 0/",75,2,1,"1ª","Más de 50 años","","","",1,60,"No","No","No",20,"1"
2000,"5 0/",120,3,2,"1ª","Más de 50 años","","","",1,60,"No","No","No",16.67,"3"
1750,"3 0/",85,3,2,"1ª","Más de 50 años","","","",1,60,"No","No","No",20.59,"4"
1900,"La Sagrada Familia",55,3,2,"1ª","Más de 50 años","","","",1,60,"No","No","No",34.55,"4"
3000,"El Putxet El Farro",140,3,2,"1ª","Más de 50 años","","Central","",1,60,"No","Sí","No",21.43,"3"
2000,"Eixample Sant Antoni",70,3,2,"1ª","Más de 50 años","","","",1,60,"No","No","No",28.57,"4"
2050,"Eixample Sant Antoni",70,3,2,"1ª","Más de 50 años","","","",1,60,"No","No","No",29.29,"4"
1890,"8 0/",75,2,2,"1ª","Más de 50 años","","","",1,60,"No","No","No",25.2,"1"
850,"Estudio El Baix Guinardo",40,3,1,"Bajo","Más de 50 años","","","",0,60,"No","No","No",21.25,"4"
1800,"El Raval",45,3,2,"1ª","Más de 50 años","","","",1,60,"No","No","No",40,"4"
1650,"El Raval",45,3,2,"1ª","Más de 50 años","","","",1,60,"No","No","No",36.67,"4"
1670,"Sant Pere Santa Caterina La Ribera",85,3,2,"1ª","Más de 50 años","","","",1,60,"No","No","No",19.65,"4"
1369,"El Raval",67,3,2,"1ª","Más de 50 años","","Central","",1,60,"No","Sí","No",20.43,"4"
1110,"El Raval",30,3,2,"1ª","Más de 50 años","","","",1,60,"No","No","No",37,"4"
1500,"El Fort Pienc",33,3,2,"1ª","Más de 50 años","","","",1,60,"No","No","No",45.45,"4"
1200,"El Raval",47,3,2,"1ª","Más de 50 años","","Central","",1,60,"No","Sí","No",25.53,"4"
1533,"Sant Pere Santa Caterina La Ribera",72,3,2,"1ª","Más de 50 años","","Central","",1,60,"No","Sí","No",21.29,"4"
2000,"Sant Pere Santa Caterina La Ribera",87,3,2,"1ª","Más de 50 años","","","",1,60,"No","No","No",22.99,"4"
1343,"El Poble Sec",69,3,2,"1ª","Más de 50 años","","","",1,60,"No","No","No",19.46,"4"
1700,"El Clot",70,3,2,"1ª","Más de 50 años","","Central","",1,60,"No","Sí","No",24.29,"4"
1923,"El Raval",119,3,2,"1ª","Más de 50 años","","","",1,60,"No","No","No",16.16,"3"
1190,"Sant Pere Santa Caterina La Ribera",55,3,2,"1ª","Más de 50 años","","","",1,60,"No","No","No",21.64,"4"
2780,"Sant Marti El Poblenou",129,3,2,"1ª","Más de 50 años","","","",1,60,"No","No","No",21.55,"3"
1923,"El Raval",119,3,2,"1ª","Más de 50 años","","","",1,60,"No","No","No",16.16,"3"
1849,"El Barri Gotic",69,3,2,"1ª","Más de 50 años","","Central","",1,60,"No","Sí","No",26.8,"4"
2000,"El Fort Pienc",25,3,2,"1ª","Más de 50 años","","Central","",1,60,"No","Sí","No",80,"4"
1946,"El Barri Gotic",78,3,2,"1ª","Más de 50 años","","Central","",1,60,"No","Sí","No",24.95,"4"
2480,"Sant Pere Santa Caterina La Ribera",120,3,2,"1ª","Más de 50 años","","","",1,60,"No","No","No",20.67,"3"
2310,"El Barri Gotic",130,3,2,"1ª","Más de 50 años","","","",1,60,"No","No","No",17.77,"3"
1720,"El Camp De Arpa Del Clot",80,3,2,"1ª","Más de 50 años","","","",1,60,"No","No","No",21.5,"4"
2300,"El Barri Gotic",130,3,2,"1ª","Más de 50 años","","Central","",1,60,"No","Sí","No",17.69,"3"
2200,"El Barri Gotic",130,3,2,"1ª","Más de 50 años","","","",1,60,"No","No","No",16.92,"3"
1260,"El Raval",83,3,2,"1ª","Más de 50 años","","Central","",1,60,"No","Sí","No",15.18,"4"
1110,"El Raval",40,3,2,"1ª","Más de 50 años","","","",1,60,"No","No","No",27.75,"4"
1355,"Sant Pere Santa Caterina La Ribera",50,3,2,"1ª","Más de 50 años","","","",1,60,"No","No","No",27.1,"4"
945,"El Raval",30,3,2,"1ª","Más de 50 años","","","",1,60,"No","No","No",31.5,"4"
1490,"El Raval",65,3,2,"1ª","Más de 50 años","","","",1,60,"No","No","No",22.92,"4"
1800,"El Raval",97,3,2,"1ª","Más de 50 años","","","",1,60,"No","No","No",18.56,"4"
1140,"El Raval",40,3,2,"1ª","Más de 50 años","","","",1,60,"No","No","No",28.5,"4"
1640,"Sants Montjuic Hostafrancs",45,3,2,"1ª","Más de 50 años","","","",1,60,"No","No","No",36.44,"4"
900,"El Raval",30,3,2,"1ª","Más de 50 años","","","",1,60,"No","No","No",30,"4"
1490,"El Raval",65,3,2,"1ª","Más de 50 años","","","",1,60,"No","No","No",22.92,"4"
1490,"El Raval",65,3,2,"1ª","Más de 50 años","","","",1,60,"No","No","No",22.92,"4"
2200,"El Barri Gotic",130,3,2,"1ª","Más de 50 años","","","",1,60,"No","No","No",16.92,"3"
990,"El Raval",40,3,2,"1ª","Más de 50 años","","","",1,60,"No","No","No",24.75,"4"
1110,"El Raval",30,3,2,"1ª","Más de 50 años","","","",1,60,"No","No","No",37,"4"
1399,"El Raval",26,3,2,"1ª","Más de 50 años","","","",1,60,"No","No","No",53.81,"4"
850,"Sants Montjuic Sants",25,3,2,"1ª","Más de 50 años","","","",1,60,"No","No","No",34,"4"
2300,"El Poble Sec",55,3,2,"1ª","Más de 50 años","","","",1,60,"No","No","No",41.82,"4"
2700,"Sant Gervasi Galvany",55,3,2,"1ª","Más de 50 años","","","",1,60,"No","No","No",49.09,"4"
2140,"El Barri Gotic",69,3,2,"1ª","Más de 50 años","","Central","",1,60,"No","Sí","No",31.01,"4"
2199,"Gracia La Salut",60,3,2,"1ª","Más de 50 años","","","",1,60,"No","No","No",36.65,"4"
1610,"Sant Pere Santa Caterina La Ribera",80,3,2,"1ª","Más de 50 años","","","",1,60,"No","No","No",20.12,"4"
1349,"Sants Montjuic Sants",52,3,2,"1ª","Más de 50 años","","","",1,60,"No","No","No",25.94,"4"
1500,"Sants Montjuic La Bordeta",74,3,2,"1ª","Más de 50 años","","","",1,60,"No","No","No",20.27,"4"
1660,"El Raval",70,3,2,"1ª","Más de 50 años","","","",1,60,"No","No","No",23.71,"4"
2550,"Eixample Sant Antoni",120,3,2,"1ª","Más de 50 años","","","",1,60,"No","No","No",21.25,"3"
1490,"Sants Montjuic Hostafrancs",50,3,2,"1ª","Más de 50 años","","","",1,60,"No","No","No",29.8,"4"
1480,"La Dreta De Eixample",20,3,2,"1ª","Más de 50 años","","","",1,60,"No","No","No",74,"4"
1474,"Sants Montjuic Sants",45,3,2,"1ª","Más de 50 años","","","",1,60,"No","No","No",32.76,"4"
1550,"El Barri Gotic",55,3,2,"1ª","Más de 50 años","","Central","",1,60,"No","Sí","No",28.18,"4"
1900,"La Dreta De Eixample",40,3,2,"1ª","Más de 50 años","","","",1,60,"No","No","No",47.5,"4"
2000,"El Poble Sec",53,3,2,"1ª","Más de 50 años","","","",1,60,"No","No","No",37.74,"4"
1900,"El Poble Sec",49,3,2,"1ª","Más de 50 años","","","",1,60,"No","No","No",38.78,"4"
1700,"El Poble Sec",36,3,2,"1ª","Más de 50 años","","","",1,60,"No","No","No",47.22,"4"
2060,"El Camp En Grassot Gracia Nova",50,3,2,"1ª","Más de 50 años","","","",1,60,"No","No","No",41.2,"4"
1900,"El Poble Sec",49,3,2,"1ª","Más de 50 años","","","",1,60,"No","No","No",38.78,"4"
2000,"El Fort Pienc",48,3,2,"1ª","Más de 50 años","","","",1,60,"No","No","No",41.67,"4"
2005,"La Sagrada Familia",75,3,2,"1ª","Más de 50 años","","","",1,60,"No","No","No",26.73,"4"
2100,"Sant Marti El Poblenou",47,3,2,"1ª","Más de 50 años","","","",1,60,"No","No","No",44.68,"4"
2046,"La Sagrada Familia",69,3,2,"1ª","Más de 50 años","","","",1,60,"No","No","No",29.65,"4"
2000,"Sant Marti El Poblenou",46,3,2,"1ª","Más de 50 años","","","",1,60,"No","No","No",43.48,"4"
3000,"La Vila De Gracia",85,3,2,"1ª","Más de 50 años","","","",1,60,"No","No","No",35.29,"3"
2200,"El Poble Sec",53,3,2,"1ª","Más de 50 años","","","",1,60,"No","No","No",41.51,"4"
3000,"La Vila De Gracia",85,3,2,"1ª","Más de 50 años","","","",1,60,"No","No","No",35.29,"3"
2156,"El Camp En Grassot Gracia Nova",51,3,2,"1ª","Más de 50 años","","","",1,60,"No","No","No",42.27,"4"
1595,"El Besos El Maresme",32,3,2,"1ª","Más de 50 años","","","",1,60,"No","No","No",49.84,"4"
1950,"La Vila De Gracia",109,3,2,"1ª","Más de 50 años","","Central","",1,60,"No","Sí","No",17.89,"3"
2000,"El Poble Sec",53,3,2,"1ª","Más de 50 años","","","",1,60,"No","No","No",37.74,"4"
2400,"El Raval",70,3,2,"1ª","Más de 50 años","","","",1,60,"No","No","No",34.29,"4"
1950,"La Vila De Gracia",109,3,2,"1ª","Más de 50 años","","Central","",1,60,"No","Sí","No",17.89,"3"
2500,"Sant Pere Santa Caterina La Ribera",50,3,2,"1ª","Más de 50 años","","Central","",1,60,"No","Sí","No",50,"4"
4000,"Sant Pere Santa Caterina La Ribera",85,3,2,"1ª","Más de 50 años","","Central","",1,60,"No","Sí","No",47.06,"3"
1450,"La Vila De Gracia",55,3,2,"1ª","Más de 50 años","","","",1,60,"No","No","No",26.36,"4"
2200,"El Raval",30,3,2,"1ª","Más de 50 años","","","",1,60,"No","No","No",73.33,"4"
1450,"El Barri Gotic",75,3,2,"1ª","Más de 50 años","","","",1,60,"No","No","No",19.33,"4"
1610,"Sants Montjuic Hostafrancs",25,3,2,"1ª","Más de 50 años","","Central","",1,60,"No","Sí","No",64.4,"4"
950,"Sants Montjuic Hostafrancs",50,3,2,"1ª","Más de 50 años","","","",1,60,"No","No","No",19,"4"
950,"Sants Montjuic Hostafrancs",25,3,2,"1ª","Más de 50 años","","","",1,60,"No","No","No",38,"4"
1800,"Eixample Sant Antoni",50,3,2,"1ª","Más de 50 años","","","",1,60,"No","No","No",36,"4"
1265,"El Besos El Maresme",18,3,2,"1ª","Más de 50 años","","","",1,60,"No","No","No",70.28,"4"
1565,"El Besos El Maresme",32,3,2,"1ª","Más de 50 años","","","",1,60,"No","No","No",48.91,"4"
1225,"El Besos El Maresme",18,3,2,"1ª","Más de 50 años","","","",1,60,"No","No","No",68.06,"4"
1550,"La Vila De Gracia",78,3,2,"1ª","Más de 50 años","","Central","",1,60,"No","Sí","No",19.87,"4"
3150,"Antiga Esquerra De Eixample",65,3,2,"1ª","Más de 50 años","","","",1,60,"No","No","No",48.46,"4"
1814,"Sant Pere Santa Caterina La Ribera",41,3,2,"1ª","Más de 50 años","","Central","",1,60,"No","Sí","No",44.24,"4"
1800,"El Fort Pienc",40,3,2,"1ª","Más de 50 años","","","",1,60,"No","No","No",45,"4"
2000,"La Sagrada Familia",75,3,2,"1ª","Más de 50 años","","","",1,60,"No","No","No",26.67,"4"
2400,"La Dreta De Eixample",110,3,2,"1ª","Más de 50 años","","","",1,60,"No","No","No",21.82,"3"
1900,"Ciutat Vella La Barceloneta",60,3,2,"1ª","Más de 50 años","","","",1,60,"No","No","No",31.67,"4"
2100,"El Parc La Llacuna Del Poblenou",55,3,2,"1ª","Más de 50 años","","","",1,60,"No","No","No",38.18,"4"
3000,"La Nova Esquerra De Eixample",109,3,2,"1ª","Más de 50 años","","Central","",1,60,"No","Sí","No",27.52,"3"
3150,"Antiga Esquerra De Eixample",65,3,2,"1ª","Más de 50 años","","","",1,60,"No","No","No",48.46,"4"
2357,"El Raval",78,3,2,"1ª","Más de 50 años","","Central","",1,60,"No","Sí","No",30.22,"4"
1250,"Vilapicina La Torre Llobeta",55,3,2,"1ª","Más de 50 años","","","",1,60,"No","No","No",22.73,"4"
1464,"Eixample Sant Antoni",65,3,2,"1ª","Más de 50 años","","","",1,60,"No","No","No",22.52,"4"
1430,"El Besos El Maresme",24,3,2,"1ª","Más de 50 años","","Central","",1,60,"No","Sí","No",59.58,"4"
2400,"El Fort Pienc",40,3,2,"1ª","Más de 50 años","","Central","",1,60,"No","Sí","No",60,"4"
2550,"Gracia La Salut",60,3,2,"1ª","Más de 50 años","","","",1,60,"No","No","No",42.5,"4"
3000,"Gracia La Salut",75,3,2,"1ª","Más de 50 años","","","",1,60,"No","No","No",40,"4"
2850,"Sant Pere Santa Caterina La Ribera",62,3,2,"1ª","Más de 50 años","","","",1,60,"No","No","No",45.97,"4"
2850,"Gracia La Salut",75,3,2,"1ª","Más de 50 años","","","",1,60,"No","No","No",38,"4"
3000,"Gracia La Salut",76,3,2,"1ª","Más de 50 años","","","",1,60,"No","No","No",39.47,"4"
2550,"Gracia La Salut",75,3,2,"1ª","Más de 50 años","","","",1,60,"No","No","No",34,"4"
3750,"Gracia La Salut",60,3,2,"1ª","Más de 50 años","","","",1,60,"No","No","No",62.5,"4"
2550,"Gracia La Salut",60,3,2,"1ª","Más de 50 años","","","",1,60,"No","No","No",42.5,"4"
3000,"Gracia La Salut",60,3,2,"1ª","Más de 50 años","","","",1,60,"No","No","No",50,"4"
3000,"Gracia La Salut",75,3,2,"1ª","Más de 50 años","","","",1,60,"No","No","No",40,"4"
2850,"Gracia La Salut",75,3,2,"1ª","Más de 50 años","","","",1,60,"No","No","No",38,"4"
2850,"Gracia La Salut",75,3,2,"1ª","Más de 50 años","","","",1,60,"No","No","No",38,"4"
2850,"Gracia La Salut",76,3,2,"1ª","Más de 50 años","","","",1,60,"No","No","No",37.5,"4"
3000,"Gracia La Salut",76,3,2,"1ª","Más de 50 años","","","",1,60,"No","No","No",39.47,"4"
2550,"Les Corts Barrio",40,3,2,"1ª","Más de 50 años","","","",1,60,"No","No","No",63.75,"4"
3000,"Les Corts Barrio",62,3,2,"1ª","Más de 50 años","","","",1,60,"No","No","No",48.39,"4"
3000,"Les Corts Barrio",65,3,2,"1ª","Más de 50 años","","","",1,60,"No","No","No",46.15,"4"
3000,"Les Corts Barrio",50,3,2,"1ª","Más de 50 años","","","",1,60,"No","No","No",60,"4"
3000,"Les Corts Barrio",60,3,2,"1ª","Más de 50 años","","","",1,60,"No","No","No",50,"4"
2850,"Les Corts Barrio",65,3,2,"1ª","Más de 50 años","","","",1,60,"No","No","No",43.85,"4"
2850,"Antiga Esquerra De Eixample",55,3,2,"1ª","Más de 50 años","","","",1,60,"No","No","No",51.82,"4"
3300,"La Dreta De Eixample",90,3,2,"1ª","Más de 50 años","","","",1,60,"No","No","No",36.67,"3"
3150,"Antiga Esquerra De Eixample",55,3,2,"1ª","Más de 50 años","","","",1,60,"No","No","No",57.27,"4"
2850,"Antiga Esquerra De Eixample",55,3,2,"1ª","Más de 50 años","","","",1,60,"No","No","No",51.82,"4"
3150,"Antiga Esquerra De Eixample",65,3,2,"1ª","Más de 50 años","","","",1,60,"No","No","No",48.46,"4"
2850,"Antiga Esquerra De Eixample",55,3,2,"1ª","Más de 50 años","","","",1,60,"No","No","No",51.82,"4"
3000,"Les Corts Barrio",65,3,2,"1ª","Más de 50 años","","","",1,60,"No","No","No",46.15,"4"
2850,"Antiga Esquerra De Eixample",55,3,2,"1ª","Más de 50 años","","","",1,60,"No","No","No",51.82,"4"
3300,"Antiga Esquerra De Eixample",65,3,2,"1ª","Más de 50 años","","","",1,60,"No","No","No",50.77,"4"
3000,"Antiga Esquerra De Eixample",65,3,2,"1ª","Más de 50 años","","","",1,60,"No","No","No",46.15,"4"
3750,"La Dreta De Eixample",75,3,2,"1ª","Más de 50 años","","","",1,60,"No","No","No",50,"3"
2700,"Sant Pere Santa Caterina La Ribera",57,3,2,"1ª","Más de 50 años","","","",1,60,"No","No","No",47.37,"4"
2700,"Sant Gervasi Galvany",55,3,2,"1ª","Más de 50 años","","","",1,60,"No","No","No",49.09,"4"
3950,"Sant Pere Santa Caterina La Ribera",130,3,2,"1ª","Más de 50 años","","","",1,60,"No","No","No",30.38,"3"
2808,"La Sagrada Familia",57,3,2,"1ª","Más de 50 años","","Central","",1,60,"No","Sí","No",49.26,"4"
2964,"La Sagrada Familia",57,3,2,"1ª","Más de 50 años","","","",1,60,"No","No","No",52,"4"
3300,"La Sagrada Familia",67,3,2,"1ª","Más de 50 años","","","",1,60,"No","No","No",49.25,"4"
3300,"La Sagrada Familia",67,3,2,"1ª","Más de 50 años","","","",1,60,"No","No","No",49.25,"4"
3126,"El Fort Pienc",75,3,2,"1ª","Más de 50 años","","","",1,60,"No","No","No",41.68,"4"
3000,"La Sagrada Familia",57,3,2,"1ª","Más de 50 años","","","",1,60,"No","No","No",52.63,"4"
1350,"El Fort Pienc",95,3,2,"1ª","Más de 50 años","","","",1,60,"No","No","No",14.21,"4"
3100,"Ciutat Vella La Barceloneta",110,3,2,"1ª","Más de 50 años","","","",1,60,"No","No","No",28.18,"3"
1880,"El Barri Gotic",65,3,2,"1ª","Más de 50 años","","","",1,60,"No","No","No",28.92,"4"
1455,"El Poble Sec",60,3,2,"1ª","Más de 50 años","","","",1,60,"No","No","No",24.25,"4"
1250,"El Camp De Arpa Del Clot",85,3,2,"1ª","Más de 50 años","","","",1,60,"No","No","No",14.71,"4"
850,"Sants Badal",28,3,2,"1ª","Más de 50 años","","","",1,60,"No","No","No",30.36,"4"
850,"Sants Montjuic Sants",25,3,2,"1ª","Más de 50 años","","","",1,60,"No","No","No",34,"4"
2000,"El Clot",75,3,2,"1ª","Más de 50 años","","","",1,60,"No","No","No",26.67,"4"
850,"Sants Montjuic Sants",25,3,2,"1ª","Más de 50 años","","","",1,60,"No","No","No",34,"4"
850,"Sants Montjuic Sants",25,3,2,"1ª","Más de 50 años","","","",1,60,"No","No","No",34,"4"
2300,"La Vila De Gracia",100,3,2,"1ª","Más de 50 años","","","",1,60,"No","No","No",23,"3"
2100,"La Vila De Gracia",80,3,2,"1ª","Más de 50 años","","","",1,60,"No","No","No",26.25,"4"
2450,"La Vila De Gracia",120,3,2,"1ª","Más de 50 años","","","",1,60,"No","No","No",20.42,"3"
1900,"La Vila De Gracia",60,3,2,"1ª","Más de 50 años","","","",1,60,"No","No","No",31.67,"4"
1900,"La Vila De Gracia",65,3,2,"1ª","Más de 50 años","","","",1,60,"No","No","No",29.23,"4"
1300,"El Barri Gotic",40,3,2,"1ª","Más de 50 años","","","",1,60,"No","No","No",32.5,"4"
2000,"La Vila De Gracia",100,3,2,"1ª","Más de 50 años","","","",1,60,"No","No","No",20,"4"
2300,"Antiga Esquerra De Eixample",80,3,2,"1ª","Más de 50 años","","","",1,60,"No","No","No",28.75,"4"
1438,"Sant Marti El Poblenou",70,3,2,"1ª","Más de 50 años","","","",1,60,"No","No","No",20.54,"4"
1213,"El Raval",63,3,2,"1ª","Más de 50 años","","","",1,60,"No","No","No",19.25,"4"
1375,"El Barri Gotic",58,3,2,"1ª","Más de 50 años","","","",1,60,"No","No","No",23.71,"4"
2300,"La Dreta De Eixample",75,3,2,"1ª","Más de 50 años","","","",1,60,"No","No","No",30.67,"4"
1700,"Antiga Esquerra De Eixample",97,3,2,"1ª","Más de 50 años","","Central","",1,60,"No","Sí","No",17.53,"4"
3000,"El Fort Pienc",80,3,2,"1ª","Más de 50 años","","Central","",1,60,"No","Sí","No",37.5,"4"
2524,"La Nova Esquerra De Eixample",80,3,2,"1ª","Más de 50 años","","Central","",1,60,"No","Sí","No",31.55,"4"
2300,"La Dreta De Eixample",75,3,2,"1ª","Más de 50 años","","","",1,60,"No","No","No",30.67,"4"
1400,"Montbau",60,3,2,"1ª","Más de 50 años","","","",1,60,"No","No","No",23.33,"4"
1800,"El Parc La Llacuna Del Poblenou",70,3,2,"1ª","Más de 50 años","","","",1,60,"No","No","No",25.71,"4"
1800,"El Fort Pienc",40,3,2,"1ª","Más de 50 años","","","",1,60,"No","No","No",45,"4"
1763,"El Raval",47,3,2,"1ª","Más de 50 años","","Central","",1,60,"No","Sí","No",37.51,"4"
2357,"El Raval",78,3,2,"1ª","Más de 50 años","","Central","",1,60,"No","Sí","No",30.22,"4"
2205,"El Raval",50,3,2,"1ª","Más de 50 años","","Central","",1,60,"No","Sí","No",44.1,"4"
1865,"El Raval",47,3,2,"1ª","Más de 50 años","","Central","",1,60,"No","Sí","No",39.68,"4"
1911,"El Raval",47,3,2,"1ª","Más de 50 años","","Central","",1,60,"No","Sí","No",40.66,"4"
1932,"Ciutat Vella La Barceloneta",33,3,2,"1ª","Más de 50 años","","Central","",1,60,"No","Sí","No",58.55,"4"
2195,"El Raval",47,3,2,"1ª","Más de 50 años","","Central","",1,60,"No","Sí","No",46.7,"4"
2176,"El Raval",50,3,2,"1ª","Más de 50 años","","Central","",1,60,"No","Sí","No",43.52,"4"
1946,"El Raval",47,3,2,"1ª","Más de 50 años","","Central","",1,60,"No","Sí","No",41.4,"4"
2357,"El Raval",68,3,2,"1ª","Más de 50 años","","Central","",1,60,"No","Sí","No",34.66,"4"
1400,"La Vila De Gracia",50,3,2,"1ª","Más de 50 años","","","",1,60,"No","No","No",28,"4"
2400,"El Fort Pienc",40,3,2,"1ª","Más de 50 años","","Central","",1,60,"No","Sí","No",60,"4"
2150,"El Camp En Grassot Gracia Nova",90,3,2,"1ª","Más de 50 años","","","",1,60,"No","No","No",23.89,"4"
2400,"El Fort Pienc",40,3,2,"1ª","Más de 50 años","","Central","",1,60,"No","Sí","No",60,"4"
2400,"El Fort Pienc",60,3,2,"1ª","Más de 50 años","","Central","",1,60,"No","Sí","No",40,"4"
2700,"La Dreta De Eixample",145,3,2,"1ª","Más de 50 años","","","",1,60,"No","No","No",18.62,"3"
1050,"Sants Montjuic Hostafrancs",70,3,2,"1ª","Más de 50 años","","","",1,60,"No","No","No",15,"4"
3500,"El Fort Pienc",85,3,2,"1ª","Más de 50 años","","Central","",1,60,"No","Sí","No",41.18,"3"
1150,"Ciutat Vella La Barceloneta",42,3,2,"1ª","Más de 50 años","","","",1,60,"No","No","No",27.38,"4"
3000,"La Dreta De Eixample",75,3,2,"1ª","Más de 50 años","","","",1,60,"No","No","No",40,"4"
2400,"Eixample Sant Antoni",72,3,2,"1ª","Más de 50 años","","","",1,60,"No","No","No",33.33,"4"
2249,"La Dreta De Eixample",65,3,2,"1ª","Más de 50 años","","","",1,60,"No","No","No",34.6,"4"
1800,"El Fort Pienc",40,3,2,"1ª","Más de 50 años","","","",1,60,"No","No","No",45,"4"
2500,"Sant Andreu Barrio",35,3,2,"1ª","Más de 50 años","","","",1,60,"No","No","No",71.43,"4"
2600,"Sant Pere Santa Caterina La Ribera",70,3,2,"1ª","Más de 50 años","","","",1,60,"No","No","No",37.14,"4"
1220,"La Nova Esquerra De Eixample",67,3,2,"1ª","Más de 50 años","","Central","",1,60,"No","Sí","No",18.21,"4"
1380,"El Raval",80,3,2,"1ª","Más de 50 años","","","",1,60,"No","No","No",17.25,"4"
3600,"El Barri Gotic",80,3,2,"1ª","Más de 50 años","","","",1,60,"No","No","No",45,"3"
1800,"El Putxet El Farro",45,3,2,"1ª","Más de 50 años","","Central","",1,60,"No","Sí","No",40,"4"
1498,"El Raval",29,3,2,"1ª","Más de 50 años","","","",1,60,"No","No","No",51.66,"4"
2300,"Sants Montjuic Hostafrancs",75,3,2,"1ª","Más de 50 años","","","",1,60,"No","No","No",30.67,"4"
1600,"Sant Andreu Navas",70,3,2,"1ª","Más de 50 años","","Central","",1,60,"No","Sí","No",22.86,"4"
950,"Sants Montjuic Hostafrancs",50,3,2,"1ª","Más de 50 años","","","",1,60,"No","No","No",19,"4"
1640,"La Vila De Gracia",70,3,2,"1ª","Más de 50 años","","","",1,60,"No","No","No",23.43,"4"
1600,"Sant Andreu Barrio",65,3,2,"1ª","Más de 50 años","","Central","",1,60,"No","Sí","No",24.62,"4"
1080,"El Raval",130,3,2,"1ª","Más de 50 años","","","",1,60,"No","No","No",8.31,"3"
2490,"La Sagrada Familia",42,3,2,"1ª","Más de 50 años","","","",1,60,"No","No","No",59.29,"4"
1450,"El Besos El Maresme",32,3,2,"1ª","Más de 50 años","","","",1,60,"No","No","No",45.31,"4"
1050,"Sants Montjuic Hostafrancs",45,3,2,"1ª","Más de 50 años","","","",1,60,"No","No","No",23.33,"4"
1050,"Sants Montjuic Hostafrancs",45,3,2,"1ª","Más de 50 años","","","",1,60,"No","No","No",23.33,"4"
1480,"El Poble Sec",52,3,2,"1ª","Más de 50 años","","","",1,60,"No","No","No",28.46,"4"
1970,"El Barri Gotic",57,3,2,"1ª","Más de 50 años","","Central","",1,60,"No","Sí","No",34.56,"4"
3600,"El Barri Gotic",85,3,2,"1ª","Más de 50 años","","","",1,60,"No","No","No",42.35,"3"
2350,"La Dreta De Eixample",80,3,2,"1ª","Más de 50 años","","","",1,60,"No","No","No",29.38,"4"
1970,"El Barri Gotic",70,3,2,"1ª","Más de 50 años","","Central","",1,60,"No","Sí","No",28.14,"4"
2550,"Sant Gervasi Galvany",55,3,2,"1ª","Más de 50 años","","Central","",1,60,"No","Sí","No",46.36,"4"
2100,"El Fort Pienc",45,3,2,"1ª","Más de 50 años","","","",1,60,"No","No","No",46.67,"4"
1650,"El Barri Gotic",55,3,2,"1ª","Más de 50 años","","","",1,60,"No","No","No",30,"4"
2140,"El Barri Gotic",69,3,2,"1ª","Más de 50 años","","Central","",1,60,"No","Sí","No",31.01,"4"
1500,"Sants Montjuic Sants",45,3,2,"1ª","Más de 50 años","","","",1,60,"No","No","No",33.33,"4"
3500,"La Dreta De Eixample",170,3,2,"1ª","Más de 50 años","","Central","",1,60,"No","Sí","No",20.59,"3"
3500,"El Raval",96,3,2,"1ª","Más de 50 años","","","",1,60,"No","No","No",36.46,"3"
1899,"El Barri Gotic",100,3,2,"1ª","Más de 50 años","","","",1,60,"No","No","No",18.99,"4"
3280,"El Barri Gotic",83,3,2,"1ª","Más de 50 años","","Central","",1,60,"No","Sí","No",39.52,"3"
3500,"El Poble Sec",90,3,2,"1ª","Más de 50 años","","","",1,60,"No","No","No",38.89,"3"
2500,"El Barri Gotic",40,3,2,"1ª","Más de 50 años","","","",1,60,"No","No","No",62.5,"4"
1400,"La Vila De Gracia",60,3,2,"1ª","Más de 50 años","","","",1,60,"No","No","No",23.33,"4"
2950,"El Barri Gotic",70,3,2,"1ª","Más de 50 años","","","",1,60,"No","No","No",42.14,"4"
1500,"El Besos El Maresme",32,3,2,"1ª","Más de 50 años","","","",1,60,"No","No","No",46.88,"4"
2500,"Sant Gervasi Galvany",50,3,2,"1ª","Más de 50 años","","Central","",1,60,"No","Sí","No",50,"4"
2800,"Antiga Esquerra De Eixample",55,3,2,"1ª","Más de 50 años","","","",1,60,"No","No","No",50.91,"4"
1360,"El Besos El Maresme",18,3,2,"1ª","Más de 50 años","","","",1,60,"No","No","No",75.56,"4"
2140,"El Barri Gotic",69,3,2,"1ª","Más de 50 años","","Central","",1,60,"No","Sí","No",31.01,"4"
1330,"El Raval",68,3,2,"1ª","Más de 50 años","","Central","",1,60,"No","Sí","No",19.56,"4"
1700,"El Fort Pienc",40,3,2,"1ª","Más de 50 años","","","",1,60,"No","No","No",42.5,"4"
1130,"El Poble Sec",35,3,2,"1ª","Más de 50 años","","","",1,60,"No","No","No",32.29,"4"
1750,"Eixample Sant Antoni",40,3,2,"1ª","Más de 50 años","","","",1,60,"No","No","No",43.75,"4"
1680,"La Vila De Gracia",65,3,2,"1ª","Más de 50 años","","","",1,60,"No","No","No",25.85,"4"
2600,"El Barri Gotic",146,3,2,"1ª","Más de 50 años","","","",1,60,"No","No","No",17.81,"3"
2550,"Sant Gervasi Galvany",55,3,2,"1ª","Más de 50 años","","Central","",1,60,"No","Sí","No",46.36,"4"
1970,"El Barri Gotic",70,3,2,"1ª","Más de 50 años","","Central","",1,60,"No","Sí","No",28.14,"4"
1800,"Sants Badal",35,3,2,"1ª","Más de 50 años","","","",1,60,"No","No","No",51.43,"4"
3600,"La Dreta De Eixample",90,3,2,"1ª","Más de 50 años","","","",1,60,"No","No","No",40,"3"
1050,"Sants Montjuic Hostafrancs",65,3,2,"1ª","Más de 50 años","","","",1,60,"No","No","No",16.15,"4"
950,"Sants Montjuic Hostafrancs",25,3,2,"1ª","Más de 50 años","","","",1,60,"No","No","No",38,"4"
2500,"Sant Gervasi Galvany",50,3,2,"1ª","Más de 50 años","","Central","",1,60,"No","Sí","No",50,"4"
3800,"La Dreta De Eixample",70,3,2,"1ª","Más de 50 años","","","",1,60,"No","No","No",54.29,"3"
2550,"Sant Gervasi Galvany",52,3,2,"1ª","Más de 50 años","","Central","",1,60,"No","Sí","No",49.04,"4"
1800,"El Fort Pienc",40,3,2,"1ª","Más de 50 años","","","",1,60,"No","No","No",45,"4"
1750,"El Barri Gotic",45,3,2,"1ª","Más de 50 años","","Central","",1,60,"No","Sí","No",38.89,"4"
950,"Sants Montjuic Hostafrancs",50,3,2,"1ª","Más de 50 años","","","",1,60,"No","No","No",19,"4"
2500,"Ciutat Vella La Barceloneta",70,3,2,"1ª","Más de 50 años","","","",1,60,"No","No","No",35.71,"4"
950,"Sants Montjuic Hostafrancs",25,3,2,"1ª","Más de 50 años","","","",1,60,"No","No","No",38,"4"
3050,"La Dreta De Eixample",60,3,2,"1ª","Más de 50 años","","Central","",1,60,"No","Sí","No",50.83,"4"
2300,"El Raval",92,3,2,"1ª","Más de 50 años","","","",1,60,"No","No","No",25,"4"
950,"Sants Montjuic Hostafrancs",25,3,2,"1ª","Más de 50 años","","","",1,60,"No","No","No",38,"4"
1425,"Ciutat Vella La Barceloneta",60,3,2,"1ª","Más de 50 años","","","",1,60,"No","No","No",23.75,"4"
1050,"Sants Montjuic Hostafrancs",50,3,2,"1ª","Más de 50 años","","","",1,60,"No","No","No",21,"4"
2730,"Sant Pere Santa Caterina La Ribera",65,3,2,"1ª","Más de 50 años","","","",1,60,"No","No","No",42,"4"
2500,"El Raval",90,3,2,"1ª","Más de 50 años","","","",1,60,"No","No","No",27.78,"4"
950,"Sants Montjuic Hostafrancs",50,3,2,"1ª","Más de 50 años","","","",1,60,"No","No","No",19,"4"
2200,"Eixample Sant Antoni",75,3,2,"1ª","Más de 50 años","","","",1,60,"No","No","No",29.33,"4"
1480,"El Poble Sec",52,3,2,"1ª","Más de 50 años","","","",1,60,"No","No","No",28.46,"4"
1550,"El Raval",50,3,2,"1ª","Más de 50 años","","","",1,60,"No","No","No",31,"4"
1450,"La Dreta De Eixample",35,3,2,"1ª","Más de 50 años","","","",1,60,"No","No","No",41.43,"4"
1400,"4 0/",60,1,2,"1ª","Más de 50 años","","","",1,60,"No","No","No",23.33,"2"
1600,"Sant Pere Santa Caterina La Ribera",35,3,2,"1ª","Más de 50 años","","","",1,60,"No","No","No",45.71,"4"
1500,"Sant Pere Santa Caterina La Ribera",35,3,2,"1ª","Más de 50 años","","","",1,60,"No","No","No",42.86,"4"
1800,"El Raval",85,3,2,"1ª","Más de 50 años","","","",1,60,"No","No","No",21.18,"4"
1700,"El Barri Gotic",40,3,2,"1ª","Más de 50 años","","","",1,60,"No","No","No",42.5,"4"
1700,"El Barri Gotic",40,3,2,"1ª","Más de 50 años","","","",1,60,"No","No","No",42.5,"4"
1920,"El Barri Gotic",60,3,2,"1ª","Más de 50 años","","","",1,60,"No","No","No",32,"4"
1920,"El Barri Gotic",60,3,2,"1ª","Más de 50 años","","","",1,60,"No","No","No",32,"4"
1500,"El Barri Gotic",40,3,2,"1ª","Más de 50 años","","","",1,60,"No","No","No",37.5,"4"
790,"Sants Montjuic Sants",25,3,2,"1ª","Más de 50 años","","","",1,60,"No","No","No",31.6,"4"
1320,"El Raval",45,3,2,"1ª","Más de 50 años","","","",1,60,"No","No","No",29.33,"4"
1450,"Sants Badal",74,3,2,"1ª","Más de 50 años","","","",1,60,"No","No","No",19.59,"4"
1000,"Sant Gervasi La Bonanova",70,3,1,"1ª","Más de 50 años","","","",1,60,"No","No","No",14.29,"4"
1650,"La Vila De Gracia",72,3,2,"1ª","Más de 50 años","","","",1,60,"No","No","No",22.92,"4"
1100,"Vallcarca Els Penitents",40,3,2,"1ª","Más de 50 años","","","",1,60,"No","No","No",27.5,"4"
1600,"Ciutat Vella La Barceloneta",70,3,2,"1ª","Más de 50 años","","","",1,60,"No","No","No",22.86,"4"
1450,"La Nova Esquerra De Eixample",55,3,2,"1ª","Más de 50 años","","Central","",1,60,"No","Sí","No",26.36,"4"
2600,"El Poble Sec",80,3,2,"1ª","Más de 50 años","","Central","",1,60,"No","Sí","No",32.5,"4"
1600,"Antiga Esquerra De Eixample",90,3,2,"1ª","Más de 50 años","","","",1,60,"No","No","No",17.78,"4"
1900,"El Besos El Maresme",50,3,2,"1ª","Más de 50 años","","","",1,60,"No","No","No",38,"4"
2800,"La Vila De Gracia",35,3,2,"1ª","Más de 50 años","","","",1,60,"No","No","No",80,"4"
1600,"El Camp En Grassot Gracia Nova",70,3,2,"1ª","Más de 50 años","","","",1,60,"No","No","No",22.86,"4"
3500,"Antiga Esquerra De Eixample",90,3,2,"1ª","Más de 50 años","","Central","",1,60,"No","Sí","No",38.89,"3"
1760,"Sant Pere Santa Caterina La Ribera",50,3,2,"1ª","Más de 50 años","","Central","",1,60,"No","Sí","No",35.2,"4"
2400,"Sant Pere Santa Caterina La Ribera",60,3,2,"1ª","Más de 50 años","","Central","",1,60,"No","Sí","No",40,"4"
2300,"Eixample Sant Antoni",70,3,2,"1ª","Más de 50 años","","","",1,60,"No","No","No",32.86,"4"
850,"Sants Montjuic Sants",25,3,2,"1ª","Más de 50 años","","","",1,60,"No","No","No",34,"4"
1800,"La Vila De Gracia",60,3,2,"1ª","Más de 50 años","","","",1,60,"No","No","No",30,"4"
1400,"Gracia La Salut",70,3,2,"1ª","Más de 50 años","","","",1,60,"No","No","No",20,"4"
1750,"Horta Guinardo Horta",65,3,2,"1ª","Más de 50 años","","","",1,60,"No","No","No",26.92,"4"
1750,"El Fort Pienc",80,3,2,"1ª","Más de 50 años","","","",1,60,"No","No","No",21.88,"4"
2200,"La Vila De Gracia",80,3,2,"1ª","Más de 50 años","","","",1,60,"No","No","No",27.5,"4"
1900,"La Vila De Gracia",80,3,2,"1ª","Más de 50 años","","","",1,60,"No","No","No",23.75,"4"
1450,"La Sagrada Familia",60,3,2,"1ª","Más de 50 años","","","",1,60,"No","No","No",24.17,"4"
1650,"El Raval",40,3,2,"1ª","Más de 50 años","","","",1,60,"No","No","No",41.25,"4"
1800,"La Sagrada Familia",75,3,2,"1ª","Más de 50 años","","","",1,60,"No","No","No",24,"4"
1850,"La Vila De Gracia",90,3,2,"1ª","Más de 50 años","","","",1,60,"No","No","No",20.56,"4"
2100,"Les Corts Barrio",80,3,2,"1ª","Más de 50 años","","","",1,60,"No","No","No",26.25,"4"
1700,"Sant Gervasi Galvany",70,3,2,"1ª","Más de 50 años","","","",1,60,"No","No","No",24.29,"4"
2800,"La Dreta De Eixample",120,3,2,"1ª","Más de 50 años","","","",1,60,"No","No","No",23.33,"3"
1100,"El Raval",65,3,2,"1ª","Más de 50 años","","","",1,60,"No","No","No",16.92,"4"
1220,"El Raval",60,3,2,"1ª","Más de 50 años","","","",1,60,"No","No","No",20.33,"4"
1300,"Sant Marti De Provencals",45,3,2,"1ª","Más de 50 años","","Central","",1,60,"No","Sí","No",28.89,"4"
1550,"Sant Pere Santa Caterina La Ribera",55,3,2,"1ª","Más de 50 años","","","",1,60,"No","No","No",28.18,"4"
1500,"El Fort Pienc",69,3,2,"1ª","Más de 50 años","","","",1,60,"No","No","No",21.74,"4"
1500,"El Barri Gotic",82,3,2,"1ª","Más de 50 años","","","",1,60,"No","No","No",18.29,"4"
1190,"Ciutat Vella La Barceloneta",35,3,2,"1ª","Más de 50 años","","","",1,60,"No","No","No",34,"4"
1800,"El Baix Guinardo",80,3,2,"1ª","Más de 50 años","","","",1,60,"No","No","No",22.5,"4"
1300,"La Maternitat Sant Ramon",80,3,2,"1ª","Más de 50 años","","","",1,60,"No","No","No",16.25,"4"
1500,"El Raval",70,3,2,"1ª","Más de 50 años","","","",1,60,"No","No","No",21.43,"4"
1200,"El Coll",55,3,2,"1ª","Más de 50 años","","","",1,60,"No","No","No",21.82,"4"
1200,"El Raval",55,3,2,"1ª","Más de 50 años","","","",1,60,"No","No","No",21.82,"4"
1650,"El Coll",75,3,2,"1ª","Más de 50 años","","","",1,60,"No","No","No",22,"4"
1800,"Eixample Sant Antoni",90,3,2,"1ª","Más de 50 años","","","",1,60,"No","No","No",20,"4"
2030,"El Barri Gotic",60,3,2,"1ª","Más de 50 años","","","",1,60,"No","No","No",33.83,"4"
1620,"Sant Marti El Poblenou",75,3,2,"1ª","Más de 50 años","","","",1,60,"No","No","No",21.6,"4"
1750,"La Nova Esquerra De Eixample",65,3,2,"1ª","Más de 50 años","","","",1,60,"No","No","No",26.92,"4"
1300,"Sant Andreu Barrio",20,3,2,"1ª","Más de 50 años","","","",1,60,"No","No","No",65,"4"
1000,"El Barri Gotic",60,3,2,"1ª","Más de 50 años","","","",1,60,"No","No","No",16.67,"4"
1950,"La Vila De Gracia",70,3,2,"1ª","Más de 50 años","","","",1,60,"No","No","No",27.86,"4"
3600,"La Vila De Gracia",160,3,2,"1ª","Más de 50 años","","","",1,60,"No","No","No",22.5,"3"
2950,"El Barri Gotic",85,3,2,"1ª","Más de 50 años","","Central","",1,60,"No","Sí","No",34.71,"3"
2600,"Antiga Esquerra De Eixample",85,3,2,"1ª","Más de 50 años","","","",1,60,"No","No","No",30.59,"4"
1200,"La Vila De Gracia",68,3,2,"1ª","Más de 50 años","","","",1,60,"No","No","No",17.65,"4"
1100,"El Raval",77,3,2,"1ª","Más de 50 años","","","",1,60,"No","No","No",14.29,"4"
1450,"El Poble Sec",55,3,2,"1ª","Más de 50 años","","","",1,60,"No","No","No",26.36,"4"
2600,"Sant Pere Santa Caterina La Ribera",70,3,2,"1ª","Más de 50 años","","","",1,60,"No","No","No",37.14,"4"
2500,"La Dreta De Eixample",50,3,2,"1ª","Más de 50 años","","Central","",1,60,"No","Sí","No",50,"4"
1400,"El Raval",65,3,2,"1ª","Más de 50 años","","","",1,60,"No","No","No",21.54,"4"
2350,"Eixample Sant Antoni",60,3,2,"1ª","Más de 50 años","","","",1,60,"No","No","No",39.17,"4"
1360,"El Raval",60,3,2,"1ª","Más de 50 años","","","",1,60,"No","No","No",22.67,"4"
2500,"Provencals Del Poblenou",28,3,2,"1ª","Más de 50 años","","Central","",1,60,"No","Sí","No",89.29,"4"
2000,"Provencals Del Poblenou",16,3,2,"1ª","Más de 50 años","","Central","",1,60,"No","Sí","No",125,"4"
2600,"Provencals Del Poblenou",28,3,2,"1ª","Más de 50 años","","Central","",1,60,"No","Sí","No",92.86,"4"
2450,"Provencals Del Poblenou",22,3,2,"1ª","Más de 50 años","","Central","",1,60,"No","Sí","No",111.36,"4"
1150,"Sarria Sant Gervasi Sarria",40,3,2,"1ª","Más de 50 años","","","",1,60,"No","No","No",28.75,"4"
2300,"Sant Gervasi La Bonanova",81,3,2,"1ª","Más de 50 años","","","",1,60,"No","No","No",28.4,"4"
1000,"Sant Pere Santa Caterina La Ribera",25,3,2,"1ª","Más de 50 años","","","",1,60,"No","No","No",40,"4"
1550,"El Raval",55,3,2,"1ª","Más de 50 años","","","",1,60,"No","No","No",28.18,"4"
1030,"La Vila De Gracia",25,3,2,"1ª","Más de 50 años","","","",1,60,"No","No","No",41.2,"4"
1900,"Eixample Sant Antoni",35,3,2,"1ª","Más de 50 años","","","",1,60,"No","No","No",54.29,"4"
1200,"Sants Badal",60,3,2,"1ª","Más de 50 años","","","",1,60,"No","No","No",20,"4"
1140,"El Raval",35,3,2,"1ª","Más de 50 años","","","",1,60,"No","No","No",32.57,"4"
1500,"7 0/",75,2,1,"1ª","Más de 50 años","","","",1,60,"No","No","No",20,"1"
1900,"El Camp En Grassot Gracia Nova",50,3,2,"1ª","Más de 50 años","","","",1,60,"No","No","No",38,"4"
1215,"El Raval",49,3,2,"1ª","Más de 50 años","","Central","",1,60,"No","Sí","No",24.8,"4"
1750,"La Vila De Gracia",22,3,2,"1ª","Más de 50 años","","Central","",1,60,"No","Sí","No",79.55,"4"
1150,"La Maternitat Sant Ramon",28,3,2,"1ª","Más de 50 años","","","",1,60,"No","No","No",41.07,"4"
850,"Sants Montjuic Sants",30,3,2,"1ª","Más de 50 años","","","",1,60,"No","No","No",28.33,"4"
1750,"La Vila De Gracia",60,3,2,"1ª","Más de 50 años","","","",1,60,"No","No","No",29.17,"4"
1190,"El Carmel",65,3,2,"1ª","Más de 50 años","","","",1,60,"No","No","No",18.31,"4"
925,"El Raval",39,3,2,"1ª","Más de 50 años","","","",1,60,"No","No","No",23.72,"4"
1260,"El Raval",40,3,2,"1ª","Más de 50 años","","","",1,60,"No","No","No",31.5,"4"
1200,"El Poble Sec",34,3,2,"1ª","Más de 50 años","","","",1,60,"No","No","No",35.29,"4"
1750,"El Poble Sec",74,3,2,"1ª","Más de 50 años","","","",1,60,"No","No","No",23.65,"4"
1800,"El Raval",97,3,2,"1ª","Más de 50 años","","","",1,60,"No","No","No",18.56,"4"
1795,"La Nova Esquerra De Eixample",71,3,2,"1ª","Más de 50 años","","","",1,60,"No","No","No",25.28,"4"
1350,"El Raval",50,3,2,"1ª","Más de 50 años","","","",1,60,"No","No","No",27,"4"
2415,"El Raval",97,3,2,"1ª","Más de 50 años","","","",1,60,"No","No","No",24.9,"3"
1260,"El Coll",27,3,2,"1ª","Más de 50 años","","","",1,60,"No","No","No",46.67,"4"
1750,"El Raval",97,3,2,"1ª","Más de 50 años","","","",1,60,"No","No","No",18.04,"4"
1750,"El Poble Sec",74,3,2,"1ª","Más de 50 años","","","",1,60,"No","No","No",23.65,"4"
1214,"El Besos El Maresme",69,3,2,"1ª","Más de 50 años","","","",1,60,"No","No","No",17.59,"4"
1750,"El Poble Sec",74,3,2,"1ª","Más de 50 años","","","",1,60,"No","No","No",23.65,"4"
1650,"El Camp En Grassot Gracia Nova",57,3,2,"1ª","Más de 50 años","","","",1,60,"No","No","No",28.95,"4"
1750,"El Poble Sec",69,3,2,"1ª","Más de 50 años","","","",1,60,"No","No","No",25.36,"4"
950,"Sant Andreu Barrio",34,3,2,"1ª","Más de 50 años","","","",1,60,"No","No","No",27.94,"4"
2300,"El Barri Gotic",130,3,2,"1ª","Más de 50 años","","","",1,60,"No","No","No",17.69,"3"
3000,"Gracia La Salut",94,3,2,"1ª","Más de 50 años","","","",1,60,"No","No","No",31.91,"3"
1750,"El Poble Sec",69,3,2,"1ª","Más de 50 años","","","",1,60,"No","No","No",25.36,"4"
1095,"Sant Pere Santa Caterina La Ribera",35,3,2,"1ª","Más de 50 años","","","",1,60,"No","No","No",31.29,"4"
2700,"Antiga Esquerra De Eixample",70,3,2,"1ª","Más de 50 años","","","",1,60,"No","No","No",38.57,"4"
1187,"El Besos El Maresme",75,3,2,"1ª","Más de 50 años","","","",1,60,"No","No","No",15.83,"4"
1260,"Sant Pere Santa Caterina La Ribera",50,3,2,"1ª","Más de 50 años","","","",1,60,"No","No","No",25.2,"4"
1300,"Eixample Sant Antoni",65,3,2,"1ª","Más de 50 años","","","",1,60,"No","No","No",20,"4"
1100,"Sant Pere Santa Caterina La Ribera",35,3,2,"1ª","Más de 50 años","","","",1,60,"No","No","No",31.43,"4"
1970,"El Barri Gotic",62,3,2,"1ª","Más de 50 años","","","",1,60,"No","No","No",31.77,"4"
2524,"La Nova Esquerra De Eixample",85,3,2,"1ª","Más de 50 años","","","",1,60,"No","No","No",29.69,"4"
1350,"Sant Pere Santa Caterina La Ribera",35,3,2,"1ª","Más de 50 años","","","",1,60,"No","No","No",38.57,"4"
2701,"El Raval",78,3,2,"1ª","Más de 50 años","","","",1,60,"No","No","No",34.63,"4"
2239,"El Raval",47,3,2,"1ª","Más de 50 años","","","",1,60,"No","No","No",47.64,"4"
1265,"El Barri Gotic",50,3,2,"1ª","Más de 50 años","","","",1,60,"No","No","No",25.3,"4"
1400,"El Clot",60,3,2,"1ª","Más de 50 años","","","",1,60,"No","No","No",23.33,"4"
1400,"Sant Pere Santa Caterina La Ribera",35,3,2,"1ª","Más de 50 años","","","",1,60,"No","No","No",40,"4"
3700,"La Dreta De Eixample",170,3,2,"1ª","Más de 50 años","","","",1,60,"No","No","No",21.76,"3"
1100,"El Raval",37,3,2,"1ª","Más de 50 años","","","",1,60,"No","No","No",29.73,"4"
1970,"El Barri Gotic",62,3,2,"1ª","Más de 50 años","","","",1,60,"No","No","No",31.77,"4"
1700,"El Barri Gotic",40,3,2,"1ª","Más de 50 años","","","",1,60,"No","No","No",42.5,"4"
1275,"Sant Pere Santa Caterina La Ribera",35,3,2,"1ª","Más de 50 años","","","",1,60,"No","No","No",36.43,"4"
1920,"El Barri Gotic",60,3,2,"1ª","Más de 50 años","","","",1,60,"No","No","No",32,"4"
2000,"El Barri Gotic",75,3,2,"1ª","Más de 50 años","","","",1,60,"No","No","No",26.67,"4"
1350,"Sant Pere Santa Caterina La Ribera",35,3,2,"1ª","Más de 50 años","","","",1,60,"No","No","No",38.57,"4"
1200,"Estudio La Vila De Gracia",28,3,1,"1ª","Más de 50 años","","","",1,60,"No","No","No",42.86,"4"
1552,"Provencals Del Poblenou",16,3,2,"1ª","Más de 50 años","","Central","",1,60,"No","Sí","No",97,"4"
1338,"Provencals Del Poblenou",12,3,2,"1ª","Más de 50 años","","Central","",1,60,"No","Sí","No",111.5,"4"
1605,"Provencals Del Poblenou",16,3,2,"1ª","Más de 50 años","","Central","",1,60,"No","Sí","No",100.31,"4"
1391,"Provencals Del Poblenou",12,3,2,"1ª","Más de 50 años","","Central","",1,60,"No","Sí","No",115.92,"4"
1050,"El Barri Gotic",41,3,2,"1ª","Más de 50 años","","","",1,60,"No","No","No",25.61,"4"
2100,"1 0/",66,2,1,"1ª","Más de 50 años","","","",1,60,"No","No","No",31.82,"1"
2050,"4 0/",70,2,1,"1ª","Más de 50 años","","","",1,60,"No","No","No",29.29,"1"
2050,"9 0/",66,2,1,"1ª","Más de 50 años","","","",1,60,"No","No","No",31.06,"1"
2500,"5 0/",75,4,2,"1ª","Más de 50 años","","","",1,60,"No","No","No",33.33,"4"
1700,"Les Corts Barrio",50,3,2,"1ª","Más de 50 años","","","",1,60,"No","No","No",34,"4"
3000,"La Vila De Gracia",85,3,2,"1ª","Más de 50 años","","","",1,60,"No","No","No",35.29,"3"
1700,"El Camp De Arpa Del Clot",80,3,2,"1ª","Más de 50 años","","","",1,60,"No","No","No",21.25,"4"
1800,"El Raval",97,3,2,"1ª","Más de 50 años","","","",1,60,"No","No","No",18.56,"4"
1390,"Sants Montjuic La Bordeta",65,3,2,"1ª","Más de 50 años","","","",1,60,"No","No","No",21.38,"4"
1200,"Sant Marti El Poblenou",65,3,2,"1ª","Más de 50 años","","","",1,60,"No","No","No",18.46,"4"
1200,"El Raval",45,3,2,"1ª","Más de 50 años","","","",1,60,"No","No","No",26.67,"4"
900,"El Barri Gotic",60,3,2,"1ª","Más de 50 años","","","",1,60,"No","No","No",15,"4"
1996,"La Sagrada Familia",69,3,2,"1ª","Más de 50 años","","","",1,60,"No","No","No",28.93,"4"
890,"La Sagrada Familia",30,3,2,"1ª","Más de 50 años","","","",1,60,"No","No","No",29.67,"4"
1400,"El Camp En Grassot Gracia Nova",50,3,2,"1ª","Más de 50 años","","","",1,60,"No","No","No",28,"4"
800,"El Raval",35,3,2,"1ª","Más de 50 años","","","",1,60,"No","No","No",22.86,"4"
1249,"El Poble Sec",55,3,2,"1ª","Más de 50 años","","","",1,60,"No","No","No",22.71,"4"
2460,"Sant Pere Santa Caterina La Ribera",90,3,2,"1ª","Más de 50 años","","","",1,60,"No","No","No",27.33,"4"
1330,"El Poble Sec",52,3,2,"1ª","Más de 50 años","","","",1,60,"No","No","No",25.58,"4"
1330,"El Poble Sec",52,3,2,"1ª","Más de 50 años","","","",1,60,"No","No","No",25.58,"4"
1330,"El Poble Sec",52,3,2,"1ª","Más de 50 años","","","",1,60,"No","No","No",25.58,"4"
1575,"Sant Gervasi Galvany",25,3,2,"1ª","Más de 50 años","","","",1,60,"No","No","No",63,"4"
1800,"La Dreta De Eixample",60,3,2,"1ª","Más de 50 años","","","",1,60,"No","No","No",30,"4"
1040,"La Vila Olimpica Del Poblenou",75,3,2,"1ª","Más de 50 años","","","",1,60,"No","No","No",13.87,"4"
1400,"El Barri Gotic",97,3,2,"1ª","Más de 50 años","","","",1,60,"No","No","No",14.43,"4"
795,"La Nova Esquerra De Eixample",67,3,2,"1ª","Más de 50 años","","","",1,60,"No","No","No",11.87,"4"
1250,"La Vila De Gracia",60,3,2,"1ª","Más de 50 años","","","",1,60,"No","No","No",20.83,"4"
1370,"El Clot",65,3,2,"1ª","Más de 50 años","","","",1,60,"No","No","No",21.08,"4"
1330,"El Poble Sec",50,3,2,"1ª","Más de 50 años","","","",1,60,"No","No","No",26.6,"4"
1400,"El Barri Gotic",40,3,2,"1ª","Más de 50 años","","","",1,60,"No","No","No",35,"4"
1265,"El Barri Gotic",50,3,2,"1ª","Más de 50 años","","","",1,60,"No","No","No",25.3,"4"
1410,"El Poble Sec",50,3,2,"1ª","Más de 50 años","","","",1,60,"No","No","No",28.2,"4"
1360,"El Poble Sec",50,3,2,"1ª","Más de 50 años","","","",1,60,"No","No","No",27.2,"4"
1480,"El Poble Sec",50,3,2,"1ª","Más de 50 años","","","",1,60,"No","No","No",29.6,"4"
1400,"El Raval",55,3,2,"1ª","Más de 50 años","","","",1,60,"No","No","No",25.45,"4"
2800,"Antiga Esquerra De Eixample",90,3,2,"1ª","Más de 50 años","","","",1,60,"No","No","No",31.11,"3"
1950,"Sant Marti El Poblenou",38,3,2,"1ª","Más de 50 años","","","",1,60,"No","No","No",51.32,"4"
2000,"Sant Marti El Poblenou",53,3,2,"1ª","Más de 50 años","","","",1,60,"No","No","No",37.74,"4"
2200,"Les Tres Torres",135,3,3,"2ª","Más de 50 años","","","Amueblada sin electrodomésticos",2,60,"No","No","Sí",16.3,"3"
1050,"El Raval",30,3,2,"1ª","Más de 50 años","","","",1,60,"No","No","No",35,"4"
2300,"Les Corts Barrio",90,3,2,"1ª","Más de 50 años","","","",1,60,"No","No","No",25.56,"4"
1100,"El Raval",60,3,2,"1ª","Más de 50 años","","","",1,60,"No","No","No",18.33,"4"
1010,"El Raval",39,3,2,"1ª","Más de 50 años","","","",1,60,"No","No","No",25.9,"4"
1250,"La Guineueta",26,3,2,"1ª","Más de 50 años","","","",1,60,"No","No","No",48.08,"4"
1450,"El Putxet El Farro",50,3,2,"1ª","Más de 50 años","","Central","",1,60,"No","Sí","No",29,"4"
1500,"Sant Pere Santa Caterina La Ribera",65,3,2,"1ª","Más de 50 años","","","",1,60,"No","No","No",23.08,"4"
1900,"El Barri Gotic",90,3,2,"1ª","Más de 50 años","","","",1,60,"No","No","No",21.11,"4"
1150,"Sant Andreu Barrio",55,3,2,"1ª","Más de 50 años","","","",1,60,"No","No","No",20.91,"4"
1150,"Sant Andreu Barrio",55,3,2,"1ª","Más de 50 años","","","",1,60,"No","No","No",20.91,"4"
3700,"La Dreta De Eixample",170,3,2,"1ª","Más de 50 años","","","",1,60,"No","No","No",21.76,"3"
2400,"8 0/",75,3,2,"1ª","Más de 50 años","","","",1,60,"No","No","No",32,"4"
1300,"El Raval",35,3,2,"1ª","Más de 50 años","","","",1,60,"No","No","No",37.14,"4"
750,"El Baix Guinardo",20,3,2,"1ª","Más de 50 años","","","",1,60,"No","No","No",37.5,"4"
2000,"2 0/",75,2,1,"1ª","Más de 50 años","","","",1,60,"No","No","No",26.67,"1"
900,"El Camp De Arpa Del Clot",35,3,2,"1ª","Más de 50 años","","","",1,60,"No","No","No",25.71,"4"
2500,"La Sagrada Familia",100,3,2,"1ª","Más de 50 años","","","",1,60,"No","No","No",25,"3"
5800,"Sant Gervasi Galvany",200,4,3,"1ª","Más de 50 años","","","",1,60,"No","No","No",29,"5"
1390,"El Fort Pienc",38,3,2,"1ª","Más de 50 años","","","",1,60,"No","No","No",36.58,"4"
3900,"Sant Gervasi Galvany",210,3,4,"3ª","Más de 50 años","","Eléctrica","",3,60,"No","Sí","No",18.57,"3"
2300,"La Nova Esquerra De Eixample",118,4,2,"7ª","Entre 30 y 50 años","Más de 2","Gas natural","",7,40,"Sí","Sí","No",19.49,"3"
3500,"El Guinardo",180,4,3,"7ª","Más de 50 años","2","Gas natural","",7,60,"Sí","Sí","No",19.44,"3"
2114,"La Nova Esquerra De Eixample",80,3,1,"9ª","Más de 50 años","","Gas natural","",9,60,"No","Sí","No",26.42,"4"
